customer_id,customer_name,customer_age,customer_gender,customer_segment,loyalty_tier,country,state,city,region,product_id,product_name,product_category,subcategory,brand,transaction_id,order_date,shipment_date,payment_method,sales_channel,currency,quantity,unit_price,discount,tax,shipping_cost,total_sales,profit,profit_margin,warehouse,delivery_days,supplier,inventory_level,return_flag,website_visits,cart_size,coupon_used,session_duration,load_date
CUST100125,David Robinson,47,Male,Small Business,Gold,Germany,Hesse,Frankfurt,Europe,PRD20740,Zentek Cameras 938,Electronics,Cameras,Zentek,TXN21000000,2026-02-13T16:28:00Z,2026-02-19T16:28:00Z,Credit Card,In-Store,EUR,3,1163.31,0.134,275.79,11.95,3310.02,554.2,0.1674,WH-APAC-02,6,Anchor Wholesale,344,0,3,5,0,6.8,2026-01-02
CUST114825,Karen Jackson,50,Female,Small Business,Silver,Canada,Quebec,Quebec City,North America,PRD20313,DriveMax Accessories 943,Automotive,Accessories,DriveMax,TXN21000001,2026-02-10T15:56:00Z,2026-02-14T15:56:00Z,Gift Card,In-Store,CAD,3,257.66,0.08,107.5,13.34,831.98,244.88,0.2943,WH-APAC-01,4,Pinnacle Supply Co,514,0,9,6,0,10.6,2026-01-02
CUST115961,Wei Rivera,53,Female,Consumer,Bronze,Germany,Hesse,Frankfurt,Europe,PRD21074,Domus Appliances 919,Home & Kitchen,Appliances,Domus,TXN21000002,2026-02-01T00:34:00Z,2026-02-06T00:34:00Z,Digital Wallet,Online,EUR,4,763.76,0.19,284.77,1.61,2760.96,727.1,0.2634,WH-LATAM-01,5,Meridian Traders,312,0,4,4,1,10.1,2026-01-02
CUST114068,Sarah Hill,59,Male,Consumer,Platinum,Vietnam,Ho Chi Minh,Ho Chi Minh City,Asia Pacific,PRD20919,KidJoy Board Games 223,Toys & Games,Board Games,KidJoy,TXN21000003,2026-02-15T03:03:00Z,2026-02-21T03:03:00Z,Credit Card,Online,VND,4,45.46,0.038,23.26,10.97,209.16,84.16,0.4024,WH-NA-01,6,Meridian Traders,154,0,5,7,0,7.7,2026-01-02
CUST123541,Linda Rivera,30,Female,Home Office,Bronze,India,Delhi,New Delhi,Asia Pacific,PRD20962,Zentek Security Cameras 608,Smart Home,Security Cameras,Zentek,TXN21000004,2026-02-18T21:18:00Z,2026-02-22T21:18:00Z,Bank Transfer,Call Center,INR,4,155.67,0.033,89.38,3.45,694.96,213.58,0.3073,WH-LATAM-01,4,Meridian Traders,588,0,3,5,0,13.4,2026-01-02
CUST107872,Valentina Brown,40,Male,Consumer,Bronze,UK,Wales,Cardiff,Europe,PRD20558,DriveMax Electronics 992,Automotive,Electronics,DriveMax,TXN21000005,2026-02-20T23:47:00Z,2026-02-28T23:47:00Z,Credit Card,In-Store,GBP,4,202.64,0.092,138.95,7.03,881.97,247.06,0.2801,WH-NA-01,8,Meridian Traders,166,0,8,5,0,6.9,2026-01-02
CUST104347,Yuki Thompson,42,Female,Consumer,Gold,Australia,New South Wales,Sydney,Asia Pacific,PRD21360,Harvest Beverages 141,Grocery,Beverages,Harvest,TXN21000006,2026-02-20T11:41:00Z,2026-02-26T11:41:00Z,Gift Card,Marketplace,AUD,3,33.31,0.107,11.47,3.29,104,16.49,0.1586,WH-EU-02,6,GlobalSource Ltd,442,0,3,5,0,8.4,2026-01-02
CUST121588,Chen Martin,48,Male,Home Office,Bronze,France,Ile-de-France,Paris,Europe,PRD20220,TechNova Cameras 726,Electronics,Cameras,TechNova,TXN21000007,2026-02-20T07:47:00Z,2026-02-26T07:47:00Z,Digital Wallet,In-Store,EUR,7,532.77,0.413,218.48,6.89,2414.52,-448.27,-0.1857,WH-APAC-02,6,Vertex Distribution,394,0,3,7,1,10.7,2026-01-02
CUST100563,Lucas Wilson,40,Male,Corporate,Silver,Mexico,Jalisco,Guadalajara,Latin America,PRD20306,Domus Furniture 838,Home & Kitchen,Furniture,Domus,TXN21000008,2026-02-04T00:19:00Z,2026-02-08T00:19:00Z,Debit Card,In-Store,MXN,7,46.49,0.084,31.97,6.69,336.75,111.95,0.3324,WH-EU-02,4,Vertex Distribution,569,0,6,8,0,4.1,2026-01-02
CUST103274,Joseph Jackson,48,Female,Home Office,Silver,USA,California,San Diego,North America,PRD21028,Domus Furniture 241,Home & Kitchen,Furniture,Domus,TXN21000009,2026-02-22T16:01:00Z,2026-02-25T16:01:00Z,Credit Card,Online,USD,6,560.97,0.122,207.45,8.07,3170.71,1029.94,0.3248,WH-APAC-01,3,Meridian Traders,607,0,4,9,0,19,2026-01-02
CUST118114,Elizabeth Williams,33,Male,Corporate,Bronze,Japan,Kanto,Tokyo,Asia Pacific,PRD20188,GearHead Electronics 393,Automotive,Electronics,GearHead,TXN21000010,2026-02-22T18:48:00Z,2026-02-26T18:48:00Z,Debit Card,Online,JPY,3,127.11,0.147,39.27,9.58,374.12,95.26,0.2546,WH-LATAM-01,4,Pinnacle Supply Co,384,0,10,5,0,12.4,2026-01-02
CUST117441,Diego Baker,57,Female,Consumer,Bronze,Mexico,Jalisco,Guadalajara,Latin America,PRD21248,KidJoy Board Games 168,Toys & Games,Board Games,KidJoy,TXN21000011,2026-02-03T07:34:00Z,2026-02-09T07:34:00Z,Digital Wallet,Online,MXN,4,89.6,0.083,53.47,10.48,392.6,149.74,0.3814,WH-APAC-01,6,Pinnacle Supply Co,350,0,7,4,0,5.4,2026-01-02
CUST109966,Yuki Scott,33,Male,Consumer,Silver,USA,Florida,Orlando,North America,PRD20998,Brava Kidswear 586,Apparel,Kidswear,Brava,TXN21000012,2026-02-12T09:01:00Z,2026-02-18T09:01:00Z,Credit Card,Online,USD,7,69.94,0.147,64.59,2.02,484.22,188.49,0.3893,WH-LATAM-01,6,Vertex Distribution,311,0,7,7,0,8,2026-01-02
CUST110623,Isabella Jones,32,Female,Consumer,Bronze,USA,New York,Buffalo,North America,PRD20917,Harvest Snacks 363,Grocery,Snacks,Harvest,TXN21000013,2026-02-07T13:19:00Z,2026-02-15T13:19:00Z,Digital Wallet,Online,USD,5,31.43,0.043,11.54,4.72,166.65,35.99,0.216,WH-NA-01,8,Vertex Distribution,90,0,5,8,0,8,2026-01-02
CUST109547,Sofia Roberts,43,Female,Small Business,Bronze,India,Karnataka,Mysore,Asia Pacific,PRD20579,Lumiere Haircare 741,Beauty & Personal Care,Haircare,Lumiere,TXN21000014,2026-02-21T03:41:00Z,2026-02-25T03:41:00Z,Digital Wallet,Mobile App,INR,7,127.75,0.193,65.63,6.1,793.39,368.25,0.4641,WH-EU-02,4,Summit Logistics Group,555,0,7,8,1,8.5,2026-01-02
CUST109313,Valentina Wright,35,Female,Small Business,Bronze,Canada,Ontario,Ottawa,North America,PRD20751,Brava Womenswear 246,Apparel,Womenswear,Brava,TXN21000015,2026-02-21T06:11:00Z,2026-03-02T06:11:00Z,Digital Wallet,In-Store,CAD,3,72.29,0.286,23.47,2.6,180.92,53.35,0.2949,WH-APAC-02,9,GlobalSource Ltd,62,0,8,4,1,13.7,2026-01-02
CUST109656,James Williams,65,Male,Home Office,Bronze,USA,Florida,Miami,North America,PRD20808,Orchard Frozen Foods 221,Grocery,Frozen Foods,Orchard,TXN21000016,2026-02-08T03:28:00Z,2026-02-14T03:28:00Z,Bank Transfer,Call Center,USD,2,33.69,0.107,9.04,6.13,75.34,11.12,0.1476,WH-NA-01,6,Anchor Wholesale,276,0,7,4,0,11.6,2026-01-02
CUST110210,Lukas Lewis,31,Male,Small Business,Silver,USA,Florida,Miami,North America,PRD20035,Luxora Cookware 657,Home & Kitchen,Cookware,Luxora,TXN21000017,2026-02-18T11:37:00Z,2026-02-24T11:37:00Z,Bank Transfer,Online,USD,1,368.91,0.134,52.26,22.4,394.14,108.46,0.2752,WH-NA-01,6,Pinnacle Supply Co,417,0,3,2,0,11.6,2026-01-02
CUST105269,Carlos Sanchez,57,Female,Consumer,Bronze,USA,Florida,Tampa,North America,PRD20642,Domus Decor 464,Home & Kitchen,Decor,Domus,TXN21000018,2026-02-24T01:58:00Z,2026-03-02T01:58:00Z,Debit Card,Online,USD,2,188.76,0.108,18.82,8.02,363.59,120.81,0.3323,WH-APAC-01,6,GlobalSource Ltd,315,0,6,3,0,5.6,2026-01-02
CUST120167,Sarah Wright,43,Male,Home Office,Silver,Germany,Bavaria,Munich,Europe,PRD20563,AromaCo Skincare 248,Beauty & Personal Care,Skincare,AromaCo,TXN21000019,2026-02-15T09:46:00Z,2026-02-20T09:46:00Z,Gift Card,In-Store,EUR,4,129.27,0.152,41.68,6.45,486.61,234.13,0.4811,WH-EU-02,5,GlobalSource Ltd,462,0,5,5,1,6,2026-01-02
CUST123027,Sarah Hall,40,Female,Small Business,Gold,UK,England,Manchester,Europe,PRD20719,FunLoop Board Games 699,Toys & Games,Board Games,FunLoop,TXN21000020,2026-02-17T17:21:00Z,2026-02-20T17:21:00Z,Digital Wallet,Online,GBP,2,68.38,0.104,22.9,14.63,160.07,54.27,0.339,WH-EU-01,3,Meridian Traders,593,0,6,2,0,15.2,2026-01-02
CUST115302,Wei Rivera,63,Non-Binary,Consumer,Bronze,Brazil,Sao Paulo,Campinas,Latin America,PRD20293,NestWell Smart Speakers 568,Smart Home,Smart Speakers,NestWell,TXN21000021,2026-02-06T16:27:00Z,2026-02-12T16:27:00Z,Digital Wallet,Call Center,BRL,7,102.2,0.136,86.94,3.43,708.48,171.7,0.2423,WH-EU-02,6,Anchor Wholesale,246,1,1,9,0,5.5,2026-01-02
CUST121378,Carlos Nelson,37,Female,Corporate,Bronze,USA,New York,Buffalo,North America,PRD21142,PureGlow Fragrance 327,Beauty & Personal Care,Fragrance,PureGlow,TXN21000022,2026-02-13T01:20:00Z,2026-02-17T01:20:00Z,Digital Wallet,Online,USD,1,117.22,0.058,9.91,20.45,140.78,64.1,0.4553,WH-NA-02,4,GlobalSource Ltd,468,0,11,3,0,12.6,2026-01-02
CUST106004,Ethan Jackson,40,Female,Consumer,Silver,Germany,Berlin,Berlin,Europe,PRD21130,BrainBox Puzzles 145,Toys & Games,Puzzles,BrainBox,TXN21000023,2026-02-16T13:30:00Z,2026-02-18T13:30:00Z,Digital Wallet,In-Store,EUR,7,91.61,0.098,95.5,2.71,676.64,258.3,0.3817,WH-EU-01,2,Anchor Wholesale,606,0,2,8,0,2.5,2026-01-02
CUST105933,Omar Rodriguez,54,Male,Corporate,Gold,USA,Texas,Austin,North America,PRD21208,Pulsar Cameras 374,Electronics,Cameras,Pulsar,TXN21000024,2026-02-03T20:19:00Z,2026-02-09T20:19:00Z,Digital Wallet,Mobile App,USD,2,416.08,0.099,129.57,11.71,891.06,161.27,0.181,WH-APAC-02,6,GlobalSource Ltd,172,1,7,4,0,6.8,2026-01-02
CUST122085,Linda Martin,40,Male,Small Business,Bronze,Mexico,CDMX,Mexico City,Latin America,PRD20905,DriveMax Electronics 877,Automotive,Electronics,DriveMax,TXN21000025,2026-02-10T00:23:00Z,2026-02-14T00:23:00Z,Bank Transfer,Online,MXN,4,153.39,0.066,101.59,1.96,676.62,202.97,0.3,WH-EU-02,4,GlobalSource Ltd,374,0,2,5,1,3.1,2026-01-02
CUST104002,Mia Baker,51,Male,Consumer,Bronze,India,Karnataka,Bangalore,Asia Pacific,PRD20987,NestWell Smart Lighting 171,Smart Home,Smart Lighting,NestWell,TXN21000026,2026-02-04T16:22:00Z,2026-02-10T16:22:00Z,Credit Card,In-Store,INR,4,218.14,0.27,109.35,6.39,752.71,92.49,0.1229,WH-NA-01,6,Meridian Traders,216,1,4,7,1,3.4,2026-01-02
CUST119397,Omar White,52,Female,Consumer,Bronze,UK,England,Manchester,Europe,PRD20324,KidJoy Action Figures 609,Toys & Games,Action Figures,KidJoy,TXN21000027,2026-02-26T00:52:00Z,2026-03-03T00:52:00Z,Bank Transfer,Online,GBP,5,54.21,0.123,13.76,8.34,259.81,102.4,0.3941,WH-LATAM-01,5,GlobalSource Ltd,502,0,6,5,0,19.5,2026-01-02
CUST100212,Mary White,65,Male,Home Office,Bronze,Mexico,Jalisco,Guadalajara,Latin America,PRD20405,PeakGear Camping 683,Sports & Outdoors,Camping,PeakGear,TXN21000028,2026-02-24T02:30:00Z,2026-03-05T02:30:00Z,Digital Wallet,Marketplace,MXN,6,598.88,0.088,386.75,5.88,3669.7,1333.83,0.3635,WH-EU-02,9,Pinnacle Supply Co,152,0,9,7,0,6.4,2026-01-02
CUST119372,Isabella Baker,47,Male,Corporate,Bronze,Vietnam,Ho Chi Minh,Ho Chi Minh City,Asia Pacific,PRD21168,NestWell Smart Speakers 513,Smart Home,Smart Speakers,NestWell,TXN21000029,2026-02-02T06:28:00Z,2026-02-07T06:28:00Z,Digital Wallet,In-Store,VND,4,365.45,0.05,96.22,2.48,1487.41,476.55,0.3204,WH-APAC-02,5,Summit Logistics Group,343,0,8,4,0,6.5,2026-01-02
CUST120590,Robert Smith,45,Male,Consumer,Silver,India,Karnataka,Bangalore,Asia Pacific,PRD20061,Pulsar Cameras 753,Electronics,Cameras,Pulsar,TXN21000030,2026-02-26T16:13:00Z,2026-03-06T16:13:00Z,Debit Card,In-Store,INR,4,455.83,0.173,187.17,11.02,1706.08,218.43,0.128,WH-NA-02,8,Vertex Distribution,168,0,5,5,0,6.8,2026-01-02
CUST112546,John Perez,70,Male,Small Business,Silver,France,Provence,Nice,Europe,PRD21179,Rally Team Sports 325,Sports & Outdoors,Team Sports,Rally,TXN21000031,2026-02-14T04:34:00Z,2026-02-20T04:34:00Z,Debit Card,In-Store,EUR,3,31.87,0.296,4.98,6.35,78.64,15.6,0.1984,WH-NA-01,6,Anchor Wholesale,100,0,4,3,1,12.9,2026-01-02
CUST103243,Wei Jones,30,Male,Small Business,Platinum,Canada,Quebec,Quebec City,North America,PRD20960,FitWear Accessories 261,Apparel,Accessories,FitWear,TXN21000032,2026-02-25T21:47:00Z,2026-03-05T21:47:00Z,Bank Transfer,In-Store,CAD,5,15.36,0.15,3.53,6.64,75.45,29.34,0.3889,WH-LATAM-01,8,Meridian Traders,384,0,8,5,0,18.1,2026-01-02
CUST123997,Priya Rivera,29,Male,Home Office,Gold,Australia,New South Wales,Sydney,Asia Pacific,PRD21173,PeakGear Cycling 223,Sports & Outdoors,Cycling,PeakGear,TXN21000033,2026-02-14T19:24:00Z,2026-02-20T19:24:00Z,Bank Transfer,Marketplace,AUD,3,544.84,0.07,116.33,4.52,1640.95,636.16,0.3877,WH-LATAM-01,6,Meridian Traders,240,0,5,6,0,4,2026-01-02
CUST119088,Mei Wright,34,Female,Corporate,Platinum,Germany,Bavaria,Nuremberg,Europe,PRD20520,Velvet Fragrance 153,Beauty & Personal Care,Fragrance,Velvet,TXN21000034,2026-02-03T23:13:00Z,2026-02-06T23:13:00Z,Gift Card,Online,EUR,3,12.66,0.171,2.8,12.4,46.69,16.48,0.353,WH-NA-02,3,GlobalSource Ltd,602,0,4,3,0,8.7,2026-01-02
CUST106503,John Rivera,40,Female,Consumer,Gold,USA,Florida,Tampa,North America,PRD20556,Domus Cookware 635,Home & Kitchen,Cookware,Domus,TXN21000035,2026-02-19T15:54:00Z,2026-02-26T15:54:00Z,Credit Card,In-Store,USD,5,245.66,0.256,152.63,8.86,1075.35,211.27,0.1965,WH-EU-02,7,Vertex Distribution,284,0,8,7,1,22.2,2026-01-02
CUST107162,Jennifer Smith,51,Non-Binary,Consumer,Gold,Vietnam,Hanoi,Hanoi City,Asia Pacific,PRD20810,Zentek Smartphones 468,Electronics,Smartphones,Zentek,TXN21000036,2026-02-17T04:55:00Z,2026-02-23T04:55:00Z,Digital Wallet,Online,VND,2,851.64,0.097,144.95,14.89,1697.9,333.5,0.1964,WH-NA-02,6,Summit Logistics Group,311,0,3,2,0,3.6,2026-01-02
CUST104861,Ahmed Robinson,29,Male,Consumer,Gold,Vietnam,Ho Chi Minh,Ho Chi Minh City,Asia Pacific,PRD20825,Zentek Smartphones 480,Electronics,Smartphones,Zentek,TXN21000037,2026-02-18T16:17:00Z,2026-02-24T16:17:00Z,Credit Card,Online,VND,3,1475.38,0.264,645.47,6.61,3909.72,127.47,0.0326,WH-APAC-01,6,Vertex Distribution,324,0,8,5,0,20,2026-01-02
CUST122737,Susan Thompson,25,Male,Small Business,Platinum,Germany,Bavaria,Nuremberg,Europe,PRD21109,Bloom Haircare 248,Beauty & Personal Care,Haircare,Bloom,TXN21000038,2026-02-25T14:20:00Z,2026-02-28T14:20:00Z,Credit Card,Online,EUR,3,129.68,0.261,44.85,12.68,345.03,133.75,0.3876,WH-LATAM-01,3,Pinnacle Supply Co,606,0,4,6,0,15.1,2026-01-02
CUST109391,Omar Harris,58,Male,Small Business,Bronze,USA,Texas,Houston,North America,PRD20171,TrailBlaze Cycling 739,Sports & Outdoors,Cycling,TrailBlaze,TXN21000039,2026-02-02T00:52:00Z,2026-02-10T00:52:00Z,Credit Card,In-Store,USD,4,293.38,0.076,118.51,12.26,1215.1,449.69,0.3701,WH-LATAM-01,8,Summit Logistics Group,262,0,6,6,0,10,2026-01-02
CUST110341,Mia Hill,33,Male,Consumer,Bronze,Japan,Kanto,Yokohama,Asia Pacific,PRD21346,DriveMax Car Care 778,Automotive,Car Care,DriveMax,TXN21000040,2026-02-25T11:03:00Z,2026-03-03T11:03:00Z,Digital Wallet,Call Center,JPY,4,56.28,0.004,26.43,7.63,258.28,88.43,0.3424,WH-NA-01,6,Summit Logistics Group,301,0,6,7,0,3.1,2026-01-02
CUST107851,Mateo Rivera,36,Male,Corporate,Platinum,India,Karnataka,Mysore,Asia Pacific,PRD21278,Orion Headphones 515,Electronics,Headphones,Orion,TXN21000041,2026-02-28T06:12:00Z,2026-03-07T06:12:00Z,Credit Card,In-Store,INR,5,462.37,0.013,319.56,3.44,2604.8,646.86,0.2483,WH-LATAM-01,7,Summit Logistics Group,200,0,8,8,0,13.3,2026-01-02
CUST112715,Ethan Patel,43,Female,Consumer,Bronze,USA,Texas,Dallas,North America,PRD20641,ActivFlex Footwear 597,Sports & Outdoors,Footwear,ActivFlex,TXN21000042,2026-02-03T08:25:00Z,2026-02-10T08:25:00Z,Credit Card,Mobile App,USD,1,340.9,0.083,54.51,21.68,388.8,128.25,0.3299,WH-EU-02,7,Vertex Distribution,332,0,2,4,0,9.4,2026-01-02
CUST110508,Mia Williams,23,Non-Binary,Home Office,Silver,India,Delhi,New Delhi,Asia Pacific,PRD20015,HomeSense Smart Lighting 959,Smart Home,Smart Lighting,HomeSense,TXN21000043,2026-02-26T14:13:00Z,2026-03-03T14:13:00Z,Credit Card,Online,INR,5,77.45,0.24,48.88,9.34,352.53,52.67,0.1494,WH-NA-02,5,Vertex Distribution,379,0,3,7,0,5.7,2026-01-02
CUST114038,Mary Robinson,64,Male,Small Business,Silver,UK,Wales,Cardiff,Europe,PRD20517,GearHead Electronics 926,Automotive,Electronics,GearHead,TXN21000044,2026-02-28T18:07:00Z,2026-03-07T18:07:00Z,Bank Transfer,In-Store,GBP,3,366.92,0.115,92.65,12,1078.82,310.19,0.2875,WH-APAC-02,7,Vertex Distribution,228,0,9,4,0,16,2026-01-02
CUST123793,William Davis,57,Male,Consumer,Gold,Japan,Kansai,Osaka,Asia Pacific,PRD21204,Pulsar Cameras 656,Electronics,Cameras,Pulsar,TXN21000045,2026-02-19T14:30:00Z,2026-02-23T14:30:00Z,Credit Card,Online,JPY,6,1584.56,0.127,595.78,5.37,8901.08,1576.32,0.1771,WH-LATAM-01,4,GlobalSource Ltd,599,0,3,7,0,7.6,2026-01-02
CUST121370,Susan Jones,31,Male,Small Business,Bronze,UK,England,Manchester,Europe,PRD20759,HomeSense Thermostats 919,Smart Home,Thermostats,HomeSense,TXN21000046,2026-02-04T18:43:00Z,2026-02-12T18:43:00Z,Credit Card,Marketplace,GBP,1,131.2,0.126,13.35,20.35,148.37,32.8,0.2211,WH-EU-02,8,GlobalSource Ltd,223,0,7,3,0,29.5,2026-01-02
CUST119298,Li Sanchez,58,Female,Corporate,Bronze,USA,New York,Buffalo,North America,PRD20385,RoadKing Tools 118,Automotive,Tools,RoadKing,TXN21000047,2026-02-17T18:38:00Z,2026-02-22T18:38:00Z,Debit Card,Online,USD,4,333.7,0.017,191.12,3.21,1506.44,506.96,0.3365,WH-APAC-02,5,GlobalSource Ltd,644,0,6,5,0,8.1,2026-01-02
CUST100948,Robert Adams,27,Female,Consumer,Silver,Brazil,Sao Paulo,Campinas,Latin America,PRD20330,TrailBlaze Cycling 240,Sports & Outdoors,Cycling,TrailBlaze,TXN21000048,2026-02-23T23:44:00Z,2026-02-26T23:44:00Z,Bank Transfer,Online,BRL,3,353.23,0.057,90.6,4.65,1094.54,426.21,0.3894,WH-APAC-01,3,Pinnacle Supply Co,597,0,3,5,0,4.6,2026-01-02
CUST109702,Ava Brown,32,Male,Home Office,Silver,USA,Texas,Houston,North America,PRD21184,RoadKing Tires 699,Automotive,Tires,RoadKing,TXN21000049,2026-02-28T05:32:00Z,2026-03-04T05:32:00Z,Bank Transfer,Online,USD,4,187.09,0.176,109.75,10.65,737.05,165.24,0.2242,WH-EU-01,4,GlobalSource Ltd,498,0,10,5,1,17.6,2026-01-02
CUST113251,William Clark,45,Female,Corporate,Silver,USA,California,Los Angeles,North America,PRD21171,OrbitAI Smart Lighting 100,Smart Home,Smart Lighting,OrbitAI,TXN21000050,2026-02-21T06:02:00Z,2026-02-26T06:02:00Z,Debit Card,In-Store,USD,2,288.78,0.139,94.49,6.55,598.32,136.88,0.2288,WH-NA-02,5,Pinnacle Supply Co,582,0,7,4,0,4.2,2026-01-02
CUST114329,Priya Nelson,47,Male,Small Business,Gold,USA,Texas,Dallas,North America,PRD20767,ActivFlex Camping 914,Sports & Outdoors,Camping,ActivFlex,TXN21000051,2026-02-12T10:21:00Z,2026-02-18T10:21:00Z,Gift Card,Online,USD,4,163.95,0.119,70.76,4.56,653.08,223.1,0.3416,WH-EU-02,6,Pinnacle Supply Co,216,0,3,7,0,4.5,2026-01-02
CUST117888,Michael Adams,67,Female,Consumer,Bronze,Mexico,CDMX,Mexico City,Latin America,PRD20767,ActivFlex Camping 914,Sports & Outdoors,Camping,ActivFlex,TXN21000052,2026-02-16T03:14:00Z,2026-02-19T03:14:00Z,Credit Card,In-Store,MXN,1,161.67,0.111,26.34,3.77,173.83,56.29,0.3238,WH-NA-02,3,Vertex Distribution,466,0,8,4,0,5.4,2026-01-02
CUST121516,Lukas Taylor,53,Female,Corporate,Gold,USA,California,Los Angeles,North America,PRD21195,SummitPro Footwear 995,Sports & Outdoors,Footwear,SummitPro,TXN21000053,2026-02-06T01:45:00Z,2026-02-13T01:45:00Z,Credit Card,Mobile App,USD,2,599.89,0.062,186.8,2.16,1314.35,476.55,0.3626,WH-APAC-02,7,Pinnacle Supply Co,348,0,4,5,0,19.4,2026-01-02
CUST109032,Ethan Taylor,28,Female,Corporate,Platinum,France,Provence,Nice,Europe,PRD20641,ActivFlex Footwear 597,Sports & Outdoors,Footwear,ActivFlex,TXN21000054,2026-02-08T01:25:00Z,2026-02-15T01:25:00Z,Digital Wallet,In-Store,EUR,6,389.08,0.116,155.74,2.73,2222.15,801.19,0.3605,WH-NA-01,7,Pinnacle Supply Co,324,0,6,7,0,11.9,2026-01-02
CUST119956,Sofia Taylor,38,Female,Small Business,Bronze,Germany,Hesse,Frankfurt,Europe,PRD20609,UrbanThread Kidswear 804,Apparel,Kidswear,UrbanThread,TXN21000055,2026-02-26T19:04:00Z,2026-03-03T19:04:00Z,Credit Card,Online,EUR,2,213.97,0.272,47.9,16.95,376.39,111.26,0.2956,WH-NA-01,5,Vertex Distribution,387,0,3,5,1,6.5,2026-01-02
CUST123177,Barbara King,75,Female,Consumer,Platinum,USA,Texas,Dallas,North America,PRD20801,Harvest Frozen Foods 627,Grocery,Frozen Foods,Harvest,TXN21000056,2026-02-23T07:33:00Z,2026-03-02T07:33:00Z,Credit Card,Online,USD,5,8.67,0.174,2.51,6.71,45.03,4.25,0.0944,WH-APAC-02,7,Vertex Distribution,393,0,7,7,1,7,2026-01-02
CUST122133,Robert Moore,46,Female,Home Office,Gold,UK,England,Manchester,Europe,PRD20040,Modique Footwear 711,Apparel,Footwear,Modique,TXN21000057,2026-02-21T04:48:00Z,2026-03-01T04:48:00Z,Bank Transfer,Mobile App,GBP,3,180.56,0.13,90.44,8.05,569.75,217.76,0.3822,WH-EU-01,8,Pinnacle Supply Co,236,0,7,6,1,4.2,2026-01-02
CUST112987,Diego Perez,57,Female,Consumer,Bronze,India,Maharashtra,Pune,Asia Pacific,PRD20724,Zentek Tablets 611,Electronics,Tablets,Zentek,TXN21000058,2026-02-20T09:44:00Z,2026-02-23T09:44:00Z,Bank Transfer,In-Store,INR,1,1678.27,0.198,128.51,20.85,1495.33,159.1,0.1064,WH-EU-01,3,Anchor Wholesale,539,0,5,2,0,6.2,2026-01-02
CUST116514,Carlos Nguyen,18,Male,Consumer,Bronze,USA,New York,Buffalo,North America,PRD21277,Orion Headphones 733,Electronics,Headphones,Orion,TXN21000059,2026-02-14T06:30:00Z,2026-02-19T06:30:00Z,Credit Card,Online,USD,2,596.33,0.244,160.09,14.76,1076.5,58.2,0.0541,WH-NA-02,5,GlobalSource Ltd,521,0,5,3,0,5.8,2026-01-02
CUST121137,Wei Allen,50,Female,Home Office,Gold,USA,New York,Buffalo,North America,PRD20270,FreshMart Beverages 657,Grocery,Beverages,FreshMart,TXN21000060,2026-02-07T08:57:00Z,2026-02-13T08:57:00Z,Debit Card,In-Store,USD,4,45.72,0.16,23.23,12.06,188.91,20.48,0.1084,WH-LATAM-01,6,GlobalSource Ltd,212,0,1,5,1,5.8,2026-01-02
CUST106177,Elizabeth Miller,35,Female,Consumer,Bronze,UK,Scotland,Glasgow,Europe,PRD20474,Orion Smartphones 331,Electronics,Smartphones,Orion,TXN21000061,2026-02-04T13:54:00Z,2026-02-11T13:54:00Z,Debit Card,Online,GBP,6,1258.04,0.304,852.31,5.42,6111.31,-84.54,-0.0138,WH-EU-01,7,Meridian Traders,300,0,8,7,0,6.6,2026-01-02
CUST108089,Michael Clark,54,Female,Small Business,Silver,India,Karnataka,Bangalore,Asia Pacific,PRD21246,SummitPro Team Sports 192,Sports & Outdoors,Team Sports,SummitPro,TXN21000062,2026-02-17T22:44:00Z,2026-02-25T22:44:00Z,Credit Card,In-Store,INR,3,294.36,0.172,89.39,12.63,833.21,253.62,0.3044,WH-NA-01,8,Anchor Wholesale,72,0,6,5,0,5.2,2026-01-02
CUST118481,Robert Roberts,37,Female,Consumer,Silver,France,Ile-de-France,Paris,Europe,PRD21338,Modique Kidswear 109,Apparel,Kidswear,Modique,TXN21000063,2026-02-09T15:24:00Z,2026-02-11T15:24:00Z,Digital Wallet,Online,EUR,1,199.73,0.077,33.66,14.9,232.91,90.88,0.3902,WH-APAC-02,2,Anchor Wholesale,511,0,3,2,0,3,2026-01-02
CUST108259,Jessica Williams,41,Female,Small Business,Platinum,France,Ile-de-France,Paris,Europe,PRD20742,NestWell Decor 374,Home & Kitchen,Decor,NestWell,TXN21000064,2026-02-16T18:38:00Z,2026-02-20T18:38:00Z,Digital Wallet,In-Store,EUR,4,297.65,0.076,170.94,7.44,1278.49,419.09,0.3278,WH-NA-01,4,Summit Logistics Group,537,0,7,5,1,20.2,2026-01-02
CUST117594,Layla Jones,36,Female,Consumer,Bronze,Australia,New South Wales,Newcastle,Asia Pacific,PRD21260,GearHead Tools 752,Automotive,Tools,GearHead,TXN21000065,2026-02-27T03:04:00Z,2026-03-06T03:04:00Z,Debit Card,Online,AUD,6,169.87,0.047,154.16,7.21,1132.69,356.52,0.3148,WH-EU-02,7,Pinnacle Supply Co,282,0,6,9,1,4.6,2026-01-02
CUST100360,Joseph Lewis,53,Male,Consumer,Bronze,Germany,Berlin,Berlin,Europe,PRD20780,PureGlow Wellness 626,Beauty & Personal Care,Wellness,PureGlow,TXN21000066,2026-02-13T02:18:00Z,2026-02-19T02:18:00Z,Bank Transfer,Online,EUR,3,81.96,0.1,12.55,6.66,240.5,124.12,0.5161,WH-APAC-02,6,Pinnacle Supply Co,160,0,4,4,0,13.5,2026-01-02
CUST111599,Charles Jackson,48,Female,Corporate,Platinum,Germany,Berlin,Berlin,Europe,PRD20492,Brava Womenswear 730,Apparel,Womenswear,Brava,TXN21000067,2026-02-04T23:12:00Z,2026-02-10T23:12:00Z,Digital Wallet,Online,EUR,4,194.91,0.115,68.21,5.86,764.05,325.11,0.4255,WH-EU-02,6,Anchor Wholesale,313,0,7,5,0,26,2026-01-02
CUST120038,Arjun Mitchell,55,Female,Consumer,Bronze,Germany,Berlin,Berlin,Europe,PRD21357,KidJoy Outdoor Toys 670,Toys & Games,Outdoor Toys,KidJoy,TXN21000068,2026-02-16T22:52:00Z,2026-02-22T22:52:00Z,Bank Transfer,Online,EUR,4,125.12,0.151,77.36,3.86,506.13,175.07,0.3459,WH-EU-01,6,Summit Logistics Group,414,0,5,5,1,5.3,2026-01-02
CUST107188,Richard Hill,41,Female,Consumer,Bronze,USA,Florida,Orlando,North America,PRD20536,OrbitAI Smart Speakers 907,Smart Home,Smart Speakers,OrbitAI,TXN21000069,2026-02-15T02:56:00Z,2026-02-21T02:56:00Z,Credit Card,Online,USD,3,99.56,0.061,21.91,2.41,304.78,94.08,0.3087,WH-EU-02,6,Meridian Traders,353,0,6,4,1,16,2026-01-02
CUST108426,Sarah Martinez,39,Male,Corporate,Gold,France,Ile-de-France,Paris,Europe,PRD20692,Luxora Decor 436,Home & Kitchen,Decor,Luxora,TXN21000070,2026-02-08T13:01:00Z,2026-02-13T13:01:00Z,Credit Card,Mobile App,EUR,5,613.22,0.041,500.75,9.22,3450.36,1186.58,0.3439,WH-APAC-01,5,Meridian Traders,516,0,7,5,0,14.3,2026-01-02
CUST105025,Carlos Lewis,43,Male,Consumer,Bronze,Germany,Berlin,Berlin,Europe,PRD21356,Harvest Pantry 261,Grocery,Pantry,Harvest,TXN21000071,2026-02-09T03:48:00Z,2026-02-16T03:48:00Z,Digital Wallet,Online,EUR,6,19.76,0.123,7.04,2.12,113.14,17.67,0.1562,WH-APAC-01,7,Pinnacle Supply Co,155,1,4,6,0,12.7,2026-01-02
CUST100099,Ahmed Lewis,18,Male,Consumer,Gold,Canada,Ontario,Ottawa,North America,PRD21207,FunLoop Action Figures 532,Toys & Games,Action Figures,FunLoop,TXN21000072,2026-02-13T05:24:00Z,2026-02-22T05:24:00Z,Bank Transfer,Mobile App,CAD,5,51.85,0.118,27.19,4.21,260.06,99.24,0.3816,WH-LATAM-01,9,Pinnacle Supply Co,170,0,3,6,1,8.9,2026-01-02
CUST115513,David Nguyen,61,Male,Consumer,Bronze,UK,Scotland,Edinburgh,Europe,PRD21014,PureGlow Fragrance 789,Beauty & Personal Care,Fragrance,PureGlow,TXN21000073,2026-02-23T21:59:00Z,2026-03-01T21:59:00Z,Credit Card,Online,GBP,4,172.42,0.209,102.04,7.67,655.25,272.98,0.4166,WH-LATAM-01,6,Meridian Traders,124,0,3,6,0,8.6,2026-01-02
CUST109902,Robert Lewis,34,Female,Consumer,Bronze,UK,Scotland,Glasgow,Europe,PRD20287,DriveMax Accessories 422,Automotive,Accessories,DriveMax,TXN21000074,2026-02-01T16:42:00Z,2026-02-09T16:42:00Z,Credit Card,Online,GBP,6,27.72,0.233,25.11,8.28,160.96,27.24,0.1692,WH-EU-02,8,Anchor Wholesale,177,0,6,6,0,6.4,2026-01-02
CUST122000,Li Lewis,37,Female,Small Business,Bronze,Germany,Berlin,Berlin,Europe,PRD20117,Zentek Smartphones 942,Electronics,Smartphones,Zentek,TXN21000075,2026-02-15T21:26:00Z,2026-02-21T21:26:00Z,Bank Transfer,Marketplace,EUR,2,804.24,0.032,156.32,12.73,1726.06,419.49,0.243,WH-APAC-01,6,Meridian Traders,335,0,3,2,0,18.7,2026-01-02
CUST112298,Jessica Sanchez,47,Female,Small Business,Gold,Germany,Bavaria,Munich,Europe,PRD20739,HomeCraft Furniture 480,Home & Kitchen,Furniture,HomeCraft,TXN21000076,2026-02-20T06:19:00Z,2026-02-25T06:19:00Z,Cash on Delivery,Online,EUR,3,387.28,0.201,106.91,5.71,1040.93,263.74,0.2534,WH-APAC-01,5,Vertex Distribution,213,0,6,5,1,9.4,2026-01-02
CUST113639,Diego Thompson,46,Female,Consumer,Silver,Mexico,CDMX,Mexico City,Latin America,PRD20728,GearHead Electronics 489,Automotive,Electronics,GearHead,TXN21000077,2026-02-24T22:03:00Z,2026-03-04T22:03:00Z,Digital Wallet,Mobile App,MXN,3,315.73,0.219,131.1,4.38,875.24,168.41,0.1924,WH-NA-02,8,Summit Logistics Group,63,0,5,4,0,20.1,2026-01-02
CUST114049,Elizabeth Adams,47,Male,Corporate,Bronze,USA,California,Los Angeles,North America,PRD20886,AutoPro Tools 854,Automotive,Tools,AutoPro,TXN21000078,2026-02-09T12:43:00Z,2026-02-14T12:43:00Z,Digital Wallet,Online,USD,4,279.23,0.1,155.23,7.59,1168.05,331.5,0.2838,WH-NA-02,5,Anchor Wholesale,348,0,7,7,0,11.5,2026-01-02
CUST116179,Patricia Walker,39,Male,Small Business,Bronze,USA,New York,Albany,North America,PRD20093,AromaCo Haircare 207,Beauty & Personal Care,Haircare,AromaCo,TXN21000079,2026-02-08T12:42:00Z,2026-02-11T12:42:00Z,Debit Card,Mobile App,USD,4,138.38,0.153,57.09,7.18,533.1,250.08,0.4691,WH-NA-01,3,Summit Logistics Group,572,0,5,5,1,12.2,2026-01-02
CUST111811,Omar Sanchez,38,Female,Consumer,Silver,Germany,Bavaria,Munich,Europe,PRD20840,ActivFlex Camping 989,Sports & Outdoors,Camping,ActivFlex,TXN21000080,2026-02-13T13:11:00Z,2026-02-16T13:11:00Z,Digital Wallet,In-Store,EUR,3,544.23,0.216,151.82,4.58,1436.43,397.07,0.2764,WH-APAC-01,3,Pinnacle Supply Co,586,0,4,4,0,9.4,2026-01-02
CUST104704,William Hill,48,Female,Corporate,Silver,Mexico,Jalisco,Guadalajara,Latin America,PRD20661,TorqueTech Electronics 375,Automotive,Electronics,TorqueTech,TXN21000081,2026-02-01T18:27:00Z,2026-02-07T18:27:00Z,Digital Wallet,Online,MXN,2,416.42,0.161,75.84,15.63,790.22,196.38,0.2485,WH-LATAM-01,6,Pinnacle Supply Co,304,0,4,5,0,5.4,2026-01-02
CUST115499,Jessica Robinson,32,Female,Corporate,Bronze,UK,Wales,Cardiff,Europe,PRD20896,Luxora Furniture 183,Home & Kitchen,Furniture,Luxora,TXN21000082,2026-02-24T17:06:00Z,2026-03-02T17:06:00Z,Digital Wallet,Mobile App,GBP,5,27.8,0.06,20.69,8.33,159.68,51.15,0.3203,WH-EU-01,6,Vertex Distribution,401,0,3,6,1,14.9,2026-01-02
CUST101488,Karen Clark,42,Male,Corporate,Silver,India,Delhi,New Delhi,Asia Pacific,PRD20518,Tinker Board Games 951,Toys & Games,Board Games,Tinker,TXN21000083,2026-02-17T13:15:00Z,2026-02-23T13:15:00Z,Digital Wallet,Online,INR,5,32.71,0.201,23.26,5.49,159.43,49.03,0.3075,WH-LATAM-01,6,GlobalSource Ltd,363,0,7,5,1,7.6,2026-01-02
CUST108763,John Singh,31,Male,Consumer,Gold,USA,Florida,Orlando,North America,PRD20925,FreshMart Fresh Produce 404,Grocery,Fresh Produce,FreshMart,TXN21000084,2026-02-10T18:54:00Z,2026-02-18T18:54:00Z,Credit Card,Call Center,USD,6,52.94,0.132,35.16,9.87,320.74,44.47,0.1386,WH-EU-02,8,GlobalSource Ltd,236,0,2,6,0,6,2026-01-02
CUST103524,Michael Singh,20,Male,Home Office,Gold,India,Maharashtra,Mumbai,Asia Pacific,PRD21107,DriveMax Electronics 883,Automotive,Electronics,DriveMax,TXN21000085,2026-02-24T16:01:00Z,2026-02-27T16:01:00Z,Digital Wallet,Marketplace,INR,2,508.74,0.125,138.04,6.1,1034.44,276.55,0.2673,WH-LATAM-01,3,GlobalSource Ltd,577,1,3,5,0,9.6,2026-01-02
CUST119880,John Flores,42,Male,Small Business,Platinum,USA,California,San Diego,North America,PRD20147,Zentek Laptops 862,Electronics,Laptops,Zentek,TXN21000086,2026-02-22T05:00:00Z,2026-03-01T05:00:00Z,Debit Card,Mobile App,USD,3,1216.82,0.19,482.05,1.84,3440.76,375.27,0.1091,WH-APAC-01,7,Vertex Distribution,243,0,6,6,1,6,2026-01-02
CUST113605,Olivia Kumar,28,Male,Corporate,Bronze,Japan,Kansai,Osaka,Asia Pacific,PRD20909,Luxora Furniture 495,Home & Kitchen,Furniture,Luxora,TXN21000087,2026-02-04T15:10:00Z,2026-02-13T15:10:00Z,Bank Transfer,In-Store,JPY,2,408.34,0.19,61.28,2.48,725.27,194.37,0.268,WH-APAC-02,9,Pinnacle Supply Co,179,0,3,5,1,9.8,2026-01-02
CUST102494,William Flores,56,Male,Consumer,Bronze,USA,Florida,Tampa,North America,PRD21303,Nutriva Frozen Foods 657,Grocery,Frozen Foods,Nutriva,TXN21000088,2026-02-01T23:24:00Z,2026-02-04T23:24:00Z,Credit Card,Mobile App,USD,3,38.05,0.044,16.28,3.79,129.2,26.03,0.2015,WH-EU-02,3,GlobalSource Ltd,513,0,9,5,0,5.7,2026-01-02
CUST104346,Yuki Mitchell,38,Male,Small Business,Bronze,USA,New York,New York City,North America,PRD20089,Velvet Makeup 426,Beauty & Personal Care,Makeup,Velvet,TXN21000089,2026-02-15T00:54:00Z,2026-02-17T00:54:00Z,Debit Card,Mobile App,USD,6,93.28,0.31,53.02,2.71,441.91,164.99,0.3734,WH-APAC-01,2,Meridian Traders,605,0,8,7,1,9.8,2026-01-02
CUST101546,Fatima Johnson,48,Female,Consumer,Bronze,Brazil,Rio de Janeiro,Rio de Janeiro City,Latin America,PRD20080,Domus Furniture 979,Home & Kitchen,Furniture,Domus,TXN21000090,2026-02-24T15:51:00Z,2026-03-04T15:51:00Z,Credit Card,Online,BRL,3,255.2,0.228,117.01,13.76,721.81,153.12,0.2121,WH-LATAM-01,8,GlobalSource Ltd,117,0,8,5,1,11.2,2026-01-02
CUST110024,Ava Roberts,39,Female,Consumer,Bronze,France,Provence,Marseille,Europe,PRD20074,FreshMart Frozen Foods 299,Grocery,Frozen Foods,FreshMart,TXN21000091,2026-02-03T17:44:00Z,2026-02-07T17:44:00Z,Gift Card,Online,EUR,2,5.1,0.051,1.48,11.36,22.52,2.25,0.0999,WH-EU-01,4,Summit Logistics Group,606,0,4,4,1,16,2026-01-02
CUST105592,Mei Martin,26,Male,Consumer,Silver,Mexico,CDMX,Mexico City,Latin America,PRD21177,DriveMax Tools 795,Automotive,Tools,DriveMax,TXN21000092,2026-02-22T15:44:00Z,2026-03-03T15:44:00Z,Digital Wallet,Marketplace,MXN,2,379.39,0.051,55.44,8.94,784.46,262.39,0.3345,WH-APAC-02,9,Anchor Wholesale,181,0,5,5,0,4.2,2026-01-02
CUST107553,Elizabeth Davis,35,Male,Consumer,Bronze,USA,Texas,Houston,North America,PRD21367,SummitPro Footwear 477,Sports & Outdoors,Footwear,SummitPro,TXN21000093,2026-02-09T00:54:00Z,2026-02-15T00:54:00Z,Digital Wallet,Marketplace,USD,3,212.04,0.138,50.55,12.14,611.03,204.32,0.3344,WH-EU-01,6,Meridian Traders,366,0,5,5,0,9.8,2026-01-02
CUST101820,Lukas Lee,43,Male,Consumer,Silver,Australia,New South Wales,Newcastle,Asia Pacific,PRD20771,NestWell Smart Speakers 311,Smart Home,Smart Speakers,NestWell,TXN21000094,2026-02-19T09:15:00Z,2026-02-25T09:15:00Z,Credit Card,In-Store,AUD,1,419.61,0.062,44.79,16.76,455.14,131.76,0.2895,WH-APAC-01,6,GlobalSource Ltd,138,0,5,3,1,10.3,2026-01-02
CUST119283,Ananya Anderson,56,Female,Corporate,Gold,Germany,Bavaria,Munich,Europe,PRD21249,NestWell Appliances 716,Home & Kitchen,Appliances,NestWell,TXN21000095,2026-02-03T03:17:00Z,2026-02-08T03:17:00Z,Bank Transfer,Marketplace,EUR,4,460.76,0.226,276.28,3.28,1706.07,372.29,0.2182,WH-EU-02,5,Meridian Traders,427,0,2,7,1,4.3,2026-01-02
CUST122467,Susan White,44,Female,Corporate,Silver,USA,Texas,Austin,North America,PRD20096,Sonyx Laptops 713,Electronics,Laptops,Sonyx,TXN21000096,2026-02-16T23:47:00Z,2026-02-22T23:47:00Z,Cash on Delivery,Call Center,USD,4,1854.33,0.061,1094.63,2.4,8061.89,1719.33,0.2133,WH-NA-01,6,GlobalSource Ltd,336,0,4,5,0,8.4,2026-01-02
CUST116540,Wei Thompson,30,Male,Consumer,Bronze,UK,England,Manchester,Europe,PRD20308,Zentek Smart Lighting 262,Smart Home,Smart Lighting,Zentek,TXN21000097,2026-02-07T08:20:00Z,2026-02-12T08:20:00Z,Digital Wallet,In-Store,GBP,5,403.84,0.061,109.26,9.55,2014.84,636.05,0.3157,WH-APAC-02,5,Anchor Wholesale,507,0,7,5,0,6.8,2026-01-02
CUST117809,Layla Allen,48,Male,Consumer,Gold,USA,Florida,Orlando,North America,PRD20583,FitWear Womenswear 127,Apparel,Womenswear,FitWear,TXN21000098,2026-02-09T06:48:00Z,2026-02-17T06:48:00Z,Credit Card,Mobile App,USD,3,21.25,0.145,6.37,12.12,73,24.67,0.3379,WH-APAC-02,8,Vertex Distribution,113,0,3,6,0,7.7,2026-01-02
CUST118451,William Rodriguez,65,Female,Corporate,Silver,Germany,Hesse,Frankfurt,Europe,PRD20269,PureGlow Fragrance 142,Beauty & Personal Care,Fragrance,PureGlow,TXN21000099,2026-02-27T16:10:00Z,2026-03-06T16:10:00Z,Credit Card,In-Store,EUR,3,82.01,0.099,26.35,4.43,252.45,124.44,0.4929,WH-NA-01,7,Vertex Distribution,104,0,5,4,0,8.3,2026-01-02
CUST103170,Ava Robinson,42,Female,Consumer,Bronze,India,Karnataka,Bangalore,Asia Pacific,PRD20740,Zentek Cameras 938,Electronics,Cameras,Zentek,TXN21000100,2026-02-05T18:18:00Z,2026-02-12T18:18:00Z,Credit Card,In-Store,INR,5,1044.51,0.289,669.53,9.38,4392.14,19.85,0.0045,WH-EU-02,7,Pinnacle Supply Co,277,0,3,5,0,4,2026-01-02
CUST103158,Patricia Brown,47,Male,Small Business,Bronze,USA,Florida,Miami,North America,PRD20946,TechNova Headphones 350,Electronics,Headphones,TechNova,TXN21000101,2026-02-15T12:36:00Z,2026-02-22T12:36:00Z,Digital Wallet,Online,USD,1,973.85,0.328,62.98,21.33,738.74,-34.28,-0.0464,WH-NA-02,7,Anchor Wholesale,325,0,2,2,1,6.9,2026-01-02
CUST106914,Ava Singh,31,Female,Consumer,Bronze,Mexico,Jalisco,Guadalajara,Latin America,PRD21045,BrainBox Outdoor Toys 298,Toys & Games,Outdoor Toys,BrainBox,TXN21000102,2026-02-15T13:50:00Z,2026-02-22T13:50:00Z,Credit Card,Online,MXN,6,56.75,0.064,41.68,5.23,365.62,148.73,0.4068,WH-LATAM-01,7,Summit Logistics Group,417,0,8,7,0,19.6,2026-01-02
CUST110223,Barbara Miller,42,Male,Home Office,Bronze,Mexico,Jalisco,Guadalajara,Latin America,PRD21077,Colton Menswear 613,Apparel,Menswear,Colton,TXN21000103,2026-02-16T00:54:00Z,2026-02-24T00:54:00Z,Digital Wallet,In-Store,MXN,6,219.13,0.07,79.31,1.58,1303.64,607.43,0.4659,WH-LATAM-01,8,Anchor Wholesale,149,0,5,6,0,5.2,2026-01-02
CUST112049,Isabella Green,44,Male,Small Business,Silver,UK,Wales,Cardiff,Europe,PRD20264,BrainBox Puzzles 895,Toys & Games,Puzzles,BrainBox,TXN21000104,2026-02-26T23:57:00Z,2026-03-08T23:57:00Z,Digital Wallet,In-Store,GBP,3,86.45,0.138,23.2,7.9,254.66,94.09,0.3695,WH-APAC-01,10,GlobalSource Ltd,44,0,3,4,0,4.9,2026-01-02
CUST109077,Rahul Nelson,22,Female,Small Business,Bronze,Canada,British Columbia,Vancouver,North America,PRD20785,FitWear Menswear 434,Apparel,Menswear,FitWear,TXN21000105,2026-02-21T20:16:00Z,2026-03-01T20:16:00Z,Debit Card,Marketplace,CAD,3,220.24,0.27,24.5,13.81,520.64,173.11,0.3325,WH-APAC-01,8,Vertex Distribution,43,1,4,6,1,4.6,2026-01-02
CUST100442,Ahmed King,49,Female,Consumer,Bronze,France,Provence,Marseille,Europe,PRD20024,Cucina Appliances 720,Home & Kitchen,Appliances,Cucina,TXN21000106,2026-02-17T14:05:00Z,2026-02-22T14:05:00Z,Credit Card,Mobile App,EUR,3,844.53,0.211,244.61,1.75,2245.36,549.79,0.2449,WH-NA-02,5,Meridian Traders,434,0,3,3,0,4.8,2026-01-02
CUST117648,Liam Moore,48,Male,Consumer,Bronze,USA,Texas,Austin,North America,PRD20217,OrbitAI Smart Lighting 573,Smart Home,Smart Lighting,OrbitAI,TXN21000107,2026-02-16T20:13:00Z,2026-02-23T20:13:00Z,Debit Card,Mobile App,USD,3,104.58,0.157,16.69,10.6,291.77,68.71,0.2355,WH-APAC-01,7,Anchor Wholesale,294,0,7,5,0,7.5,2026-01-02
CUST116008,James Hall,32,Female,Consumer,Bronze,Mexico,Jalisco,Guadalajara,Latin America,PRD20471,FitWear Accessories 149,Apparel,Accessories,FitWear,TXN21000108,2026-02-23T11:52:00Z,2026-03-02T11:52:00Z,Debit Card,In-Store,MXN,4,100.39,0.167,42.84,4.03,381.37,146.57,0.3843,WH-NA-01,7,Vertex Distribution,188,0,8,5,1,10.7,2026-01-02
CUST121420,Fatima Allen,43,Male,Consumer,Silver,USA,Texas,Austin,North America,PRD20261,PeakGear Team Sports 401,Sports & Outdoors,Team Sports,PeakGear,TXN21000109,2026-02-22T18:28:00Z,2026-03-01T18:28:00Z,Debit Card,Online,USD,5,432.33,0.088,255,4.96,2231.38,802.4,0.3596,WH-NA-01,7,Meridian Traders,155,0,5,8,0,12.4,2026-01-02
CUST115203,William Rodriguez,29,Male,Consumer,Bronze,France,Ile-de-France,Paris,Europe,PRD20228,Colton Kidswear 779,Apparel,Kidswear,Colton,TXN21000110,2026-02-08T19:43:00Z,2026-02-16T19:43:00Z,Bank Transfer,Mobile App,EUR,5,115.12,0.229,88.26,7.76,539.81,174.41,0.3231,WH-EU-02,8,Anchor Wholesale,41,0,4,5,1,11.7,2026-01-02
CUST110378,Ahmed Brown,32,Male,Small Business,Bronze,Japan,Kanto,Tokyo,Asia Pacific,PRD20248,FitWear Kidswear 417,Apparel,Kidswear,FitWear,TXN21000111,2026-02-24T00:28:00Z,2026-03-06T00:28:00Z,Digital Wallet,Online,JPY,3,60.58,0.107,25.58,11.82,199.69,77.24,0.3868,WH-EU-02,10,Meridian Traders,64,0,5,5,0,3.9,2026-01-02
CUST123035,Jennifer Singh,70,Male,Consumer,Bronze,Brazil,Rio de Janeiro,Rio de Janeiro City,Latin America,PRD20502,FreshMart Frozen Foods 455,Grocery,Frozen Foods,FreshMart,TXN21000112,2026-02-01T04:00:00Z,2026-02-05T04:00:00Z,Digital Wallet,Online,BRL,5,2.23,0.227,1.55,7.6,17.77,0.5,0.0281,WH-NA-02,4,Meridian Traders,553,0,9,5,0,15,2026-01-02
CUST111537,Thomas White,46,Male,Consumer,Silver,USA,California,San Francisco,North America,PRD20905,DriveMax Electronics 877,Automotive,Electronics,DriveMax,TXN21000113,2026-02-21T01:01:00Z,2026-02-27T01:01:00Z,Credit Card,In-Store,USD,4,143.93,0.24,62.91,10.41,510.87,90.27,0.1767,WH-APAC-02,6,Pinnacle Supply Co,217,0,4,7,1,13.3,2026-01-02
CUST112355,Isabella Jackson,46,Male,Consumer,Silver,Germany,Hesse,Frankfurt,Europe,PRD20053,Velvet Makeup 845,Beauty & Personal Care,Makeup,Velvet,TXN21000114,2026-02-06T00:51:00Z,2026-02-13T00:51:00Z,Debit Card,Mobile App,EUR,3,117.57,0.044,47.47,12.6,397.26,197.8,0.4979,WH-APAC-02,7,Pinnacle Supply Co,162,0,3,6,0,17.5,2026-01-02
CUST105275,Mary Thomas,18,Female,Consumer,Bronze,France,Ile-de-France,Paris,Europe,PRD21374,HomeSense Thermostats 400,Smart Home,Thermostats,HomeSense,TXN21000115,2026-02-11T00:37:00Z,2026-02-18T00:37:00Z,Credit Card,Mobile App,EUR,2,335.06,0.102,32.03,8.47,642.27,183.61,0.2859,WH-EU-02,7,Meridian Traders,213,0,4,4,0,8.3,2026-01-02
CUST115514,Ahmed Nelson,58,Female,Corporate,Bronze,USA,Texas,Austin,North America,PRD21330,AutoPro Tools 608,Automotive,Tools,AutoPro,TXN21000116,2026-02-02T13:10:00Z,2026-02-07T13:10:00Z,Digital Wallet,Mobile App,USD,4,41.27,0.021,21.59,7.71,190.91,62.04,0.325,WH-NA-01,5,Anchor Wholesale,558,1,10,4,0,13.5,2026-01-02
CUST112463,Linda Clark,37,Female,Consumer,Gold,India,Maharashtra,Mumbai,Asia Pacific,PRD20400,NestWell Thermostats 663,Smart Home,Thermostats,NestWell,TXN21000117,2026-02-08T15:19:00Z,2026-02-14T15:19:00Z,Debit Card,In-Store,INR,3,134.74,0.028,21,2.64,416.54,140.67,0.3377,WH-LATAM-01,6,GlobalSource Ltd,382,0,3,5,0,6.2,2026-01-02
CUST102163,Rahul Thomas,33,Male,Corporate,Platinum,Mexico,Jalisco,Guadalajara,Latin America,PRD20751,Brava Womenswear 246,Apparel,Womenswear,Brava,TXN21000118,2026-02-28T18:15:00Z,2026-03-04T18:15:00Z,Debit Card,Mobile App,MXN,2,69.92,0.062,13.22,2.41,146.8,65.72,0.4477,WH-LATAM-01,4,Meridian Traders,528,0,7,4,0,10.3,2026-01-02
CUST119138,Emma Williams,47,Male,Consumer,Silver,Germany,Hesse,Frankfurt,Europe,PRD20929,Pulsar Laptops 636,Electronics,Laptops,Pulsar,TXN21000119,2026-02-20T14:35:00Z,2026-03-03T14:35:00Z,Digital Wallet,Online,EUR,3,644.26,0.05,98.12,2.3,1936.56,469.28,0.2423,WH-NA-01,11,Meridian Traders,72,0,2,6,0,6.5,2026-01-02
CUST117625,Sofia Nguyen,33,Female,Consumer,Bronze,Germany,Bavaria,Nuremberg,Europe,PRD20094,Cucina Decor 193,Home & Kitchen,Decor,Cucina,TXN21000120,2026-02-18T17:56:00Z,2026-02-21T17:56:00Z,Gift Card,Online,EUR,3,804.01,0.128,379.46,7.94,2490.69,723.61,0.2905,WH-NA-01,3,Anchor Wholesale,620,0,6,3,1,8.7,2026-01-02
CUST110086,Isabella Allen,29,Female,Small Business,Bronze,Australia,Victoria,Melbourne,Asia Pacific,PRD20482,Velvet Makeup 631,Beauty & Personal Care,Makeup,Velvet,TXN21000121,2026-02-20T04:26:00Z,2026-02-23T04:26:00Z,Gift Card,Mobile App,AUD,3,41.19,0.092,12.37,1.9,126.47,63.37,0.5011,WH-NA-01,3,Meridian Traders,533,0,3,6,0,6.2,2026-01-02
CUST121997,Susan Williams,40,Male,Corporate,Bronze,Australia,New South Wales,Sydney,Asia Pacific,PRD21084,Brava Accessories 612,Apparel,Accessories,Brava,TXN21000122,2026-02-24T18:20:00Z,2026-03-04T18:20:00Z,Cash on Delivery,Online,AUD,5,111.83,0.209,61.67,8.37,512.33,180.61,0.3525,WH-LATAM-01,8,Meridian Traders,212,0,7,8,1,12.5,2026-01-02
CUST113489,Noah Thompson,37,Female,Small Business,Gold,India,Delhi,New Delhi,Asia Pacific,PRD20435,Brava Kidswear 614,Apparel,Kidswear,Brava,TXN21000123,2026-02-26T01:40:00Z,2026-03-05T01:40:00Z,Gift Card,In-Store,INR,2,199.67,0.079,41.24,5.35,414.38,180.9,0.4366,WH-EU-01,7,Pinnacle Supply Co,373,0,4,2,0,3.8,2026-01-02
CUST113238,Barbara Carter,51,Female,Corporate,Bronze,Canada,British Columbia,Victoria,North America,PRD20753,Pulsar Cameras 766,Electronics,Cameras,Pulsar,TXN21000124,2026-02-21T02:56:00Z,2026-02-28T02:56:00Z,Credit Card,Online,CAD,4,1172.48,0.148,440.99,1.95,4438.75,679.1,0.153,WH-NA-02,7,Summit Logistics Group,160,0,10,6,0,22.3,2026-01-02
CUST117678,Jennifer Martinez,34,Male,Corporate,Silver,USA,Texas,Dallas,North America,PRD21248,KidJoy Board Games 168,Toys & Games,Board Games,KidJoy,TXN21000125,2026-02-07T15:45:00Z,2026-02-13T15:45:00Z,Credit Card,In-Store,USD,6,97.45,0.144,55.68,5.25,561.43,208.62,0.3716,WH-NA-02,6,Meridian Traders,219,0,5,8,1,7.6,2026-01-02
CUST113326,Emma Martin,68,Female,Corporate,Silver,Mexico,CDMX,Mexico City,Latin America,PRD21221,FreshMart Snacks 887,Grocery,Snacks,FreshMart,TXN21000126,2026-02-28T18:35:00Z,2026-03-08T18:35:00Z,Digital Wallet,Online,MXN,5,29.11,0.114,20.7,2.55,152.21,23,0.1511,WH-NA-01,8,Anchor Wholesale,265,1,4,5,0,3.7,2026-01-02
CUST114888,Chen Lewis,41,Female,Consumer,Silver,USA,California,San Diego,North America,PRD20271,Brava Womenswear 593,Apparel,Womenswear,Brava,TXN21000127,2026-02-03T12:16:00Z,2026-02-08T12:16:00Z,Bank Transfer,Online,USD,4,129.68,0.115,25.49,6.72,491.28,216.31,0.4403,WH-APAC-02,5,Vertex Distribution,526,0,5,7,1,4,2026-01-02
CUST110628,James Williams,32,Male,Consumer,Silver,Australia,New South Wales,Sydney,Asia Pacific,PRD20949,TrailBlaze Fitness Equipment 937,Sports & Outdoors,Fitness Equipment,TrailBlaze,TXN21000128,2026-02-25T19:55:00Z,2026-03-02T19:55:00Z,Cash on Delivery,Online,AUD,5,397.45,0.181,283.75,6.04,1917.35,552.85,0.2883,WH-EU-02,5,Summit Logistics Group,502,0,9,5,1,13.1,2026-01-02
CUST114035,Priya Kumar,25,Female,Corporate,Platinum,Canada,Ontario,Toronto,North America,PRD20689,Colton Womenswear 628,Apparel,Womenswear,Colton,TXN21000129,2026-02-07T18:27:00Z,2026-02-16T18:27:00Z,Gift Card,Mobile App,CAD,3,101.16,0.051,25.39,8.41,321.8,145.97,0.4536,WH-APAC-02,9,GlobalSource Ltd,185,0,3,4,0,7.4,2026-01-02
CUST111097,Rahul Carter,52,Female,Corporate,Bronze,Australia,Victoria,Melbourne,Asia Pacific,PRD21066,HomeSense Smart Speakers 223,Smart Home,Smart Speakers,HomeSense,TXN21000130,2026-02-20T03:05:00Z,2026-02-26T03:05:00Z,Gift Card,Mobile App,AUD,2,228.99,0.09,40.93,10.34,468.03,130.98,0.2799,WH-NA-01,6,Anchor Wholesale,195,0,8,5,1,8.8,2026-01-02
CUST113611,Barbara Young,33,Male,Corporate,Silver,USA,California,San Francisco,North America,PRD20472,Modique Menswear 449,Apparel,Menswear,Modique,TXN21000131,2026-02-25T18:31:00Z,2026-03-01T18:31:00Z,Cash on Delivery,Mobile App,USD,4,27.07,0.09,9.98,9.73,118.24,47.86,0.4048,WH-APAC-02,4,GlobalSource Ltd,518,0,5,4,0,8.9,2026-01-02
CUST113181,Richard Johnson,56,Male,Consumer,Bronze,France,Provence,Marseille,Europe,PRD21209,Cucina Cookware 320,Home & Kitchen,Cookware,Cucina,TXN21000132,2026-02-22T16:53:00Z,2026-02-27T16:53:00Z,Credit Card,Mobile App,EUR,3,667.29,0.161,309.15,10.33,1999.05,534.5,0.2674,WH-APAC-02,5,Summit Logistics Group,614,0,7,5,1,16.3,2026-01-02
CUST102275,Valentina Clark,46,Female,Consumer,Bronze,Japan,Kanto,Yokohama,Asia Pacific,PRD20543,Domus Furniture 388,Home & Kitchen,Furniture,Domus,TXN21000133,2026-02-19T03:26:00Z,2026-02-26T03:26:00Z,Bank Transfer,Online,JPY,4,174.22,0.187,87.61,2.81,656.98,167.95,0.2556,WH-APAC-01,7,Anchor Wholesale,334,0,8,5,1,10.1,2026-01-02
CUST111409,Susan Jones,36,Female,Small Business,Silver,UK,Scotland,Edinburgh,Europe,PRD20830,Luxora Furniture 792,Home & Kitchen,Furniture,Luxora,TXN21000134,2026-02-17T00:00:00Z,2026-02-23T00:00:00Z,Digital Wallet,In-Store,GBP,6,56.34,0.233,25.07,1.61,285.96,65.92,0.2305,WH-NA-02,6,Vertex Distribution,258,0,5,9,0,8.8,2026-01-02
CUST118437,Michael Young,26,Female,Small Business,Gold,USA,California,Los Angeles,North America,PRD20694,Orchard Snacks 536,Grocery,Snacks,Orchard,TXN21000135,2026-02-18T18:15:00Z,2026-02-25T18:15:00Z,Digital Wallet,Marketplace,USD,2,17.09,0.146,3.95,10.71,43.85,4.31,0.0983,WH-APAC-02,7,Meridian Traders,136,1,4,3,0,3,2026-01-02
CUST123796,Barbara Williams,30,Female,Home Office,Silver,Australia,New South Wales,Sydney,Asia Pacific,PRD20628,Luxora Bedding 602,Home & Kitchen,Bedding,Luxora,TXN21000136,2026-02-03T14:09:00Z,2026-02-10T14:09:00Z,Digital Wallet,Marketplace,AUD,1,669.77,0.026,70.34,8.23,730.93,269.25,0.3684,WH-EU-01,7,Meridian Traders,319,0,4,4,0,4.5,2026-01-02
CUST122187,Haruto Young,68,Female,Home Office,Bronze,India,Delhi,New Delhi,Asia Pacific,PRD20813,HomeSense Smart Lighting 585,Smart Home,Smart Lighting,HomeSense,TXN21000137,2026-02-16T18:50:00Z,2026-02-21T18:50:00Z,Bank Transfer,Online,INR,3,204.3,0.015,57.44,2.05,663.2,221.26,0.3336,WH-EU-01,5,Vertex Distribution,461,0,4,4,1,3.4,2026-01-02
CUST123249,Jessica Clark,54,Female,Consumer,Silver,USA,Texas,Houston,North America,PRD20223,Bloom Makeup 867,Beauty & Personal Care,Makeup,Bloom,TXN21000138,2026-02-03T01:09:00Z,2026-02-08T01:09:00Z,Credit Card,Marketplace,USD,3,65.58,0.186,11,2.05,173.2,82.39,0.4757,WH-NA-01,5,Vertex Distribution,506,0,4,5,0,11.6,2026-01-02
CUST108307,Patricia Robinson,45,Male,Consumer,Gold,UK,Wales,Cardiff,Europe,PRD21199,AromaCo Haircare 819,Beauty & Personal Care,Haircare,AromaCo,TXN21000139,2026-02-08T21:43:00Z,2026-02-10T21:43:00Z,Credit Card,In-Store,GBP,2,16.62,0.052,3.24,14.84,49.59,18.38,0.3706,WH-NA-02,2,Vertex Distribution,631,1,4,4,0,12.5,2026-01-02
CUST101950,Priya Wright,47,Male,Corporate,Bronze,India,Karnataka,Mysore,Asia Pacific,PRD20606,BrainBox Action Figures 536,Toys & Games,Action Figures,BrainBox,TXN21000140,2026-02-17T14:33:00Z,2026-02-27T14:33:00Z,Debit Card,Online,INR,4,65.71,0.197,12.48,8.46,232,79.85,0.3442,WH-LATAM-01,10,GlobalSource Ltd,54,0,7,5,1,5.1,2026-01-02
CUST109817,Michael Brown,46,Male,Corporate,Silver,India,Delhi,New Delhi,Asia Pacific,PRD20226,Bloom Makeup 338,Beauty & Personal Care,Makeup,Bloom,TXN21000141,2026-02-14T13:51:00Z,2026-02-16T13:51:00Z,Digital Wallet,Online,INR,4,25,0.178,11.76,8.89,102.85,42.68,0.415,WH-NA-01,2,Pinnacle Supply Co,628,0,7,5,1,4.6,2026-01-02
CUST101350,Lukas Brown,18,Male,Home Office,Bronze,UK,Scotland,Edinburgh,Europe,PRD20437,Zentek Cameras 222,Electronics,Cameras,Zentek,TXN21000142,2026-02-10T14:58:00Z,2026-02-15T14:58:00Z,Gift Card,Online,GBP,2,1654.94,0.054,624.36,13.18,3768.69,790.4,0.2097,WH-APAC-01,5,GlobalSource Ltd,494,0,3,3,0,7,2026-01-02
CUST117668,Mia Wilson,34,Male,Small Business,Bronze,UK,Wales,Cardiff,Europe,PRD20053,Velvet Makeup 845,Beauty & Personal Care,Makeup,Velvet,TXN21000143,2026-02-04T22:33:00Z,2026-02-08T22:33:00Z,Credit Card,Mobile App,GBP,3,118.55,0.061,39.01,12.62,385.59,193.4,0.5016,WH-EU-02,4,Anchor Wholesale,619,0,5,6,0,6.9,2026-01-02
CUST107823,Olivia Clark,47,Male,Consumer,Silver,UK,England,London,Europe,PRD20033,AutoPro Tools 643,Automotive,Tools,AutoPro,TXN21000144,2026-02-18T14:10:00Z,2026-02-22T14:10:00Z,Credit Card,In-Store,GBP,5,14.27,0.071,7.21,10.84,84.33,23.25,0.2757,WH-NA-02,4,GlobalSource Ltd,484,0,3,6,0,11.1,2026-01-02
CUST108474,Robert Lewis,63,Male,Consumer,Gold,Canada,Ontario,Toronto,North America,PRD20303,Bloom Wellness 310,Beauty & Personal Care,Wellness,Bloom,TXN21000145,2026-02-25T19:00:00Z,2026-03-05T19:00:00Z,Debit Card,Mobile App,CAD,2,38.22,0.162,9.12,13.78,86.96,33.85,0.3893,WH-EU-02,8,Summit Logistics Group,75,0,7,4,0,6,2026-01-02
CUST104034,Elizabeth Brown,41,Female,Small Business,Platinum,UK,Wales,Cardiff,Europe,PRD20787,Zentek Security Cameras 452,Smart Home,Security Cameras,Zentek,TXN21000146,2026-02-08T08:53:00Z,2026-02-12T08:53:00Z,Debit Card,Online,GBP,2,274.46,0.018,61.64,9.13,609.81,196.51,0.3222,WH-LATAM-01,4,Pinnacle Supply Co,545,0,4,3,0,28.7,2026-01-02
CUST116209,Linda Adams,28,Male,Corporate,Silver,USA,New York,Albany,North America,PRD20413,FreshMart Snacks 190,Grocery,Snacks,FreshMart,TXN21000147,2026-02-26T03:24:00Z,2026-03-06T03:24:00Z,Digital Wallet,In-Store,USD,4,18.55,0.22,10.41,6.39,74.68,3.86,0.0517,WH-EU-01,8,Vertex Distribution,79,0,4,6,1,4.5,2026-01-02
CUST100432,Lucas Miller,51,Female,Small Business,Silver,Australia,New South Wales,Sydney,Asia Pacific,PRD20130,Orchard Beverages 565,Grocery,Beverages,Orchard,TXN21000148,2026-02-25T09:13:00Z,2026-03-01T09:13:00Z,Debit Card,Call Center,AUD,3,27.19,0.086,5.01,11.61,91.17,15.17,0.1664,WH-APAC-01,4,Anchor Wholesale,635,0,4,3,0,5.5,2026-01-02
CUST105577,Michael Taylor,37,Male,Consumer,Bronze,Germany,Hesse,Frankfurt,Europe,PRD20720,RoadKing Tools 139,Automotive,Tools,RoadKing,TXN21000149,2026-02-11T15:03:00Z,2026-02-14T15:03:00Z,Digital Wallet,Mobile App,EUR,5,40.91,0.044,31.13,5.13,231.81,72.17,0.3113,WH-APAC-02,3,Meridian Traders,621,0,5,7,0,18.7,2026-01-02
CUST112127,Omar Moore,48,Female,Consumer,Bronze,USA,Florida,Orlando,North America,PRD20754,Bloom Skincare 680,Beauty & Personal Care,Skincare,Bloom,TXN21000150,2026-02-03T22:18:00Z,2026-02-11T22:18:00Z,Digital Wallet,Online,USD,5,79.74,0.137,53.3,4.07,401.45,186.51,0.4646,WH-NA-02,8,Vertex Distribution,271,0,5,8,0,8.4,2026-01-02
CUST105773,Valentina Davis,27,Male,Small Business,Silver,USA,California,Los Angeles,North America,PRD20267,NestWell Smart Speakers 960,Smart Home,Smart Speakers,NestWell,TXN21000151,2026-02-21T21:43:00Z,2026-02-26T21:43:00Z,Bank Transfer,Online,USD,3,48.5,0.129,7.21,4.82,138.76,35.94,0.259,WH-EU-02,5,Summit Logistics Group,247,0,11,5,1,10,2026-01-02
CUST110193,Isabella Adams,25,Female,Consumer,Gold,UK,Wales,Cardiff,Europe,PRD20755,HomeSense Security Cameras 244,Smart Home,Security Cameras,HomeSense,TXN21000152,2026-02-28T09:33:00Z,2026-03-06T09:33:00Z,Digital Wallet,Online,GBP,4,106.99,0.033,81,1.51,496.35,146.79,0.2957,WH-NA-01,6,GlobalSource Ltd,566,0,5,6,1,11.6,2026-01-02
CUST113601,Olivia Torres,49,Female,Small Business,Silver,USA,California,Los Angeles,North America,PRD20178,PeakGear Footwear 597,Sports & Outdoors,Footwear,PeakGear,TXN21000153,2026-02-04T19:40:00Z,2026-02-09T19:40:00Z,Gift Card,In-Store,USD,5,380.61,0.159,254.24,7.35,1862.06,571.3,0.3068,WH-EU-02,5,Vertex Distribution,469,0,6,7,0,7.4,2026-01-02
CUST106217,Chen Smith,18,Female,Consumer,Platinum,Brazil,Rio de Janeiro,Rio de Janeiro City,Latin America,PRD20333,PureGlow Wellness 925,Beauty & Personal Care,Wellness,PureGlow,TXN21000154,2026-02-12T05:22:00Z,2026-02-16T05:22:00Z,Bank Transfer,Online,BRL,4,124.99,0.118,29.26,5.02,475.24,243.38,0.5121,WH-NA-01,4,Summit Logistics Group,507,0,2,7,0,9.8,2026-01-02
CUST117347,Linda Carter,37,Male,Corporate,Silver,Canada,Ontario,Ottawa,North America,PRD21063,Velvet Skincare 343,Beauty & Personal Care,Skincare,Velvet,TXN21000155,2026-02-12T02:12:00Z,2026-02-21T02:12:00Z,Cash on Delivery,In-Store,CAD,2,74.55,0.037,22.95,7.74,174.27,84.66,0.4858,WH-NA-01,9,Meridian Traders,171,1,4,3,1,12.2,2026-01-02
CUST105776,Richard Smith,31,Male,Consumer,Bronze,India,Delhi,New Delhi,Asia Pacific,PRD20425,Zentek Smart Lighting 299,Smart Home,Smart Lighting,Zentek,TXN21000156,2026-02-28T16:47:00Z,2026-03-04T16:47:00Z,Bank Transfer,Marketplace,INR,4,342.46,0.221,143.17,10.86,1221.14,212.33,0.1739,WH-NA-02,4,Anchor Wholesale,340,0,3,6,0,6.3,2026-01-02
CUST114093,Patricia Green,23,Male,Small Business,Silver,Vietnam,Hanoi,Hanoi City,Asia Pacific,PRD20590,Lumiere Haircare 238,Beauty & Personal Care,Haircare,Lumiere,TXN21000157,2026-02-23T16:55:00Z,2026-03-03T16:55:00Z,Gift Card,Marketplace,VND,4,190.49,0.227,93.63,8.17,690.8,287.87,0.4167,WH-LATAM-01,8,Summit Logistics Group,76,0,4,6,1,11.6,2026-01-02
CUST103395,Richard Scott,59,Male,Small Business,Silver,USA,California,San Francisco,North America,PRD20568,Domus Bedding 246,Home & Kitchen,Bedding,Domus,TXN21000158,2026-02-23T23:36:00Z,2026-02-27T23:36:00Z,Gift Card,In-Store,USD,2,881.99,0.074,299.25,3.09,1935.79,624.45,0.3226,WH-NA-02,4,Meridian Traders,390,0,2,2,0,10.5,2026-01-02
CUST111488,Elizabeth Hill,18,Female,Home Office,Silver,Brazil,Sao Paulo,Campinas,Latin America,PRD21318,FitWear Kidswear 791,Apparel,Kidswear,FitWear,TXN21000159,2026-02-22T22:10:00Z,2026-02-26T22:10:00Z,Gift Card,Online,BRL,3,179.26,0.037,54.96,10.97,583.81,266.2,0.456,WH-LATAM-01,4,Meridian Traders,382,0,7,6,0,8.1,2026-01-02
CUST115440,Jennifer Scott,50,Male,Corporate,Silver,USA,California,San Francisco,North America,PRD20456,PureGlow Wellness 556,Beauty & Personal Care,Wellness,PureGlow,TXN21000160,2026-02-28T11:10:00Z,2026-03-05T11:10:00Z,Digital Wallet,Marketplace,USD,4,187.87,0.166,77.26,7.4,711.39,329.75,0.4635,WH-EU-01,5,GlobalSource Ltd,505,0,4,4,0,4.3,2026-01-02
CUST117480,Mateo Rodriguez,23,Female,Home Office,Silver,USA,California,San Francisco,North America,PRD20680,Orion Tablets 611,Electronics,Tablets,Orion,TXN21000161,2026-02-02T01:32:00Z,2026-02-08T01:32:00Z,Digital Wallet,In-Store,USD,4,1626.61,0.057,1073.86,8.08,7217.51,1534.22,0.2126,WH-APAC-01,6,Anchor Wholesale,404,0,2,7,0,3.7,2026-01-02
CUST103948,Ananya Martinez,64,Male,Consumer,Bronze,USA,Texas,Houston,North America,PRD20791,AromaCo Skincare 289,Beauty & Personal Care,Skincare,AromaCo,TXN21000162,2026-02-18T11:04:00Z,2026-02-26T11:04:00Z,Digital Wallet,In-Store,USD,3,116.78,0.059,36.71,10.48,376.86,191.22,0.5074,WH-APAC-01,8,Anchor Wholesale,141,0,6,3,1,20.1,2026-01-02
CUST102691,Fatima Baker,33,Male,Small Business,Bronze,India,Maharashtra,Pune,Asia Pacific,PRD20666,Lumiere Fragrance 994,Beauty & Personal Care,Fragrance,Lumiere,TXN21000163,2026-02-11T10:40:00Z,2026-02-18T10:40:00Z,Debit Card,Mobile App,INR,6,150.34,0.138,134.93,3.63,916.12,421.07,0.4596,WH-EU-01,7,Meridian Traders,183,0,6,8,0,10.6,2026-01-02
CUST122451,John Young,60,Male,Home Office,Gold,USA,California,San Francisco,North America,PRD21237,Brava Accessories 982,Apparel,Accessories,Brava,TXN21000164,2026-02-14T21:15:00Z,2026-02-20T21:15:00Z,Credit Card,Online,USD,4,150.61,0.116,81.34,7.37,621.27,250.62,0.4034,WH-LATAM-01,6,Summit Logistics Group,374,0,4,4,0,6.5,2026-01-02
CUST123105,Layla Wilson,56,Female,Consumer,Silver,India,Karnataka,Mysore,Asia Pacific,PRD20385,RoadKing Tools 118,Automotive,Tools,RoadKing,TXN21000165,2026-02-27T14:14:00Z,2026-03-07T14:14:00Z,Credit Card,In-Store,INR,3,315.37,0.224,51.58,4.62,790.38,163.49,0.2068,WH-APAC-02,8,Pinnacle Supply Co,82,0,3,4,1,2.6,2026-01-02
CUST102095,Noah Wright,39,Male,Small Business,Gold,USA,New York,Buffalo,North America,PRD20079,NestWell Smart Lighting 398,Smart Home,Smart Lighting,NestWell,TXN21000166,2026-02-02T20:45:00Z,2026-02-09T20:45:00Z,Digital Wallet,Mobile App,USD,9,149.36,0.178,193.83,7.22,1306.02,266.16,0.2038,WH-NA-02,7,Pinnacle Supply Co,199,0,5,11,0,5.1,2026-01-02
CUST120678,Elizabeth Carter,35,Male,Small Business,Silver,Brazil,Rio de Janeiro,Rio de Janeiro City,Latin America,PRD21343,HomeCraft Appliances 168,Home & Kitchen,Appliances,HomeCraft,TXN21000167,2026-02-24T02:23:00Z,2026-02-26T02:23:00Z,Credit Card,In-Store,BRL,7,697.51,0.182,239.57,5.53,4239.04,1201.11,0.2833,WH-APAC-02,2,Anchor Wholesale,618,0,4,9,1,1.8,2026-01-02
CUST102070,Haruto Adams,33,Male,Small Business,Bronze,USA,Florida,Miami,North America,PRD21352,PeakGear Camping 918,Sports & Outdoors,Camping,PeakGear,TXN21000168,2026-02-17T09:28:00Z,2026-02-24T09:28:00Z,Cash on Delivery,Mobile App,USD,5,16.22,0.037,8.97,1.6,88.67,34.24,0.3862,WH-NA-01,7,GlobalSource Ltd,113,0,7,6,0,6.8,2026-01-02
CUST118684,Li Clark,51,Male,Small Business,Bronze,France,Provence,Nice,Europe,PRD21218,BrainBox Action Figures 606,Toys & Games,Action Figures,BrainBox,TXN21000169,2026-02-21T13:16:00Z,2026-02-26T13:16:00Z,Gift Card,In-Store,EUR,2,96.06,0.094,29.5,6.46,210.02,78.15,0.3721,WH-LATAM-01,5,GlobalSource Ltd,367,0,8,5,0,13.9,2026-01-02
CUST112417,Robert Patel,29,Non-Binary,Corporate,Silver,France,Provence,Marseille,Europe,PRD20874,TrailBlaze Fitness Equipment 350,Sports & Outdoors,Fitness Equipment,TrailBlaze,TXN21000170,2026-02-27T04:06:00Z,2026-03-03T04:06:00Z,Digital Wallet,In-Store,EUR,3,299.93,0.086,133.63,2.4,958.44,335.8,0.3504,WH-EU-01,4,Meridian Traders,621,0,9,4,0,4.1,2026-01-02
CUST105764,Fatima Allen,56,Male,Home Office,Bronze,USA,Florida,Miami,North America,PRD20745,TechNova Laptops 784,Electronics,Laptops,TechNova,TXN21000171,2026-02-28T18:59:00Z,2026-03-05T18:59:00Z,Digital Wallet,In-Store,USD,6,1713.85,0.218,454.47,9.77,8505.62,769.18,0.0904,WH-APAC-01,5,GlobalSource Ltd,561,0,5,8,1,9.7,2026-01-02
CUST115809,Li Nguyen,36,Male,Consumer,Bronze,Canada,Quebec,Quebec City,North America,PRD20230,Colton Accessories 842,Apparel,Accessories,Colton,TXN21000172,2026-02-13T13:15:00Z,2026-02-19T13:15:00Z,Gift Card,Mobile App,CAD,4,41.5,0.168,24.7,10.47,173.28,60.42,0.3487,WH-EU-02,6,Summit Logistics Group,359,0,4,5,0,6.1,2026-01-02
CUST113878,Haruto Johnson,42,Female,Consumer,Bronze,USA,Florida,Orlando,North America,PRD20723,Lumiere Wellness 694,Beauty & Personal Care,Wellness,Lumiere,TXN21000173,2026-02-25T01:13:00Z,2026-03-02T01:13:00Z,Debit Card,In-Store,USD,3,63.49,0.163,29.05,11.77,200.24,84.15,0.4202,WH-NA-02,5,GlobalSource Ltd,249,0,6,4,1,11.8,2026-01-02
CUST104047,Richard Nguyen,48,Female,Consumer,Gold,UK,Scotland,Glasgow,Europe,PRD20395,FunLoop Board Games 793,Toys & Games,Board Games,FunLoop,TXN21000174,2026-02-19T16:52:00Z,2026-02-26T16:52:00Z,Digital Wallet,Marketplace,GBP,5,58.97,0.053,54.88,10,344.1,132.03,0.3837,WH-LATAM-01,7,Pinnacle Supply Co,294,0,2,8,0,10.1,2026-01-02
CUST103343,Sofia Jackson,39,Male,Consumer,Silver,Japan,Kansai,Kyoto,Asia Pacific,PRD20065,Luxora Furniture 857,Home & Kitchen,Furniture,Luxora,TXN21000175,2026-02-22T04:38:00Z,2026-02-24T04:38:00Z,Credit Card,Mobile App,JPY,5,314.93,0.211,151.17,8.53,1402.1,341.7,0.2437,WH-NA-02,2,Anchor Wholesale,569,0,5,6,1,10,2026-01-02
CUST103439,Ethan Sanchez,26,Female,Consumer,Bronze,UK,Scotland,Edinburgh,Europe,PRD20202,FreshMart Beverages 918,Grocery,Beverages,FreshMart,TXN21000176,2026-02-24T21:10:00Z,2026-03-05T21:10:00Z,Gift Card,Online,GBP,3,28.88,0.245,11.47,5.35,82.23,2.34,0.0285,WH-EU-01,9,Anchor Wholesale,172,0,4,3,1,9.5,2026-01-02
CUST112520,Emma Jones,40,Male,Consumer,Silver,India,Maharashtra,Pune,Asia Pacific,PRD20138,DailyGoods Fresh Produce 698,Grocery,Fresh Produce,DailyGoods,TXN21000177,2026-02-01T04:25:00Z,2026-02-03T04:25:00Z,Digital Wallet,Online,INR,3,20.81,0.113,2.93,6.96,65.27,9.93,0.1521,WH-EU-02,2,Meridian Traders,624,0,4,6,0,7.9,2026-01-02
CUST120379,Patricia Young,69,Female,Consumer,Bronze,UK,Scotland,Edinburgh,Europe,PRD20372,DailyGoods Pantry 463,Grocery,Pantry,DailyGoods,TXN21000178,2026-02-28T21:37:00Z,2026-03-05T21:37:00Z,Debit Card,Online,GBP,3,30.94,0.331,3.84,7.81,73.75,-5.48,-0.0743,WH-EU-02,5,Meridian Traders,226,1,4,4,0,5.5,2026-01-02
CUST118689,Olivia Martinez,25,Female,Home Office,Platinum,India,Karnataka,Bangalore,Asia Pacific,PRD20342,BrainBox Puzzles 916,Toys & Games,Puzzles,BrainBox,TXN21000179,2026-02-26T04:02:00Z,2026-03-03T04:02:00Z,Debit Card,Online,INR,5,49.2,0.122,17.96,9.08,243.03,93.18,0.3834,WH-NA-01,5,Anchor Wholesale,216,0,7,6,0,10.2,2026-01-02
CUST111639,John Roberts,41,Female,Small Business,Bronze,Germany,Hesse,Frankfurt,Europe,PRD20401,FreshMart Fresh Produce 284,Grocery,Fresh Produce,FreshMart,TXN21000180,2026-02-19T02:45:00Z,2026-02-25T02:45:00Z,Digital Wallet,In-Store,EUR,4,24.15,0.215,10.84,5.9,92.57,5.51,0.0595,WH-NA-01,6,Pinnacle Supply Co,333,1,4,4,1,18.8,2026-01-02
CUST105526,Arjun Garcia,48,Female,Small Business,Bronze,USA,California,San Francisco,North America,PRD20005,FreshMart Frozen Foods 184,Grocery,Frozen Foods,FreshMart,TXN21000181,2026-02-04T15:01:00Z,2026-02-09T15:01:00Z,Bank Transfer,In-Store,USD,5,38.17,0.09,20.98,7.44,202.09,34.73,0.1719,WH-APAC-02,5,Summit Logistics Group,357,0,4,7,0,6.2,2026-01-02
CUST122213,Ahmed Campbell,30,Female,Small Business,Bronze,Japan,Kansai,Osaka,Asia Pacific,PRD20182,Bloom Haircare 937,Beauty & Personal Care,Haircare,Bloom,TXN21000182,2026-02-18T21:38:00Z,2026-02-24T21:38:00Z,Debit Card,Online,JPY,4,99.33,0.12,22.74,9.82,382.2,192.62,0.504,WH-EU-02,6,Vertex Distribution,57,0,4,7,1,5.3,2026-01-02
CUST106832,Hannah Campbell,56,Female,Small Business,Bronze,Canada,British Columbia,Vancouver,North America,PRD20011,Velvet Skincare 934,Beauty & Personal Care,Skincare,Velvet,TXN21000183,2026-02-18T13:36:00Z,2026-02-19T13:36:00Z,Gift Card,Mobile App,CAD,3,92.95,0.022,48.02,6.35,327.09,162.51,0.4968,WH-EU-02,1,Anchor Wholesale,641,0,5,5,0,3.4,2026-01-02
CUST105678,Ava Rodriguez,18,Male,Consumer,Gold,Japan,Kanto,Yokohama,Asia Pacific,PRD20382,TrailBlaze Footwear 867,Sports & Outdoors,Footwear,TrailBlaze,TXN21000184,2026-02-11T02:22:00Z,2026-02-22T02:22:00Z,Credit Card,In-Store,JPY,4,487.6,0.098,141.28,6.63,1907.17,704.48,0.3694,WH-LATAM-01,11,GlobalSource Ltd,169,1,10,6,1,8.5,2026-01-02
CUST115838,Liam Thompson,30,Female,Small Business,Bronze,UK,Wales,Cardiff,Europe,PRD20939,HomeSense Smart Speakers 186,Smart Home,Smart Speakers,HomeSense,TXN21000185,2026-02-13T15:04:00Z,2026-02-17T15:04:00Z,Gift Card,Online,GBP,7,369.27,0.093,333.38,1.88,2679.76,731.52,0.273,WH-LATAM-01,4,Vertex Distribution,625,0,5,9,0,9.4,2026-01-02
CUST113452,Fatima Adams,47,Male,Consumer,Silver,France,Ile-de-France,Paris,Europe,PRD20869,Colton Menswear 724,Apparel,Menswear,Colton,TXN21000186,2026-02-13T19:34:00Z,2026-02-22T19:34:00Z,Cash on Delivery,Online,EUR,2,164.28,0.115,52.64,11.13,354.55,137.01,0.3864,WH-EU-01,9,GlobalSource Ltd,91,0,4,2,0,9,2026-01-02
CUST118144,Mateo Singh,38,Female,Consumer,Bronze,Japan,Kanto,Yokohama,Asia Pacific,PRD20529,Zentek Cameras 631,Electronics,Cameras,Zentek,TXN21000187,2026-02-10T13:02:00Z,2026-02-14T13:02:00Z,Digital Wallet,In-Store,JPY,4,963.07,0.137,541.69,7.26,3873.47,600.19,0.1549,WH-NA-02,4,Anchor Wholesale,511,0,7,4,0,13.3,2026-01-02
CUST114106,Rahul Ramirez,43,Female,Corporate,Bronze,UK,Wales,Cardiff,Europe,PRD20923,Zentek Security Cameras 446,Smart Home,Security Cameras,Zentek,TXN21000188,2026-02-11T06:53:00Z,2026-02-17T06:53:00Z,Bank Transfer,Marketplace,GBP,2,66.99,0.086,8.76,16.15,147.37,38.85,0.2636,WH-LATAM-01,6,Meridian Traders,251,0,4,5,0,14.5,2026-01-02
CUST101648,Thomas Smith,33,Male,Home Office,Bronze,Germany,Hesse,Frankfurt,Europe,PRD20789,TechNova Tablets 353,Electronics,Tablets,TechNova,TXN21000189,2026-02-21T09:25:00Z,2026-02-26T09:25:00Z,Digital Wallet,Online,EUR,3,460.82,0.1,244.45,7.07,1495.73,266.54,0.1782,WH-APAC-01,5,Vertex Distribution,462,0,7,5,1,6.2,2026-01-02
CUST115379,Emma Walker,46,Female,Consumer,Platinum,Brazil,Rio de Janeiro,Rio de Janeiro City,Latin America,PRD20216,Modique Footwear 710,Apparel,Footwear,Modique,TXN21000190,2026-02-10T10:55:00Z,2026-02-20T10:55:00Z,Bank Transfer,Online,BRL,4,78.84,0.145,45.96,7.12,322.71,122.04,0.3782,WH-APAC-02,10,Meridian Traders,116,0,4,4,0,27.9,2026-01-02
CUST123650,Rahul Walker,42,Female,Home Office,Bronze,USA,Texas,Austin,North America,PRD21204,Pulsar Cameras 656,Electronics,Cameras,Pulsar,TXN21000191,2026-02-06T13:48:00Z,2026-02-12T13:48:00Z,Digital Wallet,Online,USD,1,1763.08,0.031,233.65,9.18,1951.25,461.57,0.2366,WH-EU-02,6,GlobalSource Ltd,160,0,8,4,0,10.6,2026-01-02
CUST108189,Richard Wright,41,Male,Consumer,Silver,Mexico,Jalisco,Guadalajara,Latin America,PRD20599,Modique Accessories 923,Apparel,Accessories,Modique,TXN21000192,2026-02-18T02:40:00Z,2026-02-21T02:40:00Z,Digital Wallet,In-Store,MXN,3,137.81,0.137,53.39,4.34,414.52,163.3,0.3939,WH-APAC-02,3,Anchor Wholesale,631,0,5,4,0,9,2026-01-02
CUST109745,Patricia Brown,40,Male,Small Business,Bronze,India,Karnataka,Bangalore,Asia Pacific,PRD20181,Cucina Decor 252,Home & Kitchen,Decor,Cucina,TXN21000193,2026-02-18T15:52:00Z,2026-02-21T15:52:00Z,Bank Transfer,In-Store,INR,6,512.6,0.079,465.25,2.22,3300.1,1073.38,0.3253,WH-LATAM-01,3,GlobalSource Ltd,433,0,10,7,0,13.2,2026-01-02
CUST100801,Carlos Clark,40,Male,Corporate,Silver,Germany,Hesse,Frankfurt,Europe,PRD20056,Nutriva Snacks 528,Grocery,Snacks,Nutriva,TXN21000194,2026-02-13T07:20:00Z,2026-02-18T07:20:00Z,Digital Wallet,Online,EUR,2,60.54,0.172,12.17,16.26,128.68,12.11,0.0941,WH-LATAM-01,5,GlobalSource Ltd,424,1,4,4,1,4.3,2026-01-02
CUST104581,Diego Green,39,Female,Consumer,Bronze,Japan,Kansai,Osaka,Asia Pacific,PRD21104,PlayWorks Action Figures 966,Toys & Games,Action Figures,PlayWorks,TXN21000195,2026-02-05T00:56:00Z,2026-02-11T00:56:00Z,Digital Wallet,Online,JPY,3,79.94,0.079,29.23,5.2,255.3,101.16,0.3962,WH-LATAM-01,6,GlobalSource Ltd,214,0,3,5,0,6.4,2026-01-02
CUST101936,Yuki Williams,28,Female,Small Business,Bronze,France,Ile-de-France,Paris,Europe,PRD20649,TrailBlaze Footwear 632,Sports & Outdoors,Footwear,TrailBlaze,TXN21000196,2026-02-19T22:32:00Z,2026-02-23T22:32:00Z,Cash on Delivery,Mobile App,EUR,6,15.1,0.149,5.11,8.65,90.86,28.1,0.3093,WH-NA-02,4,GlobalSource Ltd,624,0,8,8,0,13.8,2026-01-02
CUST121235,Liam Wright,44,Male,Small Business,Platinum,India,Karnataka,Mysore,Asia Pacific,PRD20778,FreshMart Beverages 373,Grocery,Beverages,FreshMart,TXN21000197,2026-02-15T19:39:00Z,2026-02-21T19:39:00Z,Credit Card,Online,INR,3,17.9,0.032,4.97,13.29,70.24,12.89,0.1835,WH-NA-01,6,Summit Logistics Group,316,0,6,5,1,6.7,2026-01-02
CUST119027,Liam Carter,45,Male,Consumer,Bronze,USA,California,San Francisco,North America,PRD20024,Cucina Appliances 720,Home & Kitchen,Appliances,Cucina,TXN21000198,2026-02-10T03:22:00Z,2026-02-14T03:22:00Z,Credit Card,In-Store,USD,2,904.97,0.156,215.86,11.95,1755.4,492.3,0.2804,WH-NA-02,4,Anchor Wholesale,327,0,3,3,1,6,2026-01-02
CUST115329,Li Campbell,36,Female,Small Business,Platinum,USA,New York,Albany,North America,PRD20349,OrbitAI Security Cameras 199,Smart Home,Security Cameras,OrbitAI,TXN21000199,2026-02-12T02:55:00Z,2026-02-20T02:55:00Z,Credit Card,Mobile App,USD,2,341.25,0.089,76.71,9.17,707.64,195.88,0.2768,WH-APAC-01,8,GlobalSource Ltd,121,0,4,3,0,15,2026-01-02
CUST108319,Mateo Walker,34,Female,Small Business,Silver,Germany,Berlin,Berlin,Europe,PRD20439,AromaCo Makeup 896,Beauty & Personal Care,Makeup,AromaCo,TXN21000200,2026-02-01T08:01:00Z,2026-02-09T08:01:00Z,Cash on Delivery,Online,EUR,5,30.44,0.036,10.34,6.69,163.75,86.57,0.5287,WH-EU-02,8,Meridian Traders,60,0,3,8,0,15.2,2026-01-02
CUST105244,Priya Rivera,50,Male,Consumer,Gold,USA,New York,Albany,North America,PRD21040,AutoPro Electronics 870,Automotive,Electronics,AutoPro,TXN21000201,2026-02-01T08:35:00Z,2026-02-10T08:35:00Z,Cash on Delivery,In-Store,USD,6,131.47,0.01,107.68,4.9,893.51,305.12,0.3415,WH-APAC-02,9,Vertex Distribution,90,0,2,9,0,5.7,2026-01-02
CUST115288,Elizabeth Smith,53,Female,Small Business,Gold,Japan,Kansai,Osaka,Asia Pacific,PRD20675,NestWell Security Cameras 165,Smart Home,Security Cameras,NestWell,TXN21000202,2026-02-10T00:18:00Z,2026-02-18T00:18:00Z,Credit Card,Online,JPY,1,291.47,0.04,25.36,10.47,315.64,97.93,0.3103,WH-EU-02,8,Summit Logistics Group,101,0,8,2,0,10.6,2026-01-02
CUST117239,Jennifer Flores,50,Female,Consumer,Bronze,USA,Texas,Houston,North America,PRD20991,ActivFlex Team Sports 502,Sports & Outdoors,Team Sports,ActivFlex,TXN21000203,2026-02-24T11:21:00Z,2026-03-01T11:21:00Z,Digital Wallet,Call Center,USD,3,537.68,0.194,258.01,7.73,1565.85,427.78,0.2732,WH-EU-01,5,GlobalSource Ltd,275,0,6,4,1,4,2026-01-02
CUST115178,Li Williams,39,Male,Corporate,Gold,USA,New York,Albany,North America,PRD20684,Lumiere Fragrance 951,Beauty & Personal Care,Fragrance,Lumiere,TXN21000204,2026-02-07T19:11:00Z,2026-02-17T19:11:00Z,Debit Card,Mobile App,USD,8,23.98,0.031,24.74,7.92,218.55,110.08,0.5037,WH-LATAM-01,10,Meridian Traders,126,0,7,9,0,11.3,2026-01-02
CUST102360,Liam Wright,28,Male,Corporate,Gold,Germany,Berlin,Berlin,Europe,PRD21271,AromaCo Fragrance 133,Beauty & Personal Care,Fragrance,AromaCo,TXN21000205,2026-02-13T14:10:00Z,2026-02-19T14:10:00Z,Credit Card,In-Store,EUR,2,84.46,0.092,13.02,9.24,175.64,86.62,0.4932,WH-NA-01,6,Anchor Wholesale,400,0,2,3,1,2.3,2026-01-02
CUST119889,Isabella Singh,35,Male,Home Office,Silver,Brazil,Sao Paulo,Sao Paulo City,Latin America,PRD21004,NestWell Smart Lighting 469,Smart Home,Smart Lighting,NestWell,TXN21000206,2026-02-10T15:48:00Z,2026-02-18T15:48:00Z,Cash on Delivery,In-Store,BRL,5,325.01,0.154,237.08,3.45,1615.32,360.76,0.2233,WH-APAC-01,8,Vertex Distribution,246,0,6,7,1,6.6,2026-01-02
CUST103496,Hannah Rivera,39,Female,Home Office,Platinum,USA,Florida,Tampa,North America,PRD21284,Luxora Cookware 570,Home & Kitchen,Cookware,Luxora,TXN21000207,2026-02-25T23:36:00Z,2026-03-04T23:36:00Z,Debit Card,Mobile App,USD,5,697.85,0.062,237.81,1.36,3512.09,1277.07,0.3636,WH-EU-02,7,Summit Logistics Group,207,0,5,5,0,24.4,2026-01-02
CUST106942,Thomas Williams,42,Male,Small Business,Silver,Canada,British Columbia,Vancouver,North America,PRD20008,NestWell Decor 890,Home & Kitchen,Decor,NestWell,TXN21000208,2026-02-19T17:57:00Z,2026-02-22T17:57:00Z,Digital Wallet,Online,CAD,4,521.8,0.073,313.33,6.59,2254.75,740.96,0.3286,WH-NA-02,3,Summit Logistics Group,463,0,2,5,0,3.2,2026-01-02
CUST119202,Mary Carter,55,Female,Consumer,Silver,UK,England,London,Europe,PRD20444,RoadKing Car Care 489,Automotive,Car Care,RoadKing,TXN21000209,2026-02-09T05:17:00Z,2026-02-14T05:17:00Z,Digital Wallet,In-Store,GBP,4,331.57,0.297,100.85,10.43,1043.65,132.36,0.1268,WH-LATAM-01,5,Meridian Traders,297,0,4,4,1,4.8,2026-01-02
CUST111428,Lukas Nelson,48,Male,Consumer,Silver,USA,Texas,Austin,North America,PRD20474,Orion Smartphones 331,Electronics,Smartphones,Orion,TXN21000210,2026-02-10T19:13:00Z,2026-02-17T19:13:00Z,Gift Card,Mobile App,USD,4,1226.19,0.16,793.12,10.47,4923.59,651.35,0.1323,WH-NA-01,7,GlobalSource Ltd,242,0,8,5,1,12.1,2026-01-02
CUST121285,Patricia Kumar,51,Male,Small Business,Gold,UK,Wales,Cardiff,Europe,PRD21052,Zentek Laptops 673,Electronics,Laptops,Zentek,TXN21000211,2026-02-04T00:35:00Z,2026-02-09T00:35:00Z,Gift Card,Online,GBP,2,1165,0.212,207.65,16.94,2060.63,188.26,0.0914,WH-EU-02,5,Summit Logistics Group,340,0,5,5,0,14.7,2026-01-02
CUST104685,Karen Hill,57,Male,Consumer,Gold,USA,California,San Diego,North America,PRD21293,PlayWorks Puzzles 960,Toys & Games,Puzzles,PlayWorks,TXN21000212,2026-02-19T01:08:00Z,2026-02-23T01:08:00Z,Cash on Delivery,In-Store,USD,2,120.38,0.053,30.16,7.93,266.09,107.81,0.4052,WH-NA-01,4,Meridian Traders,575,1,5,4,0,4.1,2026-01-02
CUST123996,Sofia Green,41,Male,Consumer,Bronze,Australia,Victoria,Geelong,Asia Pacific,PRD21372,Domus Decor 313,Home & Kitchen,Decor,Domus,TXN21000213,2026-02-14T17:06:00Z,2026-02-18T17:06:00Z,Debit Card,Mobile App,AUD,2,732.45,0.06,155.66,15.99,1548.66,539.08,0.3481,WH-APAC-01,4,Vertex Distribution,545,0,5,5,0,9.5,2026-01-02
CUST117432,Hannah Rivera,49,Female,Small Business,Gold,Australia,New South Wales,Newcastle,Asia Pacific,PRD20004,DriveMax Car Care 424,Automotive,Car Care,DriveMax,TXN21000214,2026-02-05T18:07:00Z,2026-02-13T18:07:00Z,Debit Card,Online,AUD,4,380.33,0.046,165.56,4.09,1620.99,533.68,0.3292,WH-APAC-01,8,Anchor Wholesale,201,0,6,7,0,6.8,2026-01-02
CUST116025,Joseph Thompson,50,Female,Corporate,Gold,USA,Texas,Austin,North America,PRD20730,Brava Footwear 334,Apparel,Footwear,Brava,TXN21000215,2026-02-21T16:09:00Z,2026-02-28T16:09:00Z,Bank Transfer,Mobile App,USD,4,169.76,0.147,95.64,10.84,685.7,261.43,0.3813,WH-APAC-02,7,Anchor Wholesale,177,0,3,4,0,4,2026-01-02
CUST117756,Lucas Smith,53,Male,Consumer,Platinum,Japan,Kanto,Tokyo,Asia Pacific,PRD20469,Modique Womenswear 957,Apparel,Womenswear,Modique,TXN21000216,2026-02-11T06:54:00Z,2026-02-14T06:54:00Z,Debit Card,Mobile App,JPY,5,156.98,0.079,101.87,1.57,826.33,355.56,0.4303,WH-EU-01,3,GlobalSource Ltd,606,0,6,8,0,2.6,2026-01-02
CUST114879,John Green,38,Female,Consumer,Bronze,Vietnam,Ho Chi Minh,Ho Chi Minh City,Asia Pacific,PRD20765,Orion Headphones 936,Electronics,Headphones,Orion,TXN21000217,2026-02-13T18:38:00Z,2026-02-17T18:38:00Z,Digital Wallet,In-Store,VND,6,1662.71,0.118,1209.58,5.03,10013.67,1743.85,0.1741,WH-APAC-02,4,Vertex Distribution,430,1,2,7,0,5.8,2026-01-02
CUST106628,Susan Torres,53,Male,Small Business,Silver,USA,Texas,Houston,North America,PRD21100,KidJoy Educational 384,Toys & Games,Educational,KidJoy,TXN21000218,2026-02-12T13:20:00Z,2026-02-16T13:20:00Z,Gift Card,Online,USD,2,10.42,0.205,3.07,5.73,25.37,6.16,0.2428,WH-APAC-02,4,Summit Logistics Group,635,0,4,5,1,14.7,2026-01-02
CUST102445,Ananya Sanchez,35,Male,Corporate,Gold,USA,California,Los Angeles,North America,PRD20993,OrbitAI Security Cameras 613,Smart Home,Security Cameras,OrbitAI,TXN21000219,2026-02-02T23:50:00Z,2026-02-05T23:50:00Z,Credit Card,In-Store,USD,6,291.75,0.13,184.56,6.72,1714.22,430.62,0.2512,WH-NA-02,3,Pinnacle Supply Co,477,1,4,6,0,3.5,2026-01-02
CUST118667,Richard Perez,32,Male,Consumer,Bronze,USA,Florida,Tampa,North America,PRD20475,TechNova Cameras 731,Electronics,Cameras,TechNova,TXN21000220,2026-02-07T00:16:00Z,2026-02-11T00:16:00Z,Cash on Delivery,In-Store,USD,3,411.68,0.101,100.01,3.2,1213.51,236.88,0.1952,WH-EU-01,4,GlobalSource Ltd,552,0,4,3,0,6.2,2026-01-02
CUST102728,Linda Green,46,Male,Corporate,Silver,Australia,New South Wales,Sydney,Asia Pacific,PRD20041,GearHead Car Care 581,Automotive,Car Care,GearHead,TXN21000221,2026-02-06T00:16:00Z,2026-02-11T00:16:00Z,Bank Transfer,Online,AUD,1,352.06,0.108,56.79,17.34,388.17,101.67,0.2619,WH-EU-01,5,Summit Logistics Group,593,0,7,3,1,5,2026-01-02
CUST100693,Olivia Hill,45,Male,Corporate,Bronze,USA,Florida,Miami,North America,PRD21389,Velvet Fragrance 677,Beauty & Personal Care,Fragrance,Velvet,TXN21000222,2026-02-26T12:35:00Z,2026-03-07T12:35:00Z,Credit Card,Online,USD,3,5.82,0.022,1.34,1.9,20.32,10.18,0.501,WH-LATAM-01,9,Anchor Wholesale,143,0,5,3,0,12,2026-01-02
CUST103101,Sarah Smith,35,Female,Consumer,Silver,Australia,Victoria,Melbourne,Asia Pacific,PRD20618,Velvet Wellness 192,Beauty & Personal Care,Wellness,Velvet,TXN21000223,2026-02-20T03:40:00Z,2026-02-24T03:40:00Z,Gift Card,In-Store,AUD,6,52.29,0.104,20.94,3.83,305.88,157.12,0.5137,WH-NA-01,4,GlobalSource Ltd,290,0,9,6,0,4.5,2026-01-02
CUST102740,Ethan White,31,Female,Consumer,Bronze,Australia,Victoria,Melbourne,Asia Pacific,PRD20825,Zentek Smartphones 480,Electronics,Smartphones,Zentek,TXN21000224,2026-02-11T12:43:00Z,2026-02-19T12:43:00Z,Credit Card,In-Store,AUD,3,1469.9,0.229,267.39,7.07,3674.34,281.34,0.0766,WH-APAC-01,8,Pinnacle Supply Co,74,1,8,6,1,4.3,2026-01-02
CUST118198,Charles Johnson,62,Male,Home Office,Bronze,USA,Texas,Dallas,North America,PRD20781,BrainBox Puzzles 193,Toys & Games,Puzzles,BrainBox,TXN21000225,2026-02-26T16:11:00Z,2026-03-05T16:11:00Z,Digital Wallet,Online,USD,5,23.01,0.185,5.36,3.08,102.21,36.33,0.3554,WH-EU-02,7,Pinnacle Supply Co,279,0,5,7,1,11.7,2026-01-02
CUST114533,Jennifer Moore,60,Male,Consumer,Silver,India,Maharashtra,Mumbai,Asia Pacific,PRD20796,PeakGear Team Sports 590,Sports & Outdoors,Team Sports,PeakGear,TXN21000226,2026-02-23T11:18:00Z,2026-02-27T11:18:00Z,Digital Wallet,In-Store,INR,5,604.91,0.116,235.94,8.94,2918.58,1038.03,0.3557,WH-APAC-01,4,Vertex Distribution,645,0,7,8,0,10.4,2026-01-02
CUST110080,Omar Thompson,46,Female,Consumer,Bronze,USA,Florida,Miami,North America,PRD21201,BrainBox Puzzles 654,Toys & Games,Puzzles,BrainBox,TXN21000227,2026-02-15T02:39:00Z,2026-02-20T02:39:00Z,Credit Card,Online,USD,4,97.94,0.058,61.01,5.62,435.67,173.47,0.3982,WH-NA-01,5,GlobalSource Ltd,263,0,7,5,0,5.6,2026-01-02
CUST112057,Arjun Robinson,37,Female,Consumer,Bronze,USA,Florida,Miami,North America,PRD21067,HomeCraft Decor 733,Home & Kitchen,Decor,HomeCraft,TXN21000228,2026-02-18T04:39:00Z,2026-02-24T04:39:00Z,Digital Wallet,Mobile App,USD,4,631.6,0.115,220.38,9.81,2466.05,790.76,0.3207,WH-APAC-01,6,Anchor Wholesale,505,0,7,6,0,12.8,2026-01-02
CUST111574,Yuki Sanchez,40,Non-Binary,Small Business,Bronze,France,Ile-de-France,Paris,Europe,PRD20772,Harvest Pantry 462,Grocery,Pantry,Harvest,TXN21000229,2026-02-15T02:10:00Z,2026-02-24T02:10:00Z,Digital Wallet,In-Store,EUR,4,50.52,0.185,8.43,3.16,176.29,17.58,0.0997,WH-APAC-01,9,Summit Logistics Group,53,0,4,7,0,7.4,2026-01-02
CUST116788,Yuki Clark,39,Female,Corporate,Gold,Japan,Kanto,Tokyo,Asia Pacific,PRD21204,Pulsar Cameras 656,Electronics,Cameras,Pulsar,TXN21000230,2026-02-16T13:16:00Z,2026-02-22T13:16:00Z,Gift Card,Online,JPY,7,1786.95,0.138,1690.03,1.32,12473.81,1936.34,0.1552,WH-EU-02,6,Meridian Traders,478,0,2,9,0,5.5,2026-01-02
CUST122062,Isabella Allen,40,Male,Small Business,Platinum,India,Delhi,New Delhi,Asia Pacific,PRD20034,GearHead Accessories 350,Automotive,Accessories,GearHead,TXN21000231,2026-02-16T02:19:00Z,2026-02-22T02:19:00Z,Gift Card,Mobile App,INR,3,385.92,0.145,191.2,6.22,1187.3,291.52,0.2455,WH-EU-02,6,Vertex Distribution,98,0,9,6,0,13.2,2026-01-02
CUST100512,Wei Patel,56,Female,Consumer,Bronze,Brazil,Sao Paulo,Sao Paulo City,Latin America,PRD20643,BrainBox Action Figures 567,Toys & Games,Action Figures,BrainBox,TXN21000232,2026-02-23T09:27:00Z,2026-03-03T09:27:00Z,Credit Card,Marketplace,BRL,9,135.95,0.263,45.22,7.89,954.87,290.96,0.3047,WH-NA-02,8,Meridian Traders,175,1,4,10,1,8.3,2026-01-02
CUST109174,Karen Sanchez,64,Male,Consumer,Bronze,Germany,Berlin,Berlin,Europe,PRD20875,TrailBlaze Cycling 823,Sports & Outdoors,Cycling,TrailBlaze,TXN21000233,2026-02-11T13:09:00Z,2026-02-19T13:09:00Z,Credit Card,Marketplace,EUR,3,424.7,0.086,198.73,10.42,1373.68,475.49,0.3461,WH-LATAM-01,8,Summit Logistics Group,216,0,2,5,0,6,2026-01-02
CUST114712,Elizabeth Rodriguez,37,Male,Consumer,Bronze,Vietnam,Hanoi,Hanoi City,Asia Pacific,PRD21219,Rally Camping 802,Sports & Outdoors,Camping,Rally,TXN21000234,2026-02-18T06:45:00Z,2026-02-22T06:45:00Z,Digital Wallet,Marketplace,VND,2,215.49,0.13,33.53,2.74,411.22,141.88,0.345,WH-NA-02,4,Vertex Distribution,479,0,5,5,1,5,2026-01-02
CUST106894,Mei Wright,35,Male,Small Business,Bronze,India,Maharashtra,Pune,Asia Pacific,PRD21218,BrainBox Action Figures 606,Toys & Games,Action Figures,BrainBox,TXN21000235,2026-02-17T16:50:00Z,2026-02-21T16:50:00Z,Debit Card,In-Store,INR,5,88.76,0.182,61.1,3.23,427.36,141.48,0.3311,WH-EU-01,4,Meridian Traders,281,0,6,5,1,7.3,2026-01-02
CUST113440,Diego King,36,Female,Consumer,Silver,India,Karnataka,Bangalore,Asia Pacific,PRD20588,Sonyx Smartphones 906,Electronics,Smartphones,Sonyx,TXN21000236,2026-02-24T13:19:00Z,2026-03-01T13:19:00Z,Digital Wallet,Online,INR,2,1479.08,0.048,504.97,12.58,3333.72,724.16,0.2172,WH-NA-01,5,Meridian Traders,471,0,6,3,0,8.6,2026-01-02
CUST102614,Lucas Young,46,Female,Small Business,Platinum,France,Ile-de-France,Paris,Europe,PRD20171,TrailBlaze Cycling 739,Sports & Outdoors,Cycling,TrailBlaze,TXN21000237,2026-02-09T19:27:00Z,2026-02-15T19:27:00Z,Digital Wallet,Marketplace,EUR,5,257.56,0.128,168.05,4.33,1295.34,426.52,0.3293,WH-EU-01,6,GlobalSource Ltd,355,0,7,7,0,16.7,2026-01-02
CUST101156,Wei Carter,41,Male,Small Business,Silver,Japan,Kansai,Osaka,Asia Pacific,PRD20400,NestWell Thermostats 663,Smart Home,Thermostats,NestWell,TXN21000238,2026-02-02T15:40:00Z,2026-02-08T15:40:00Z,Digital Wallet,Mobile App,JPY,5,127.64,0.123,99.77,10.68,670.15,161.46,0.2409,WH-EU-01,6,Pinnacle Supply Co,352,0,3,7,0,3,2026-01-02
CUST110322,Hannah Carter,51,Female,Small Business,Gold,India,Maharashtra,Mumbai,Asia Pacific,PRD20328,Nutriva Snacks 333,Grocery,Snacks,Nutriva,TXN21000239,2026-02-01T17:41:00Z,2026-02-06T17:41:00Z,Bank Transfer,Online,INR,4,58.8,0.059,32.68,12.28,266.28,50.1,0.1881,WH-EU-01,5,Anchor Wholesale,431,0,8,4,0,9.7,2026-01-02
CUST112052,Hannah Flores,60,Male,Consumer,Gold,Brazil,Sao Paulo,Sao Paulo City,Latin America,PRD20462,Orion Cameras 342,Electronics,Cameras,Orion,TXN21000240,2026-02-22T04:11:00Z,2026-02-28T04:11:00Z,Debit Card,Online,BRL,6,122.2,0.122,69.32,5.2,718.27,125.23,0.1743,WH-EU-01,6,Vertex Distribution,274,0,8,6,0,10.5,2026-01-02
CUST114460,Isabella Carter,57,Male,Consumer,Bronze,USA,New York,Albany,North America,PRD20839,AutoPro Tools 532,Automotive,Tools,AutoPro,TXN21000241,2026-02-20T14:54:00Z,2026-02-24T14:54:00Z,Bank Transfer,Call Center,USD,6,501.19,0.122,505.48,9.97,3155.72,826.36,0.2619,WH-APAC-01,4,GlobalSource Ltd,524,0,7,6,0,13.2,2026-01-02
CUST113448,Linda Smith,47,Female,Corporate,Bronze,USA,Texas,Dallas,North America,PRD20288,Zentek Headphones 203,Electronics,Headphones,Zentek,TXN21000242,2026-02-20T07:28:00Z,2026-02-27T07:28:00Z,Cash on Delivery,In-Store,USD,3,533.84,0.073,268.76,3.42,1756.79,352.01,0.2004,WH-NA-02,7,Vertex Distribution,92,0,6,3,0,11.3,2026-01-02
CUST105715,Joseph Walker,38,Male,Home Office,Platinum,Brazil,Rio de Janeiro,Rio de Janeiro City,Latin America,PRD20986,NestWell Thermostats 644,Smart Home,Thermostats,NestWell,TXN21000243,2026-02-04T17:05:00Z,2026-02-10T17:05:00Z,Bank Transfer,Mobile App,BRL,3,220.78,0.124,94.45,9.29,683.95,166.91,0.244,WH-NA-02,6,Anchor Wholesale,312,0,5,3,0,13.3,2026-01-02
CUST103553,Hannah Perez,46,Male,Consumer,Bronze,Canada,Quebec,Montreal,North America,PRD21046,TechNova Tablets 338,Electronics,Tablets,TechNova,TXN21000244,2026-02-27T00:25:00Z,2026-03-06T00:25:00Z,Credit Card,In-Store,CAD,4,1244.53,0.047,688.29,5.8,5438.24,1223.62,0.225,WH-EU-01,7,Pinnacle Supply Co,171,0,7,4,0,6.5,2026-01-02
CUST121988,Robert Green,42,Male,Small Business,Gold,Japan,Kansai,Osaka,Asia Pacific,PRD20859,TrailBlaze Cycling 975,Sports & Outdoors,Cycling,TrailBlaze,TXN21000245,2026-02-02T12:28:00Z,2026-02-06T12:28:00Z,Gift Card,In-Store,JPY,3,233.67,0.11,33.94,10.07,667.91,244.79,0.3665,WH-EU-02,4,Summit Logistics Group,521,0,10,4,0,14.5,2026-01-02
CUST105277,Mia Ramirez,41,Female,Small Business,Silver,France,Provence,Nice,Europe,PRD20037,Tinker Board Games 365,Toys & Games,Board Games,Tinker,TXN21000246,2026-02-10T01:11:00Z,2026-02-12T01:11:00Z,Cash on Delivery,Online,EUR,4,106.73,0.088,49.19,7.76,446.3,176.23,0.3949,WH-EU-02,2,Meridian Traders,489,0,9,6,0,12.8,2026-01-02
CUST113755,Joseph Rivera,29,Male,Corporate,Silver,USA,Texas,Austin,North America,PRD20462,Orion Cameras 342,Electronics,Cameras,Orion,TXN21000247,2026-02-22T04:14:00Z,2026-02-27T04:14:00Z,Digital Wallet,Mobile App,USD,2,121.79,0.084,32.21,13.13,268.46,50.86,0.1895,WH-EU-01,5,Meridian Traders,474,0,6,3,0,7.7,2026-01-02
CUST116965,Ananya Perez,33,Male,Corporate,Bronze,India,Karnataka,Bangalore,Asia Pacific,PRD20140,GearHead Tires 685,Automotive,Tires,GearHead,TXN21000248,2026-02-10T01:13:00Z,2026-02-15T01:13:00Z,Digital Wallet,Online,INR,2,43.58,0.156,14.23,6.43,94.22,20.99,0.2228,WH-EU-02,5,Meridian Traders,376,0,7,2,1,6.9,2026-01-02
CUST115707,Ananya Rivera,34,Female,Consumer,Silver,Australia,Victoria,Melbourne,Asia Pacific,PRD20259,AromaCo Haircare 538,Beauty & Personal Care,Haircare,AromaCo,TXN21000249,2026-02-12T23:32:00Z,2026-02-15T23:32:00Z,Credit Card,In-Store,AUD,4,24.82,0.204,12.17,5.51,96.71,39.79,0.4114,WH-EU-01,3,Summit Logistics Group,604,0,7,5,1,8.3,2026-01-02
CUST108256,John Wright,51,Male,Corporate,Bronze,Germany,Berlin,Berlin,Europe,PRD20255,PureGlow Fragrance 916,Beauty & Personal Care,Fragrance,PureGlow,TXN21000250,2026-02-13T04:23:00Z,2026-02-19T04:23:00Z,Bank Transfer,Mobile App,EUR,8,15.82,0.065,15.92,5.18,139.43,68.32,0.49,WH-LATAM-01,6,Vertex Distribution,424,0,7,11,0,8,2026-01-02
CUST110034,Yuki Roberts,35,Male,Small Business,Bronze,Germany,Bavaria,Nuremberg,Europe,PRD21359,Zentek Headphones 898,Electronics,Headphones,Zentek,TXN21000251,2026-02-15T00:47:00Z,2026-02-24T00:47:00Z,Debit Card,Online,EUR,2,1210.48,0.128,196.41,5.38,2312.87,398.97,0.1725,WH-EU-01,9,GlobalSource Ltd,137,0,3,4,0,5.9,2026-01-02
CUST115662,Noah Singh,61,Female,Home Office,Bronze,Canada,British Columbia,Victoria,North America,PRD20841,Lumiere Skincare 581,Beauty & Personal Care,Skincare,Lumiere,TXN21000252,2026-02-08T11:42:00Z,2026-02-11T11:42:00Z,Credit Card,Online,CAD,5,26.92,0.057,17.82,3.16,147.91,73.73,0.4985,WH-EU-02,3,Summit Logistics Group,636,0,3,5,0,11.3,2026-01-02
CUST104846,Sarah Harris,30,Male,Consumer,Silver,France,Provence,Nice,Europe,PRD21318,FitWear Kidswear 791,Apparel,Kidswear,FitWear,TXN21000253,2026-02-03T21:19:00Z,2026-02-13T21:19:00Z,Digital Wallet,Call Center,EUR,4,191.57,0.066,44.19,7.01,766.91,357.09,0.4656,WH-EU-01,10,Pinnacle Supply Co,59,0,3,7,0,9.4,2026-01-02
CUST115897,Mei Hill,49,Male,Small Business,Gold,Japan,Kanto,Tokyo,Asia Pacific,PRD20912,Sonyx Headphones 657,Electronics,Headphones,Sonyx,TXN21000254,2026-02-24T03:11:00Z,2026-03-01T03:11:00Z,Cash on Delivery,Online,JPY,3,796.51,0.116,146.44,4.38,2263.16,422.47,0.1867,WH-APAC-02,5,Anchor Wholesale,385,0,6,4,0,10.3,2026-01-02
CUST106155,Priya Perez,42,Male,Small Business,Gold,USA,Florida,Tampa,North America,PRD21210,Sonyx Smartphones 855,Electronics,Smartphones,Sonyx,TXN21000255,2026-02-25T03:30:00Z,2026-02-27T03:30:00Z,Bank Transfer,In-Store,USD,3,352.47,0.013,99.95,9.87,1153.48,295.86,0.2565,WH-APAC-02,2,Meridian Traders,540,0,4,5,0,8.1,2026-01-02
CUST106679,James Lee,43,Female,Corporate,Silver,Australia,New South Wales,Newcastle,Asia Pacific,PRD20230,Colton Accessories 842,Apparel,Accessories,Colton,TXN21000256,2026-02-21T10:18:00Z,2026-02-25T10:18:00Z,Bank Transfer,In-Store,AUD,2,44,0.082,15.06,10.89,106.73,39.6,0.371,WH-NA-01,4,Vertex Distribution,628,0,3,2,0,13.7,2026-01-02
CUST101905,Emma Singh,35,Male,Home Office,Platinum,USA,California,San Diego,North America,PRD21277,Orion Headphones 733,Electronics,Headphones,Orion,TXN21000257,2026-02-02T16:26:00Z,2026-02-04T16:26:00Z,Credit Card,Mobile App,USD,5,575.54,0.188,262.93,9.78,2609.4,301.58,0.1156,WH-NA-02,2,Anchor Wholesale,641,0,4,6,1,14.8,2026-01-02
CUST117500,James Flores,43,Male,Small Business,Gold,USA,New York,Albany,North America,PRD20005,FreshMart Frozen Foods 184,Grocery,Frozen Foods,FreshMart,TXN21000258,2026-02-02T18:17:00Z,2026-02-04T18:17:00Z,Debit Card,In-Store,USD,4,41.97,0.021,19.65,9,193,42.14,0.2183,WH-APAC-02,2,Summit Logistics Group,613,0,8,5,1,10.9,2026-01-02
CUST110555,Li Jackson,63,Female,Corporate,Silver,Japan,Kanto,Yokohama,Asia Pacific,PRD21137,Zentek Cameras 280,Electronics,Cameras,Zentek,TXN21000259,2026-02-17T07:28:00Z,2026-02-22T07:28:00Z,Debit Card,Online,JPY,4,1519.63,0.064,600.78,10.08,6300.35,1390.77,0.2207,WH-EU-01,5,Anchor Wholesale,493,0,10,4,0,10.1,2026-01-02
CUST106137,Yuki Martinez,44,Female,Corporate,Gold,Canada,British Columbia,Vancouver,North America,PRD20505,Modique Menswear 510,Apparel,Menswear,Modique,TXN21000260,2026-02-08T15:27:00Z,2026-02-11T15:27:00Z,Debit Card,Online,CAD,7,123.14,0.204,37.51,4.53,728.18,282.73,0.3883,WH-APAC-02,3,Summit Logistics Group,495,0,2,10,1,2.8,2026-01-02
CUST107759,Ethan White,52,Female,Small Business,Silver,Brazil,Sao Paulo,Sao Paulo City,Latin America,PRD21151,TrailBlaze Cycling 993,Sports & Outdoors,Cycling,TrailBlaze,TXN21000261,2026-02-28T18:43:00Z,2026-03-09T18:43:00Z,Digital Wallet,Mobile App,BRL,5,500.44,0.166,380.02,10.35,2477.2,733.65,0.2962,WH-NA-02,9,Summit Logistics Group,194,0,5,8,1,10.1,2026-01-02
CUST110404,Barbara Jones,59,Female,Corporate,Bronze,Canada,Quebec,Quebec City,North America,PRD20002,DriveMax Electronics 284,Automotive,Electronics,DriveMax,TXN21000262,2026-02-17T20:23:00Z,2026-02-19T20:23:00Z,Gift Card,Online,CAD,7,107.89,0.178,87.36,4.1,712.26,165.24,0.232,WH-APAC-02,2,Anchor Wholesale,585,0,5,9,0,8.9,2026-01-02
CUST121186,Mia Davis,61,Non-Binary,Consumer,Silver,France,Ile-de-France,Paris,Europe,PRD21382,OrbitAI Smart Speakers 265,Smart Home,Smart Speakers,OrbitAI,TXN21000263,2026-02-04T07:34:00Z,2026-02-12T07:34:00Z,Debit Card,Marketplace,EUR,3,283.77,0.102,147.88,6.53,918.89,233.26,0.2538,WH-APAC-02,8,Meridian Traders,149,0,2,3,0,7.3,2026-01-02
CUST121627,Arjun Nguyen,42,Male,Corporate,Bronze,UK,Scotland,Edinburgh,Europe,PRD21246,SummitPro Team Sports 192,Sports & Outdoors,Team Sports,SummitPro,TXN21000264,2026-02-27T14:03:00Z,2026-03-03T14:03:00Z,Debit Card,Online,GBP,5,306.5,0.164,247.99,6.6,1535.76,452.39,0.2946,WH-APAC-02,4,Meridian Traders,441,0,4,8,1,3.6,2026-01-02
CUST107989,James Ramirez,36,Female,Consumer,Gold,UK,England,Birmingham,Europe,PRD20377,OrbitAI Smart Lighting 140,Smart Home,Smart Lighting,OrbitAI,TXN21000265,2026-02-25T02:59:00Z,2026-03-01T02:59:00Z,Digital Wallet,Mobile App,GBP,1,156.42,0.159,7.91,17.56,157.02,33.94,0.2162,WH-APAC-02,4,Meridian Traders,333,0,7,4,1,14.8,2026-01-02
CUST118364,Jessica Martin,52,Male,Consumer,Bronze,UK,Scotland,Glasgow,Europe,PRD20288,Zentek Headphones 203,Electronics,Headphones,Zentek,TXN21000266,2026-02-01T03:30:00Z,2026-02-05T03:30:00Z,Digital Wallet,Online,GBP,2,521.86,0.081,76.34,12.83,1048.35,221.06,0.2109,WH-NA-01,4,Anchor Wholesale,457,0,3,2,1,6.7,2026-01-02
CUST121171,Layla Baker,64,Female,Small Business,Bronze,USA,California,San Francisco,North America,PRD20387,Zentek Thermostats 865,Smart Home,Thermostats,Zentek,TXN21000267,2026-02-26T17:36:00Z,2026-03-03T17:36:00Z,Digital Wallet,Online,USD,6,263.74,0.044,276.48,8.18,1797.47,525.37,0.2923,WH-EU-01,5,Vertex Distribution,492,0,5,8,0,2.7,2026-01-02
CUST113637,Joseph Robinson,47,Female,Consumer,Bronze,Canada,Ontario,Ottawa,North America,PRD20353,NestWell Appliances 307,Home & Kitchen,Appliances,NestWell,TXN21000268,2026-02-27T18:29:00Z,2026-03-08T18:29:00Z,Digital Wallet,Online,CAD,3,120.62,0.059,55.28,4.92,400.71,133.53,0.3332,WH-NA-01,9,Meridian Traders,90,0,6,5,0,6.4,2026-01-02
CUST101664,Linda Carter,50,Female,Small Business,Silver,Mexico,Jalisco,Guadalajara,Latin America,PRD20050,TechNova Cameras 145,Electronics,Cameras,TechNova,TXN21000269,2026-02-23T00:12:00Z,2026-03-03T00:12:00Z,Debit Card,Mobile App,MXN,2,1374.93,0.02,391.01,7.37,3093.24,750.16,0.2425,WH-APAC-01,8,Vertex Distribution,166,0,7,2,0,13.8,2026-01-02
CUST121424,Ahmed Singh,49,Male,Small Business,Gold,USA,New York,Buffalo,North America,PRD21254,KidJoy Action Figures 825,Toys & Games,Action Figures,KidJoy,TXN21000270,2026-02-23T04:17:00Z,2026-02-28T04:17:00Z,Credit Card,Mobile App,USD,4,157.17,0.153,98.83,1.75,633.07,218.65,0.3454,WH-EU-02,5,Anchor Wholesale,470,1,2,4,1,6,2026-01-02
CUST109990,Noah Jackson,39,Female,Corporate,Silver,UK,England,Birmingham,Europe,PRD21047,OrbitAI Smart Lighting 219,Smart Home,Smart Lighting,OrbitAI,TXN21000271,2026-02-21T19:07:00Z,2026-02-25T19:07:00Z,Bank Transfer,Mobile App,GBP,4,282.8,0.192,140.02,4.87,1058.9,208.14,0.1966,WH-LATAM-01,4,Meridian Traders,496,0,8,5,0,6.5,2026-01-02
CUST105270,Arjun Walker,29,Male,Consumer,Silver,USA,New York,New York City,North America,PRD20379,TechNova Smartphones 490,Electronics,Smartphones,TechNova,TXN21000272,2026-02-12T06:11:00Z,2026-02-18T06:11:00Z,Gift Card,Online,USD,4,1614.72,0.122,970.54,8.92,6650.36,1103.18,0.1659,WH-APAC-02,6,Anchor Wholesale,431,0,8,7,1,22.9,2026-01-02
CUST121716,Carlos Williams,35,Male,Consumer,Gold,Australia,Victoria,Geelong,Asia Pacific,PRD21200,Orion Laptops 644,Electronics,Laptops,Orion,TXN21000273,2026-02-28T21:06:00Z,2026-03-07T21:06:00Z,Digital Wallet,Online,AUD,3,1610.55,0.073,707.95,3.99,5190.88,1062,0.2046,WH-EU-02,7,Vertex Distribution,187,0,6,4,0,24.1,2026-01-02
CUST102834,Haruto Allen,31,Male,Home Office,Bronze,USA,California,Los Angeles,North America,PRD20228,Colton Kidswear 779,Apparel,Kidswear,Colton,TXN21000274,2026-02-08T15:13:00Z,2026-02-13T15:13:00Z,Debit Card,Mobile App,USD,4,121.33,0.307,36.94,5.86,379.13,109.2,0.288,WH-NA-02,5,GlobalSource Ltd,435,0,6,7,0,6.9,2026-01-02
CUST110617,Michael Lee,51,Female,Small Business,Bronze,India,Maharashtra,Mumbai,Asia Pacific,PRD20912,Sonyx Headphones 657,Electronics,Headphones,Sonyx,TXN21000275,2026-02-01T04:37:00Z,2026-02-06T04:37:00Z,Digital Wallet,Mobile App,INR,4,792.8,0.077,406.35,3.97,3337.34,684.34,0.2051,WH-APAC-02,5,Meridian Traders,582,0,4,6,0,6.2,2026-01-02
CUST120612,Hannah Sanchez,32,Male,Home Office,Silver,Canada,British Columbia,Vancouver,North America,PRD21230,Colton Womenswear 953,Apparel,Womenswear,Colton,TXN21000276,2026-02-24T16:08:00Z,2026-03-01T16:08:00Z,Digital Wallet,In-Store,CAD,2,122.51,0.196,38.3,15.69,250.99,82.33,0.328,WH-APAC-01,5,Summit Logistics Group,179,1,5,2,1,3.9,2026-01-02
CUST106470,Haruto Miller,36,Male,Consumer,Platinum,USA,California,San Diego,North America,PRD20166,OrbitAI Smart Lighting 244,Smart Home,Smart Lighting,OrbitAI,TXN21000277,2026-02-15T00:39:00Z,2026-02-22T00:39:00Z,Digital Wallet,Online,USD,1,435.49,0.207,36.24,15.88,397.46,73.6,0.1852,WH-EU-01,7,GlobalSource Ltd,193,0,6,2,0,7.1,2026-01-02
CUST117974,Li Lewis,52,Female,Consumer,Bronze,Brazil,Sao Paulo,Campinas,Latin America,PRD20846,ActivFlex Cycling 877,Sports & Outdoors,Cycling,ActivFlex,TXN21000278,2026-02-04T13:17:00Z,2026-02-12T13:17:00Z,Digital Wallet,Online,BRL,5,476.32,0.043,335.01,5.72,2619.92,991.22,0.3783,WH-APAC-02,8,Meridian Traders,264,0,4,8,0,13.8,2026-01-02
CUST123845,Yuki Carter,44,Male,Consumer,Bronze,Canada,British Columbia,Vancouver,North America,PRD21054,TorqueTech Tools 164,Automotive,Tools,TorqueTech,TXN21000279,2026-02-21T15:37:00Z,2026-03-01T15:37:00Z,Debit Card,In-Store,CAD,2,501.4,0.22,125.63,15.32,923.13,177.3,0.1921,WH-APAC-02,8,Pinnacle Supply Co,125,1,2,4,1,1.7,2026-01-02
CUST103586,Valentina Walker,70,Female,Consumer,Silver,Canada,Ontario,Ottawa,North America,PRD20453,Orion Tablets 501,Electronics,Tablets,Orion,TXN21000280,2026-02-25T23:33:00Z,2026-03-06T23:33:00Z,Digital Wallet,Mobile App,CAD,4,1032.27,0.094,639.96,3.6,4384.51,820.86,0.1872,WH-LATAM-01,9,Pinnacle Supply Co,45,0,1,6,0,7.4,2026-01-02
CUST119758,Hannah Singh,44,Female,Corporate,Bronze,UK,Wales,Cardiff,Europe,PRD20947,Tinker Outdoor Toys 753,Toys & Games,Outdoor Toys,Tinker,TXN21000281,2026-02-17T06:46:00Z,2026-02-22T06:46:00Z,Debit Card,Online,GBP,5,25.85,0.122,18.02,9.54,141.04,48.96,0.3471,WH-LATAM-01,5,Meridian Traders,380,0,6,5,0,11.8,2026-01-02
CUST108095,Susan Hill,20,Male,Small Business,Silver,USA,Texas,Houston,North America,PRD21135,Luxora Appliances 891,Home & Kitchen,Appliances,Luxora,TXN21000282,2026-02-03T03:46:00Z,2026-02-11T03:46:00Z,Bank Transfer,Online,USD,2,132.24,0.135,31.14,8.48,268.4,77.49,0.2887,WH-NA-02,8,Summit Logistics Group,201,0,7,3,0,5.3,2026-01-02
CUST116960,Isabella Wright,60,Female,Consumer,Silver,Germany,Hesse,Frankfurt,Europe,PRD20411,TorqueTech Tires 574,Automotive,Tires,TorqueTech,TXN21000283,2026-02-23T09:37:00Z,2026-03-02T09:37:00Z,Digital Wallet,Call Center,EUR,4,409.15,0.238,229.77,12.1,1488.96,259.89,0.1745,WH-EU-01,7,Summit Logistics Group,83,0,7,7,1,6,2026-01-02
CUST106710,Jennifer Walker,46,Female,Small Business,Silver,UK,Wales,Cardiff,Europe,PRD20816,Zentek Thermostats 298,Smart Home,Thermostats,Zentek,TXN21000284,2026-02-03T11:37:00Z,2026-02-10T11:37:00Z,Cash on Delivery,In-Store,GBP,6,367.53,0.017,271.76,1.62,2441.07,791.66,0.3243,WH-EU-02,7,Vertex Distribution,287,0,3,8,0,3,2026-01-02
CUST107971,Yuki Brown,56,Female,Corporate,Bronze,USA,Florida,Miami,North America,PRD21247,PureGlow Wellness 286,Beauty & Personal Care,Wellness,PureGlow,TXN21000285,2026-02-18T14:09:00Z,2026-02-22T14:09:00Z,Bank Transfer,Mobile App,USD,4,170.07,0.06,91.08,6.16,736.7,370.62,0.5031,WH-APAC-02,4,Pinnacle Supply Co,518,0,5,7,0,8,2026-01-02
CUST121621,James Davis,18,Male,Small Business,Platinum,UK,Wales,Cardiff,Europe,PRD20900,Brava Kidswear 672,Apparel,Kidswear,Brava,TXN21000286,2026-02-21T17:57:00Z,2026-02-24T17:57:00Z,Debit Card,In-Store,GBP,3,201.78,0.112,52.94,9,599.48,254.24,0.4241,WH-APAC-01,3,Anchor Wholesale,579,0,5,3,0,7.7,2026-01-02
CUST113404,Diego Smith,42,Female,Small Business,Bronze,France,Ile-de-France,Paris,Europe,PRD20605,ActivFlex Cycling 185,Sports & Outdoors,Cycling,ActivFlex,TXN21000287,2026-02-25T12:59:00Z,2026-03-04T12:59:00Z,Gift Card,In-Store,EUR,3,520.78,0.222,194.08,7.32,1416.9,370.59,0.2615,WH-EU-01,7,Summit Logistics Group,255,0,3,4,1,3.6,2026-01-02
CUST116699,John Clark,27,Male,Small Business,Gold,UK,England,London,Europe,PRD20196,Bloom Wellness 830,Beauty & Personal Care,Wellness,Bloom,TXN21000288,2026-02-24T10:27:00Z,2026-03-01T10:27:00Z,Debit Card,Online,GBP,1,11.93,0.133,1.74,16.69,28.77,5.63,0.1957,WH-LATAM-01,5,Anchor Wholesale,452,0,6,2,0,10,2026-01-02
CUST102938,Ahmed Thomas,26,Male,Small Business,Bronze,India,Karnataka,Bangalore,Asia Pacific,PRD20893,Zentek Smartphones 959,Electronics,Smartphones,Zentek,TXN21000289,2026-02-11T04:16:00Z,2026-02-14T04:16:00Z,Digital Wallet,Online,INR,5,418.73,0.255,240.76,8.47,1809,79.14,0.0437,WH-EU-01,3,Summit Logistics Group,565,0,6,5,1,5.9,2026-01-02
CUST110275,Ahmed White,72,Female,Corporate,Platinum,UK,England,Manchester,Europe,PRD21363,Zentek Security Cameras 934,Smart Home,Security Cameras,Zentek,TXN21000290,2026-02-02T20:36:00Z,2026-02-08T20:36:00Z,Cash on Delivery,Online,GBP,3,319.49,0.22,53.88,5.39,806.88,149.52,0.1853,WH-EU-02,6,Meridian Traders,558,0,3,4,1,11.6,2026-01-02
CUST121835,Sarah Green,57,Male,Home Office,Gold,France,Provence,Marseille,Europe,PRD20448,Harvest Beverages 539,Grocery,Beverages,Harvest,TXN21000291,2026-02-03T23:26:00Z,2026-02-11T23:26:00Z,Debit Card,Online,EUR,3,19.73,0.18,6.58,13.1,68.22,5.45,0.0799,WH-APAC-01,8,GlobalSource Ltd,221,0,2,3,0,5.2,2026-01-02
CUST114380,Richard Johnson,50,Male,Home Office,Silver,India,Delhi,New Delhi,Asia Pacific,PRD21009,PlayWorks Outdoor Toys 370,Toys & Games,Outdoor Toys,PlayWorks,TXN21000292,2026-02-24T03:11:00Z,2026-03-02T03:11:00Z,Debit Card,Marketplace,INR,5,105.43,0.066,91.15,2.88,586.39,229.2,0.3909,WH-APAC-01,6,Vertex Distribution,382,0,6,6,0,9.8,2026-01-02
CUST104975,Patricia Hall,38,Female,Corporate,Silver,India,Maharashtra,Pune,Asia Pacific,PRD20439,AromaCo Makeup 896,Beauty & Personal Care,Makeup,AromaCo,TXN21000293,2026-02-09T01:01:00Z,2026-02-16T01:01:00Z,Credit Card,Online,INR,4,35.01,0.107,9.79,2.59,137.44,69.71,0.5072,WH-EU-02,7,Vertex Distribution,224,0,5,7,1,11.2,2026-01-02
CUST104682,Layla Roberts,34,Female,Consumer,Silver,France,Provence,Marseille,Europe,PRD20671,GearHead Tools 708,Automotive,Tools,GearHead,TXN21000294,2026-02-20T20:05:00Z,2026-02-24T20:05:00Z,Bank Transfer,Mobile App,EUR,5,399.67,0.05,302.86,2.15,2203.44,693.03,0.3145,WH-APAC-02,4,Meridian Traders,560,0,8,6,0,20.7,2026-01-02
CUST108569,Yuki Perez,52,Male,Corporate,Bronze,India,Maharashtra,Pune,Asia Pacific,PRD20671,GearHead Tools 708,Automotive,Tools,GearHead,TXN21000295,2026-02-24T16:33:00Z,2026-03-03T16:33:00Z,Credit Card,Mobile App,INR,6,408.22,0.091,380.74,5.61,2612.78,749,0.2867,WH-NA-02,7,Anchor Wholesale,367,0,4,6,0,10,2026-01-02
CUST112044,Ethan Kumar,32,Female,Home Office,Bronze,France,Provence,Nice,Europe,PRD20031,Domus Appliances 725,Home & Kitchen,Appliances,Domus,TXN21000296,2026-02-26T09:27:00Z,2026-03-02T09:27:00Z,Bank Transfer,Online,EUR,4,450.18,0.096,203.19,2.87,1833.91,597.84,0.326,WH-LATAM-01,4,Anchor Wholesale,465,0,3,6,0,6.7,2026-01-02
CUST107916,Elizabeth Johnson,46,Male,Small Business,Silver,Australia,New South Wales,Sydney,Asia Pacific,PRD20963,DriveMax Tires 443,Automotive,Tires,DriveMax,TXN21000297,2026-02-23T09:50:00Z,2026-03-01T09:50:00Z,Debit Card,Mobile App,AUD,2,49.17,0.073,5.58,8.78,105.52,31.84,0.3017,WH-APAC-02,6,Pinnacle Supply Co,299,0,5,5,0,8.2,2026-01-02
CUST121637,Emma King,35,Male,Corporate,Silver,France,Provence,Marseille,Europe,PRD21204,Pulsar Cameras 656,Electronics,Cameras,Pulsar,TXN21000298,2026-02-22T06:17:00Z,2026-02-25T06:17:00Z,Credit Card,In-Store,EUR,5,1727.83,0.196,1295.49,6.14,8247.51,836.27,0.1014,WH-LATAM-01,3,Pinnacle Supply Co,549,0,3,6,1,33.1,2026-01-02
CUST119657,Jessica Williams,48,Female,Small Business,Bronze,Australia,Victoria,Melbourne,Asia Pacific,PRD21287,HomeCraft Decor 616,Home & Kitchen,Decor,HomeCraft,TXN21000299,2026-02-04T14:31:00Z,2026-02-09T14:31:00Z,Digital Wallet,Online,AUD,3,497.34,0.02,279.23,6.92,1748.33,608.74,0.3482,WH-APAC-01,5,Meridian Traders,256,0,3,5,0,7.1,2026-01-02
CUST109332,Ananya Wilson,45,Male,Consumer,Silver,France,Provence,Marseille,Europe,PRD20380,Brava Menswear 448,Apparel,Menswear,Brava,TXN21000300,2026-02-26T21:58:00Z,2026-03-01T21:58:00Z,Cash on Delivery,Online,EUR,2,133.63,0.134,25.5,5.6,262.55,106.37,0.4051,WH-APAC-01,3,GlobalSource Ltd,570,1,4,4,0,8.4,2026-01-02
CUST111803,Jessica White,41,Female,Consumer,Bronze,India,Maharashtra,Pune,Asia Pacific,PRD20054,OrbitAI Smart Lighting 947,Smart Home,Smart Lighting,OrbitAI,TXN21000301,2026-02-01T21:23:00Z,2026-02-05T21:23:00Z,Digital Wallet,In-Store,INR,4,134.41,0.104,52.02,5.3,539.05,146.24,0.2713,WH-NA-01,4,GlobalSource Ltd,577,0,5,5,0,16.6,2026-01-02
CUST106180,Mateo Allen,31,Male,Corporate,Gold,USA,California,Los Angeles,North America,PRD20620,RoadKing Tires 955,Automotive,Tires,RoadKing,TXN21000302,2026-02-01T11:57:00Z,2026-02-04T11:57:00Z,Digital Wallet,Online,USD,5,328.96,0.136,146.38,6.7,1574.19,428.96,0.2725,WH-LATAM-01,3,Summit Logistics Group,405,0,9,8,0,7,2026-01-02
CUST123486,John Jackson,39,Female,Small Business,Bronze,France,Ile-de-France,Paris,Europe,PRD20295,Luxora Furniture 755,Home & Kitchen,Furniture,Luxora,TXN21000303,2026-02-19T23:50:00Z,2026-02-25T23:50:00Z,Bank Transfer,Online,EUR,3,826.45,0.038,246.29,13.89,2645.31,966.95,0.3655,WH-EU-01,6,Vertex Distribution,264,0,2,6,0,3.3,2026-01-02
CUST101250,David Thomas,46,Female,Corporate,Silver,Germany,Bavaria,Munich,Europe,PRD20116,AromaCo Makeup 235,Beauty & Personal Care,Makeup,AromaCo,TXN21000304,2026-02-12T21:18:00Z,2026-02-19T21:18:00Z,Digital Wallet,In-Store,EUR,6,11.66,0.211,3.36,8.5,67.06,27.55,0.4108,WH-LATAM-01,7,Meridian Traders,328,1,4,6,0,17.1,2026-01-02
CUST103340,William Williams,52,Male,Consumer,Platinum,Mexico,CDMX,Mexico City,Latin America,PRD20838,Harvest Pantry 603,Grocery,Pantry,Harvest,TXN21000305,2026-02-20T19:46:00Z,2026-02-24T19:46:00Z,Digital Wallet,In-Store,MXN,4,58.86,0.084,40.79,9.42,265.87,44.26,0.1665,WH-APAC-01,4,Vertex Distribution,604,0,2,6,0,13.3,2026-01-02
CUST104594,David Walker,41,Male,Home Office,Silver,India,Karnataka,Mysore,Asia Pacific,PRD20218,Brava Kidswear 325,Apparel,Kidswear,Brava,TXN21000306,2026-02-22T07:10:00Z,2026-03-04T07:10:00Z,Bank Transfer,Call Center,INR,3,152.71,0.307,33.65,6.48,357.61,103.08,0.2882,WH-LATAM-01,10,GlobalSource Ltd,241,0,5,4,1,7.3,2026-01-02
CUST114474,Li Garcia,31,Non-Binary,Consumer,Silver,Germany,Berlin,Berlin,Europe,PRD20193,TorqueTech Tools 270,Automotive,Tools,TorqueTech,TXN21000307,2026-02-13T06:46:00Z,2026-02-20T06:46:00Z,Digital Wallet,Mobile App,EUR,5,43.25,0.047,38.44,8.51,253.04,75.64,0.2989,WH-APAC-01,7,Anchor Wholesale,142,0,6,5,0,6.7,2026-01-02
CUST118671,Mary Garcia,49,Female,Corporate,Bronze,USA,Texas,Houston,North America,PRD20584,DailyGoods Fresh Produce 346,Grocery,Fresh Produce,DailyGoods,TXN21000308,2026-02-07T04:36:00Z,2026-02-11T04:36:00Z,Gift Card,Online,USD,4,54.83,0.095,36.7,11.71,246.89,38.82,0.1572,WH-EU-02,4,GlobalSource Ltd,603,0,3,5,0,6.5,2026-01-02
CUST106529,Thomas Anderson,39,Female,Consumer,Bronze,Canada,Quebec,Quebec City,North America,PRD21367,SummitPro Footwear 477,Sports & Outdoors,Footwear,SummitPro,TXN21000309,2026-02-23T13:41:00Z,2026-03-02T13:41:00Z,Cash on Delivery,Online,CAD,3,226.26,0.093,32.63,11.63,659.91,248.57,0.3767,WH-NA-01,7,Anchor Wholesale,216,0,3,5,0,10.1,2026-01-02
CUST109397,Lucas Green,46,Male,Consumer,Bronze,India,Maharashtra,Mumbai,Asia Pacific,PRD20542,HomeCraft Furniture 245,Home & Kitchen,Furniture,HomeCraft,TXN21000310,2026-02-15T08:24:00Z,2026-02-21T08:24:00Z,Cash on Delivery,In-Store,INR,7,240.95,0.126,117.67,2.93,1594.73,509.37,0.3194,WH-EU-01,6,Anchor Wholesale,289,0,4,10,0,10.8,2026-01-02
CUST116811,Chen Anderson,38,Male,Consumer,Platinum,Japan,Kansai,Osaka,Asia Pacific,PRD21204,Pulsar Cameras 656,Electronics,Cameras,Pulsar,TXN21000311,2026-02-12T03:29:00Z,2026-02-16T03:29:00Z,Credit Card,In-Store,JPY,2,1688.88,0.085,192.08,12.18,3294.91,701.9,0.213,WH-APAC-02,4,Pinnacle Supply Co,418,0,7,4,0,6.7,2026-01-02
CUST108053,Michael Robinson,34,Male,Corporate,Bronze,USA,Texas,Austin,North America,PRD20565,TechNova Cameras 633,Electronics,Cameras,TechNova,TXN21000312,2026-02-14T20:42:00Z,2026-02-19T20:42:00Z,Debit Card,Marketplace,USD,2,1226.42,0.06,166.6,17.52,2489.79,571.02,0.2293,WH-NA-01,5,GlobalSource Ltd,281,0,6,2,0,9.6,2026-01-02
CUST123924,Lukas Brown,48,Male,Consumer,Bronze,Mexico,Jalisco,Guadalajara,Latin America,PRD21177,DriveMax Tools 795,Automotive,Tools,DriveMax,TXN21000313,2026-02-12T06:29:00Z,2026-02-17T06:29:00Z,Digital Wallet,Call Center,MXN,3,370.7,0.089,185.22,4.45,1202.79,342.3,0.2846,WH-LATAM-01,5,Vertex Distribution,191,0,7,4,0,6.6,2026-01-02
CUST108677,John Young,51,Female,Consumer,Silver,India,Delhi,New Delhi,Asia Pacific,PRD21300,KidJoy Board Games 593,Toys & Games,Board Games,KidJoy,TXN21000314,2026-02-04T11:01:00Z,2026-02-10T11:01:00Z,Digital Wallet,In-Store,INR,3,81.97,0.221,11.26,14.15,216.97,68.81,0.3171,WH-EU-02,6,Summit Logistics Group,230,0,5,4,0,17.5,2026-01-02
CUST117772,Arjun Campbell,73,Female,Corporate,Bronze,USA,New York,Buffalo,North America,PRD21371,AromaCo Fragrance 757,Beauty & Personal Care,Fragrance,AromaCo,TXN21000315,2026-02-08T16:59:00Z,2026-02-12T16:59:00Z,Bank Transfer,Call Center,USD,6,119.8,0.139,123.52,7.08,749.49,334.82,0.4467,WH-APAC-01,4,GlobalSource Ltd,436,0,4,9,0,12.9,2026-01-02
CUST121383,Rahul Perez,48,Female,Small Business,Silver,Germany,Hesse,Frankfurt,Europe,PRD20268,Zentek Security Cameras 675,Smart Home,Security Cameras,Zentek,TXN21000316,2026-02-14T02:15:00Z,2026-02-21T02:15:00Z,Digital Wallet,Online,EUR,4,243.85,0.058,161.44,5.63,1085.9,310.18,0.2856,WH-APAC-01,7,Vertex Distribution,319,0,3,7,0,11.2,2026-01-02
CUST100664,Olivia Taylor,35,Female,Consumer,Bronze,USA,Texas,Dallas,North America,PRD20432,KidJoy Outdoor Toys 410,Toys & Games,Outdoor Toys,KidJoy,TXN21000317,2026-02-26T04:33:00Z,2026-03-07T04:33:00Z,Bank Transfer,In-Store,USD,1,124.46,0.267,12.68,17.78,121.69,29.1,0.2391,WH-LATAM-01,9,Meridian Traders,198,0,7,2,1,4.1,2026-01-02
CUST109978,Jessica Nguyen,65,Female,Consumer,Bronze,USA,New York,Albany,North America,PRD20403,SummitPro Cycling 768,Sports & Outdoors,Cycling,SummitPro,TXN21000318,2026-02-18T00:38:00Z,2026-02-21T00:38:00Z,Digital Wallet,Online,USD,4,433.62,0.198,183.15,5.65,1579.85,453.05,0.2868,WH-LATAM-01,3,Pinnacle Supply Co,643,0,10,7,1,8.2,2026-01-02
CUST120382,Lucas Green,71,Female,Consumer,Gold,Germany,Hesse,Frankfurt,Europe,PRD20261,PeakGear Team Sports 401,Sports & Outdoors,Team Sports,PeakGear,TXN21000319,2026-02-19T07:21:00Z,2026-02-23T07:21:00Z,Credit Card,In-Store,EUR,3,432.17,0.092,212.56,13.78,1403.57,476.08,0.3392,WH-LATAM-01,4,Vertex Distribution,608,0,5,6,0,18.8,2026-01-02
CUST110227,Karen Rivera,28,Female,Home Office,Silver,Brazil,Rio de Janeiro,Rio de Janeiro City,Latin America,PRD20081,Nutriva Beverages 419,Grocery,Beverages,Nutriva,TXN21000320,2026-02-25T14:23:00Z,2026-03-02T14:23:00Z,Bank Transfer,In-Store,BRL,6,58.38,0.228,26.86,10.1,307.38,15.41,0.0501,WH-APAC-02,5,Pinnacle Supply Co,475,0,3,9,0,2,2026-01-02
CUST120597,Emma Singh,50,Male,Consumer,Silver,Japan,Kansai,Osaka,Asia Pacific,PRD20767,ActivFlex Camping 914,Sports & Outdoors,Camping,ActivFlex,TXN21000321,2026-02-13T15:47:00Z,2026-02-17T15:47:00Z,Bank Transfer,Mobile App,JPY,5,157.54,0.057,83.89,2.35,829.04,316.81,0.3821,WH-EU-01,4,GlobalSource Ltd,293,1,5,6,0,5.8,2026-01-02
CUST118933,Noah Carter,52,Male,Consumer,Silver,India,Maharashtra,Mumbai,Asia Pacific,PRD21133,HomeCraft Bedding 205,Home & Kitchen,Bedding,HomeCraft,TXN21000322,2026-02-11T22:42:00Z,2026-02-17T22:42:00Z,Gift Card,In-Store,INR,3,904.87,0.127,463.3,4.19,2837.34,817.1,0.288,WH-APAC-01,6,Anchor Wholesale,392,0,6,4,0,11.3,2026-01-02
CUST109423,Fatima Thompson,50,Male,Consumer,Bronze,Australia,New South Wales,Newcastle,Asia Pacific,PRD20552,TechNova Laptops 106,Electronics,Laptops,TechNova,TXN21000323,2026-02-03T20:31:00Z,2026-02-11T20:31:00Z,Digital Wallet,In-Store,AUD,2,353,0.101,44.36,13.85,692.9,135.41,0.1954,WH-APAC-02,8,Summit Logistics Group,211,0,4,3,0,7.2,2026-01-02
CUST101705,Haruto Clark,18,Female,Consumer,Platinum,USA,Texas,Houston,North America,PRD20042,Pulsar Headphones 438,Electronics,Headphones,Pulsar,TXN21000324,2026-02-24T14:29:00Z,2026-03-05T14:29:00Z,Digital Wallet,Online,USD,4,1058.47,0.141,408.69,3.62,4049.21,642.7,0.1587,WH-APAC-02,9,Summit Logistics Group,85,0,6,6,0,4.3,2026-01-02
CUST114031,Isabella Jones,63,Male,Consumer,Gold,Canada,Ontario,Toronto,North America,PRD21383,Luxora Bedding 170,Home & Kitchen,Bedding,Luxora,TXN21000325,2026-02-02T09:08:00Z,2026-02-10T09:08:00Z,Gift Card,In-Store,CAD,5,465,0.224,287.64,8.37,2100.21,474.3,0.2258,WH-APAC-01,8,Summit Logistics Group,183,0,3,6,1,6.5,2026-01-02
CUST109419,Mia Green,34,Female,Consumer,Silver,USA,Florida,Orlando,North America,PRD21224,NestWell Security Cameras 457,Smart Home,Security Cameras,NestWell,TXN21000326,2026-02-08T17:59:00Z,2026-02-13T17:59:00Z,Digital Wallet,Online,USD,3,259.5,0.084,64.47,4.51,782.09,227.32,0.2907,WH-APAC-02,5,Summit Logistics Group,498,0,5,4,0,10.7,2026-01-02
CUST112060,James Flores,49,Female,Consumer,Silver,Germany,Hesse,Frankfurt,Europe,PRD20397,Lumiere Haircare 698,Beauty & Personal Care,Haircare,Lumiere,TXN21000327,2026-02-18T08:49:00Z,2026-02-25T08:49:00Z,Bank Transfer,Online,EUR,3,138.29,0.024,55.89,14.07,474.87,240.96,0.5074,WH-APAC-02,7,Summit Logistics Group,151,0,4,3,0,11.5,2026-01-02
CUST115591,Ananya Green,49,Female,Consumer,Silver,France,Provence,Nice,Europe,PRD21083,TrailBlaze Camping 517,Sports & Outdoors,Camping,TrailBlaze,TXN21000328,2026-02-04T14:05:00Z,2026-02-10T14:05:00Z,Credit Card,Online,EUR,5,108.34,0.094,97.26,5.89,593.93,197.83,0.3331,WH-EU-01,6,GlobalSource Ltd,228,0,5,8,0,4.7,2026-01-02
CUST115962,Isabella Perez,63,Female,Consumer,Gold,Canada,Quebec,Quebec City,North America,PRD21077,Colton Menswear 613,Apparel,Menswear,Colton,TXN21000329,2026-02-22T00:33:00Z,2026-03-03T00:33:00Z,Digital Wallet,In-Store,CAD,2,224.56,0.261,33.71,16.67,382.28,121.71,0.3184,WH-EU-02,9,Vertex Distribution,340,0,6,4,1,8.2,2026-01-02
CUST112016,Li Scott,31,Male,Consumer,Bronze,France,Ile-de-France,Paris,Europe,PRD20464,Nutriva Fresh Produce 959,Grocery,Fresh Produce,Nutriva,TXN21000330,2026-02-17T08:21:00Z,2026-02-23T08:21:00Z,Digital Wallet,Online,EUR,2,13.79,0.102,3.95,12.3,41.02,4.69,0.1143,WH-NA-01,6,Summit Logistics Group,215,0,8,3,0,4.7,2026-01-02
CUST117691,Patricia Green,63,Female,Corporate,Silver,India,Maharashtra,Pune,Asia Pacific,PRD20165,Velvet Skincare 193,Beauty & Personal Care,Skincare,Velvet,TXN21000331,2026-02-21T05:24:00Z,2026-02-26T05:24:00Z,Digital Wallet,Marketplace,INR,2,130.27,0.107,41.35,14.8,288.81,129.7,0.4491,WH-NA-01,5,Vertex Distribution,568,0,7,4,0,14.3,2026-01-02
CUST114391,Ethan Scott,42,Male,Home Office,Bronze,UK,Wales,Cardiff,Europe,PRD20294,Zentek Security Cameras 247,Smart Home,Security Cameras,Zentek,TXN21000332,2026-02-04T04:59:00Z,2026-02-11T04:59:00Z,Gift Card,Marketplace,GBP,3,150.82,0.094,45.62,2.62,458.17,127.59,0.2785,WH-APAC-01,7,Summit Logistics Group,154,0,8,5,0,4.6,2026-01-02
CUST100184,Barbara Lewis,44,Female,Consumer,Bronze,Brazil,Rio de Janeiro,Rio de Janeiro City,Latin America,PRD20205,Velvet Wellness 342,Beauty & Personal Care,Wellness,Velvet,TXN21000333,2026-02-28T17:10:00Z,2026-03-09T17:10:00Z,Credit Card,Online,BRL,7,13.2,0.118,14.61,3.68,99.79,44.98,0.4507,WH-LATAM-01,9,Pinnacle Supply Co,229,0,6,9,0,7.7,2026-01-02
CUST105672,Wei Smith,56,Male,Consumer,Silver,France,Ile-de-France,Paris,Europe,PRD20023,HomeCraft Cookware 560,Home & Kitchen,Cookware,HomeCraft,TXN21000334,2026-02-16T04:42:00Z,2026-02-18T04:42:00Z,Debit Card,Mobile App,EUR,6,843.39,0.229,523.96,3.88,4429.36,1007.01,0.2273,WH-EU-01,2,Pinnacle Supply Co,568,0,5,7,1,6.2,2026-01-02
CUST119841,Mia Allen,50,Female,Consumer,Bronze,Canada,Ontario,Ottawa,North America,PRD21098,Zentek Cameras 522,Electronics,Cameras,Zentek,TXN21000335,2026-02-24T15:22:00Z,2026-03-03T15:22:00Z,Credit Card,Online,CAD,2,1686.52,0.137,215.07,10.91,3136.91,525.52,0.1675,WH-EU-02,7,Pinnacle Supply Co,229,0,4,5,0,15.4,2026-01-02
CUST111269,Ava Roberts,31,Female,Small Business,Silver,Germany,Bavaria,Nuremberg,Europe,PRD20954,Bloom Haircare 776,Beauty & Personal Care,Haircare,Bloom,TXN21000336,2026-02-05T12:12:00Z,2026-02-10T12:12:00Z,Credit Card,Mobile App,EUR,4,156.38,0.136,94.4,3.44,638.29,293.24,0.4594,WH-APAC-02,5,Summit Logistics Group,499,0,5,4,0,2.7,2026-01-02
CUST121366,Emma Patel,54,Male,Corporate,Silver,India,Karnataka,Mysore,Asia Pacific,PRD20578,PeakGear Fitness Equipment 854,Sports & Outdoors,Fitness Equipment,PeakGear,TXN21000337,2026-02-22T20:45:00Z,2026-02-25T20:45:00Z,Digital Wallet,Online,INR,4,241.47,0.121,128.24,11.56,988.81,326.66,0.3304,WH-LATAM-01,3,Meridian Traders,649,0,5,4,0,7.3,2026-01-02
CUST102016,Layla Anderson,53,Male,Corporate,Platinum,India,Maharashtra,Pune,Asia Pacific,PRD20697,FreshMart Snacks 773,Grocery,Snacks,FreshMart,TXN21000338,2026-02-04T10:46:00Z,2026-02-08T10:46:00Z,Cash on Delivery,Mobile App,INR,4,43.99,0.124,20.97,10.25,185.36,26.04,0.1405,WH-NA-02,4,Vertex Distribution,553,0,3,6,0,3.2,2026-01-02
CUST121567,Noah Moore,54,Female,Small Business,Bronze,France,Provence,Marseille,Europe,PRD21387,PlayWorks Outdoor Toys 330,Toys & Games,Outdoor Toys,PlayWorks,TXN21000339,2026-02-04T18:15:00Z,2026-02-11T18:15:00Z,Bank Transfer,In-Store,EUR,5,23.7,0.24,14.16,6.35,110.57,30.9,0.2795,WH-NA-01,7,Vertex Distribution,51,0,4,6,1,13.3,2026-01-02
CUST119921,John Johnson,58,Male,Small Business,Bronze,USA,Texas,Austin,North America,PRD20695,KidJoy Action Figures 994,Toys & Games,Action Figures,KidJoy,TXN21000340,2026-02-04T17:17:00Z,2026-02-09T17:17:00Z,Digital Wallet,Call Center,USD,5,62.82,0.119,17.29,2.22,296.23,119.92,0.4048,WH-LATAM-01,5,Summit Logistics Group,464,0,4,7,1,4.5,2026-01-02
CUST100202,Omar Rodriguez,30,Male,Consumer,Bronze,USA,Florida,Miami,North America,PRD21070,DailyGoods Fresh Produce 678,Grocery,Fresh Produce,DailyGoods,TXN21000341,2026-02-23T04:09:00Z,2026-02-25T04:09:00Z,Digital Wallet,Online,USD,4,52.72,0.18,11.27,2.36,186.55,19.4,0.104,WH-LATAM-01,2,Meridian Traders,607,0,2,7,0,2.6,2026-01-02
CUST115385,Liam Harris,48,Male,Corporate,Bronze,France,Ile-de-France,Paris,Europe,PRD20942,NestWell Smart Lighting 908,Smart Home,Smart Lighting,NestWell,TXN21000342,2026-02-26T04:52:00Z,2026-03-06T04:52:00Z,Credit Card,In-Store,EUR,3,147.36,0.13,26.8,9.75,421.16,108.75,0.2582,WH-LATAM-01,8,Vertex Distribution,129,0,6,6,0,10.7,2026-01-02
CUST115554,Richard Anderson,27,Female,Home Office,Silver,USA,Florida,Orlando,North America,PRD20908,Cucina Furniture 636,Home & Kitchen,Furniture,Cucina,TXN21000343,2026-02-16T13:25:00Z,2026-02-23T13:25:00Z,Digital Wallet,Marketplace,USD,4,661.51,0.097,135.66,5.22,2530.25,875.84,0.3461,WH-APAC-02,7,Summit Logistics Group,305,0,6,6,0,6.9,2026-01-02
CUST113104,Chen White,38,Female,Corporate,Bronze,Vietnam,Hanoi,Hanoi City,Asia Pacific,PRD20473,PeakGear Fitness Equipment 406,Sports & Outdoors,Fitness Equipment,PeakGear,TXN21000344,2026-02-21T15:20:00Z,2026-02-28T15:20:00Z,Debit Card,Online,VND,5,356.11,0.066,274.09,6.59,1943.71,700.11,0.3602,WH-NA-02,7,Anchor Wholesale,237,1,7,6,0,8.8,2026-01-02
CUST123190,Valentina Lewis,40,Female,Consumer,Silver,Australia,Victoria,Geelong,Asia Pacific,PRD20244,FitWear Womenswear 768,Apparel,Womenswear,FitWear,TXN21000345,2026-02-22T07:24:00Z,2026-03-03T07:24:00Z,Debit Card,In-Store,AUD,5,123.47,0.077,59.38,8.92,638.11,280.89,0.4402,WH-EU-01,9,Pinnacle Supply Co,47,0,2,7,0,5.9,2026-01-02
CUST101982,Valentina Mitchell,29,Male,Consumer,Bronze,India,Delhi,New Delhi,Asia Pacific,PRD20457,Cucina Bedding 642,Home & Kitchen,Bedding,Cucina,TXN21000346,2026-02-11T14:45:00Z,2026-02-19T14:45:00Z,Bank Transfer,Mobile App,INR,7,569.99,0.189,202.32,6.04,3444.19,953.59,0.2769,WH-APAC-02,8,Meridian Traders,221,0,5,7,1,4.7,2026-01-02
CUST105595,Diego Perez,57,Female,Consumer,Gold,UK,Wales,Cardiff,Europe,PRD21042,KidJoy Action Figures 283,Toys & Games,Action Figures,KidJoy,TXN21000347,2026-02-03T11:48:00Z,2026-02-12T11:48:00Z,Digital Wallet,Marketplace,GBP,2,142.87,0.216,16.2,3.16,243.38,81.38,0.3344,WH-APAC-02,9,GlobalSource Ltd,57,0,4,5,1,6.2,2026-01-02
CUST121501,Lucas Adams,35,Non-Binary,Corporate,Bronze,Canada,Ontario,Toronto,North America,PRD21030,Pulsar Cameras 277,Electronics,Cameras,Pulsar,TXN21000348,2026-02-20T20:11:00Z,2026-02-26T20:11:00Z,Digital Wallet,Online,CAD,5,755.33,0.158,278.17,2.21,3460.32,509.09,0.1471,WH-NA-02,6,Anchor Wholesale,410,0,2,5,1,3.2,2026-01-02
CUST111232,Elizabeth Harris,50,Male,Consumer,Bronze,UK,England,Birmingham,Europe,PRD20553,TechNova Headphones 980,Electronics,Headphones,TechNova,TXN21000349,2026-02-14T03:48:00Z,2026-02-23T03:48:00Z,Debit Card,Marketplace,GBP,2,444.4,0.171,61.93,8.31,807.06,108.26,0.1341,WH-EU-02,9,Summit Logistics Group,59,0,1,5,0,5,2026-01-02
CUST122778,William Robinson,36,Male,Small Business,Silver,India,Delhi,New Delhi,Asia Pacific,PRD20403,SummitPro Cycling 768,Sports & Outdoors,Cycling,SummitPro,TXN21000350,2026-02-25T17:07:00Z,2026-03-03T17:07:00Z,Digital Wallet,Online,INR,5,449.78,0.22,319.61,2.31,2076.06,537.94,0.2591,WH-NA-01,6,Vertex Distribution,344,0,4,7,1,20.1,2026-01-02
CUST114330,Barbara Young,52,Female,Corporate,Gold,Japan,Kansai,Osaka,Asia Pacific,PRD20076,Bloom Haircare 611,Beauty & Personal Care,Haircare,Bloom,TXN21000351,2026-02-26T12:15:00Z,2026-03-04T12:15:00Z,Credit Card,Marketplace,JPY,3,40.95,0.092,9.58,3.92,125.05,63,0.5038,WH-APAC-01,6,GlobalSource Ltd,410,0,5,5,0,7.8,2026-01-02
CUST117295,William Nguyen,33,Non-Binary,Corporate,Silver,India,Delhi,New Delhi,Asia Pacific,PRD20103,FitWear Kidswear 556,Apparel,Kidswear,FitWear,TXN21000352,2026-02-19T21:15:00Z,2026-02-24T21:15:00Z,Digital Wallet,In-Store,INR,2,105.01,0.096,30.6,13.33,233.79,91.57,0.3917,WH-APAC-02,5,Vertex Distribution,499,0,5,5,0,7,2026-01-02
CUST110237,Ananya Singh,18,Male,Corporate,Bronze,Japan,Kanto,Tokyo,Asia Pacific,PRD20227,PureGlow Wellness 394,Beauty & Personal Care,Wellness,PureGlow,TXN21000353,2026-02-10T06:05:00Z,2026-02-12T06:05:00Z,Credit Card,Online,JPY,3,56.2,0.082,30.22,8.83,193.82,88.14,0.4548,WH-EU-02,2,Summit Logistics Group,567,1,8,6,0,15.3,2026-01-02
CUST100417,Li Young,32,Male,Corporate,Bronze,France,Provence,Marseille,Europe,PRD20037,Tinker Board Games 365,Toys & Games,Board Games,Tinker,TXN21000354,2026-02-16T18:25:00Z,2026-02-20T18:25:00Z,Digital Wallet,Online,EUR,6,109.83,0.146,80.17,3.91,646.85,233.81,0.3615,WH-EU-02,4,Pinnacle Supply Co,418,0,5,9,1,11.3,2026-01-02
CUST123902,Isabella Moore,52,Female,Consumer,Gold,Australia,New South Wales,Sydney,Asia Pacific,PRD20289,KidJoy Board Games 349,Toys & Games,Board Games,KidJoy,TXN21000355,2026-02-14T22:12:00Z,2026-02-17T22:12:00Z,Credit Card,Online,AUD,3,22.25,0.034,12.37,3.14,79.99,31.16,0.3895,WH-NA-02,3,Meridian Traders,635,0,4,4,0,17.3,2026-01-02
CUST104151,Patricia King,44,Female,Corporate,Bronze,UK,England,Manchester,Europe,PRD20573,Modique Kidswear 762,Apparel,Kidswear,Modique,TXN21000356,2026-02-21T01:24:00Z,2026-03-02T01:24:00Z,Gift Card,In-Store,GBP,4,81.89,0.185,35.32,9.23,311.51,113.66,0.3649,WH-NA-01,9,Anchor Wholesale,131,0,6,5,0,10.5,2026-01-02
CUST111961,William Ramirez,37,Male,Consumer,Bronze,Australia,New South Wales,Sydney,Asia Pacific,PRD20608,Cucina Bedding 171,Home & Kitchen,Bedding,Cucina,TXN21000357,2026-02-17T21:20:00Z,2026-02-27T21:20:00Z,Credit Card,In-Store,AUD,4,497.95,0.093,210.98,5.1,2022.64,667.25,0.3299,WH-APAC-02,10,Meridian Traders,66,0,3,6,0,8.2,2026-01-02
CUST111412,Jennifer Torres,44,Non-Binary,Consumer,Bronze,Japan,Kansai,Kyoto,Asia Pacific,PRD20639,ActivFlex Footwear 752,Sports & Outdoors,Footwear,ActivFlex,TXN21000358,2026-02-13T08:10:00Z,2026-02-17T08:10:00Z,Credit Card,Call Center,JPY,2,343.09,0.066,74.85,2.13,717.87,269.81,0.3758,WH-LATAM-01,4,Vertex Distribution,458,0,3,2,0,4.2,2026-01-02
CUST120988,Ananya Wilson,55,Female,Consumer,Gold,USA,California,Los Angeles,North America,PRD21038,Colton Kidswear 674,Apparel,Kidswear,Colton,TXN21000359,2026-02-16T02:23:00Z,2026-02-20T02:23:00Z,Bank Transfer,Online,USD,5,32.35,0.081,26.63,4.36,179.64,72.95,0.4061,WH-APAC-02,4,Summit Logistics Group,272,0,5,7,0,10.1,2026-01-02
CUST108576,Valentina Sanchez,41,Male,Consumer,Platinum,UK,Wales,Cardiff,Europe,PRD20777,RoadKing Car Care 526,Automotive,Car Care,RoadKing,TXN21000360,2026-02-21T11:40:00Z,2026-03-01T11:40:00Z,Credit Card,Online,GBP,1,508.54,0.133,87.52,24.06,552.48,134.15,0.2428,WH-NA-02,8,Vertex Distribution,228,0,5,2,0,4.4,2026-01-02
CUST117990,Jessica Mitchell,22,Male,Small Business,Silver,UK,Wales,Cardiff,Europe,PRD21219,Rally Camping 802,Sports & Outdoors,Camping,Rally,TXN21000361,2026-02-17T03:57:00Z,2026-02-23T03:57:00Z,Digital Wallet,Marketplace,GBP,2,205.9,0.161,40.96,11.48,397.94,122.8,0.3086,WH-EU-01,6,Pinnacle Supply Co,358,1,3,2,0,1.5,2026-01-02
CUST119231,Ava Campbell,19,Female,Consumer,Bronze,UK,Scotland,Glasgow,Europe,PRD20377,OrbitAI Smart Lighting 140,Smart Home,Smart Lighting,OrbitAI,TXN21000362,2026-02-01T11:45:00Z,2026-02-05T11:45:00Z,Gift Card,In-Store,GBP,3,157.7,0.136,27.98,8.12,444.86,113.54,0.2552,WH-LATAM-01,4,Anchor Wholesale,366,0,2,6,0,9.1,2026-01-02
CUST110096,Karen Green,43,Female,Consumer,Gold,UK,Scotland,Glasgow,Europe,PRD21090,TechNova Headphones 679,Electronics,Headphones,TechNova,TXN21000363,2026-02-22T18:43:00Z,2026-03-02T18:43:00Z,Bank Transfer,Mobile App,GBP,3,1395.99,0.055,659.98,2.89,4620.5,995.9,0.2155,WH-EU-02,8,Summit Logistics Group,80,0,1,6,0,2.4,2026-01-02
CUST109398,Jennifer Clark,45,Male,Consumer,Bronze,Germany,Berlin,Berlin,Europe,PRD21139,Rally Footwear 871,Sports & Outdoors,Footwear,Rally,TXN21000364,2026-02-22T08:20:00Z,2026-02-28T08:20:00Z,Digital Wallet,Marketplace,EUR,3,658.07,0.138,176.57,2.66,1881,634.12,0.3371,WH-LATAM-01,6,Anchor Wholesale,246,0,1,6,0,14.1,2026-01-02
CUST105746,John Wilson,33,Female,Small Business,Bronze,UK,Scotland,Glasgow,Europe,PRD21343,HomeCraft Appliances 168,Home & Kitchen,Appliances,HomeCraft,TXN21000365,2026-02-12T18:33:00Z,2026-02-18T18:33:00Z,Credit Card,Call Center,GBP,1,567.05,0.04,105.56,7.88,657.81,220.02,0.3345,WH-APAC-02,6,Anchor Wholesale,398,0,6,1,0,4.7,2026-01-02
CUST123852,Arjun Robinson,38,Non-Binary,Consumer,Platinum,France,Ile-de-France,Paris,Europe,PRD21228,Nutriva Frozen Foods 715,Grocery,Frozen Foods,Nutriva,TXN21000366,2026-02-15T23:36:00Z,2026-02-21T23:36:00Z,Credit Card,In-Store,EUR,2,15.88,0.059,5.24,8.29,43.42,6.76,0.1557,WH-APAC-02,6,Meridian Traders,301,0,6,4,0,14.1,2026-01-02
CUST114353,Mary Green,56,Male,Small Business,Gold,Japan,Kanto,Tokyo,Asia Pacific,PRD20242,DailyGoods Pantry 710,Grocery,Pantry,DailyGoods,TXN21000367,2026-02-02T14:24:00Z,2026-02-11T14:24:00Z,Debit Card,Online,JPY,4,46.14,0.255,9.65,6.43,153.58,3.14,0.0204,WH-APAC-02,9,Anchor Wholesale,161,1,4,5,1,3.3,2026-01-02
CUST103557,Patricia Flores,58,Male,Consumer,Bronze,USA,Florida,Tampa,North America,PRD20991,ActivFlex Team Sports 502,Sports & Outdoors,Team Sports,ActivFlex,TXN21000368,2026-02-28T06:36:00Z,2026-03-04T06:36:00Z,Debit Card,Marketplace,USD,3,558.66,0.264,153.22,13.83,1400.57,327.15,0.2336,WH-APAC-01,4,Anchor Wholesale,399,0,2,5,1,8.7,2026-01-02
CUST109651,Yuki White,35,Female,Consumer,Bronze,USA,New York,New York City,North America,PRD20717,AromaCo Skincare 555,Beauty & Personal Care,Skincare,AromaCo,TXN21000369,2026-02-19T11:15:00Z,2026-02-24T11:15:00Z,Gift Card,Online,USD,2,20.25,0.013,6.73,14.39,61.09,23.97,0.3924,WH-NA-02,5,GlobalSource Ltd,533,0,8,5,0,10.9,2026-01-02
CUST101181,Rahul Walker,41,Female,Small Business,Platinum,Canada,British Columbia,Victoria,North America,PRD21127,Colton Accessories 113,Apparel,Accessories,Colton,TXN21000370,2026-02-02T10:31:00Z,2026-02-04T10:31:00Z,Cash on Delivery,In-Store,CAD,4,90.41,0.086,65.95,6.59,403.08,161.29,0.4001,WH-NA-02,2,Meridian Traders,570,0,5,5,0,16,2026-01-02
CUST121354,Rahul Nelson,24,Male,Small Business,Silver,USA,Florida,Orlando,North America,PRD20873,NestWell Bedding 667,Home & Kitchen,Bedding,NestWell,TXN21000371,2026-02-04T11:37:00Z,2026-02-11T11:37:00Z,Digital Wallet,Online,USD,3,1066.48,0.04,275.46,14.32,3361.24,1241.38,0.3693,WH-NA-01,7,Pinnacle Supply Co,225,0,2,5,0,3.8,2026-01-02
CUST108758,Charles Thomas,56,Male,Consumer,Bronze,Mexico,Jalisco,Guadalajara,Latin America,PRD20447,DriveMax Accessories 690,Automotive,Accessories,DriveMax,TXN21000372,2026-02-08T23:30:00Z,2026-02-17T23:30:00Z,Credit Card,In-Store,MXN,5,245.97,0.15,126.88,6.73,1178.98,303.53,0.2575,WH-EU-02,9,Meridian Traders,46,0,9,6,0,18.6,2026-01-02
CUST107517,Elizabeth Garcia,32,Male,Corporate,Platinum,Germany,Berlin,Berlin,Europe,PRD20989,HomeSense Thermostats 838,Smart Home,Thermostats,HomeSense,TXN21000373,2026-02-02T13:27:00Z,2026-02-12T13:27:00Z,Credit Card,Mobile App,EUR,3,247.03,0.192,90.71,13.28,702.79,136.36,0.194,WH-APAC-02,10,Summit Logistics Group,56,0,8,5,1,5.6,2026-01-02
CUST111422,Ava Hill,49,Male,Consumer,Bronze,Japan,Kansai,Osaka,Asia Pacific,PRD20135,Zentek Tablets 760,Electronics,Tablets,Zentek,TXN21000374,2026-02-13T10:31:00Z,2026-02-16T10:31:00Z,Bank Transfer,Online,JPY,3,480.37,0.128,137.18,13.2,1407.03,237.49,0.1688,WH-EU-02,3,Vertex Distribution,627,0,4,6,0,5.7,2026-01-02
CUST108229,Carlos Young,65,Male,Consumer,Bronze,Japan,Kanto,Yokohama,Asia Pacific,PRD20618,Velvet Wellness 192,Beauty & Personal Care,Wellness,Velvet,TXN21000375,2026-02-11T17:08:00Z,2026-02-16T17:08:00Z,Digital Wallet,Marketplace,JPY,4,54.46,0.083,19.11,9.61,228.48,113.67,0.4975,WH-APAC-01,5,Anchor Wholesale,278,0,6,7,0,20.6,2026-01-02
CUST115731,Ethan Rodriguez,35,Female,Corporate,Bronze,USA,New York,New York City,North America,PRD21391,NestWell Decor 356,Home & Kitchen,Decor,NestWell,TXN21000376,2026-02-02T06:20:00Z,2026-02-07T06:20:00Z,Digital Wallet,In-Store,USD,1,114.42,0.133,6.94,24.92,131.06,33.75,0.2575,WH-LATAM-01,5,Vertex Distribution,271,0,6,2,0,15.2,2026-01-02
CUST112741,Sarah Wright,25,Male,Corporate,Gold,Brazil,Rio de Janeiro,Rio de Janeiro City,Latin America,PRD21196,Bloom Fragrance 913,Beauty & Personal Care,Fragrance,Bloom,TXN21000377,2026-02-08T11:47:00Z,2026-02-13T11:47:00Z,Cash on Delivery,In-Store,BRL,6,94.5,0.177,46.8,6.26,519.7,242.56,0.4667,WH-NA-02,5,Pinnacle Supply Co,357,0,3,9,1,5.4,2026-01-02
CUST111957,Wei Campbell,35,Female,Corporate,Silver,USA,Texas,Austin,North America,PRD20913,BrainBox Action Figures 190,Toys & Games,Action Figures,BrainBox,TXN21000378,2026-02-18T11:44:00Z,2026-02-27T11:44:00Z,Gift Card,Online,USD,2,59.58,0.089,9,14.59,132.14,49.07,0.3713,WH-APAC-02,9,Meridian Traders,98,0,4,2,0,17.1,2026-01-02
CUST105690,Sarah White,34,Male,Consumer,Platinum,Mexico,Jalisco,Guadalajara,Latin America,PRD20539,TrailBlaze Footwear 634,Sports & Outdoors,Footwear,TrailBlaze,TXN21000379,2026-02-09T17:20:00Z,2026-02-15T17:20:00Z,Credit Card,Call Center,MXN,8,145.89,0.144,100.93,7.86,1107.84,367.88,0.3321,WH-NA-01,6,Pinnacle Supply Co,391,1,4,10,0,5.2,2026-01-02
CUST119580,Ahmed Torres,28,Male,Consumer,Bronze,Mexico,CDMX,Mexico City,Latin America,PRD21260,GearHead Tools 752,Automotive,Tools,GearHead,TXN21000380,2026-02-18T23:38:00Z,2026-02-24T23:38:00Z,Digital Wallet,Online,MXN,5,174.92,0.028,154.47,5.62,1010.2,322.55,0.3193,WH-EU-01,6,Anchor Wholesale,204,0,1,6,1,12.9,2026-01-02
CUST109976,Lucas Green,30,Male,Consumer,Bronze,Mexico,Jalisco,Guadalajara,Latin America,PRD20408,Zentek Smart Lighting 668,Smart Home,Smart Lighting,Zentek,TXN21000381,2026-02-11T11:23:00Z,2026-02-18T11:23:00Z,Digital Wallet,Online,MXN,1,143.24,0.244,21.25,23.33,152.87,18.91,0.1237,WH-EU-02,7,Summit Logistics Group,109,0,4,3,1,4.6,2026-01-02
CUST109039,Thomas Patel,36,Non-Binary,Small Business,Silver,France,Ile-de-France,Paris,Europe,PRD20090,UrbanThread Kidswear 661,Apparel,Kidswear,UrbanThread,TXN21000382,2026-02-24T16:53:00Z,2026-03-02T16:53:00Z,Digital Wallet,Online,EUR,4,104.8,0.117,25.19,6.99,402.33,173.97,0.4324,WH-NA-01,6,Anchor Wholesale,424,0,4,6,0,8.3,2026-01-02
CUST102616,John Kumar,43,Male,Consumer,Silver,Brazil,Sao Paulo,Campinas,Latin America,PRD21343,HomeCraft Appliances 168,Home & Kitchen,Appliances,HomeCraft,TXN21000383,2026-02-15T12:44:00Z,2026-02-17T12:44:00Z,Digital Wallet,Call Center,BRL,3,607.74,0.11,221.19,4.42,1848.28,579.78,0.3137,WH-NA-01,2,Pinnacle Supply Co,639,0,4,6,0,4.7,2026-01-02
CUST122824,Barbara Walker,40,Female,Small Business,Bronze,Australia,New South Wales,Newcastle,Asia Pacific,PRD20857,PeakGear Fitness Equipment 819,Sports & Outdoors,Fitness Equipment,PeakGear,TXN21000384,2026-02-04T22:26:00Z,2026-02-09T22:26:00Z,Bank Transfer,Online,AUD,5,178.81,0.316,72.79,10.5,694.82,128.03,0.1843,WH-APAC-02,5,Pinnacle Supply Co,367,0,5,8,1,9.5,2026-01-02
CUST116084,Haruto Johnson,52,Female,Small Business,Silver,India,Maharashtra,Mumbai,Asia Pacific,PRD20164,Sonyx Laptops 369,Electronics,Laptops,Sonyx,TXN21000385,2026-02-05T19:52:00Z,2026-02-13T19:52:00Z,Cash on Delivery,Marketplace,INR,1,1664.19,0.151,150.9,12.4,1576.2,235.98,0.1497,WH-NA-01,8,GlobalSource Ltd,125,1,6,3,1,16.1,2026-01-02
CUST108570,Ava King,28,Male,Consumer,Platinum,USA,Texas,Dallas,North America,PRD20211,ActivFlex Camping 223,Sports & Outdoors,Camping,ActivFlex,TXN21000386,2026-02-15T19:27:00Z,2026-02-23T19:27:00Z,Debit Card,Online,USD,2,518.25,0.191,108.98,9.77,957.28,277.99,0.2904,WH-EU-02,8,Anchor Wholesale,145,0,2,4,1,6.6,2026-01-02
CUST116327,Lukas Mitchell,41,Female,Consumer,Bronze,Mexico,Jalisco,Guadalajara,Latin America,PRD20739,HomeCraft Furniture 480,Home & Kitchen,Furniture,HomeCraft,TXN21000387,2026-02-13T21:04:00Z,2026-02-17T21:04:00Z,Digital Wallet,Mobile App,MXN,2,394.65,0.096,45.87,12.09,771.49,262.05,0.3397,WH-EU-01,4,Pinnacle Supply Co,489,0,6,4,0,10.1,2026-01-02
CUST118180,Mary Smith,55,Female,Corporate,Gold,India,Maharashtra,Mumbai,Asia Pacific,PRD20410,Nutriva Snacks 724,Grocery,Snacks,Nutriva,TXN21000388,2026-02-02T19:16:00Z,2026-02-11T19:16:00Z,Cash on Delivery,In-Store,INR,4,3.32,0.112,2.17,8.97,22.93,2.12,0.0925,WH-NA-01,9,Vertex Distribution,97,0,3,4,0,8.4,2026-01-02
CUST114739,Joseph Taylor,56,Male,Corporate,Silver,USA,Texas,Houston,North America,PRD21392,HomeSense Security Cameras 697,Smart Home,Security Cameras,HomeSense,TXN21000389,2026-02-05T04:28:00Z,2026-02-15T04:28:00Z,Digital Wallet,Online,USD,1,323.9,0.124,53.13,23.9,360.77,81.62,0.2262,WH-LATAM-01,10,Anchor Wholesale,45,1,2,3,0,5.9,2026-01-02
CUST115044,John Mitchell,47,Male,Corporate,Bronze,UK,Scotland,Edinburgh,Europe,PRD20038,Velvet Wellness 747,Beauty & Personal Care,Wellness,Velvet,TXN21000390,2026-02-03T06:54:00Z,2026-02-11T06:54:00Z,Credit Card,Online,GBP,2,193.73,0.227,18.02,7.63,325.16,146.38,0.4502,WH-NA-02,8,Anchor Wholesale,110,0,5,2,1,2.8,2026-01-02
CUST100748,Barbara Roberts,51,Female,Corporate,Bronze,Brazil,Rio de Janeiro,Rio de Janeiro City,Latin America,PRD20833,PeakGear Team Sports 706,Sports & Outdoors,Team Sports,PeakGear,TXN21000391,2026-02-04T18:03:00Z,2026-02-12T18:03:00Z,Digital Wallet,In-Store,BRL,4,755.19,0.19,401.42,6.48,2854.72,813.19,0.2849,WH-EU-02,8,GlobalSource Ltd,154,1,8,7,0,4.8,2026-01-02
CUST118926,John White,46,Male,Consumer,Silver,Australia,Victoria,Melbourne,Asia Pacific,PRD20396,HomeSense Smart Speakers 726,Smart Home,Smart Speakers,HomeSense,TXN21000392,2026-02-24T16:00:00Z,2026-03-02T16:00:00Z,Digital Wallet,Mobile App,AUD,3,186.09,0.033,48.06,5.86,593.77,191.49,0.3225,WH-EU-01,6,Anchor Wholesale,482,0,6,5,0,7.3,2026-01-02
CUST114323,Joseph Moore,26,Male,Consumer,Gold,France,Ile-de-France,Paris,Europe,PRD20950,RoadKing Car Care 255,Automotive,Car Care,RoadKing,TXN21000393,2026-02-24T09:30:00Z,2026-03-03T09:30:00Z,Debit Card,In-Store,EUR,3,109.89,0.288,46.31,3.39,284.43,35.87,0.1261,WH-NA-01,7,Meridian Traders,61,1,3,5,0,10,2026-01-02
CUST104397,Carlos Perez,35,Female,Small Business,Silver,Germany,Hesse,Frankfurt,Europe,PRD20040,Modique Footwear 711,Apparel,Footwear,Modique,TXN21000394,2026-02-20T05:07:00Z,2026-03-03T05:07:00Z,Bank Transfer,Online,EUR,4,165.35,0.14,38.87,7.14,614.81,259.27,0.4217,WH-EU-02,11,GlobalSource Ltd,71,0,3,6,0,27,2026-01-02
CUST117018,Sarah Martinez,41,Female,Corporate,Gold,Canada,British Columbia,Victoria,North America,PRD20554,FitWear Footwear 446,Apparel,Footwear,FitWear,TXN21000395,2026-02-07T11:59:00Z,2026-02-13T11:59:00Z,Cash on Delivery,Online,CAD,4,52.15,0.145,26.44,11.56,216.35,80.73,0.3731,WH-APAC-01,6,GlobalSource Ltd,294,0,5,4,0,3.8,2026-01-02
CUST103971,William Davis,55,Male,Corporate,Silver,Canada,Ontario,Ottawa,North America,PRD20389,RoadKing Tools 278,Automotive,Tools,RoadKing,TXN21000396,2026-02-14T00:56:00Z,2026-02-21T00:56:00Z,Debit Card,Marketplace,CAD,4,296.41,0.076,145.99,6.06,1247.58,380.35,0.3049,WH-APAC-02,7,Meridian Traders,302,0,6,6,0,5.7,2026-01-02
CUST115799,Emma Davis,48,Male,Consumer,Bronze,Australia,New South Wales,Sydney,Asia Pacific,PRD20432,KidJoy Outdoor Toys 410,Toys & Games,Outdoor Toys,KidJoy,TXN21000397,2026-02-24T19:22:00Z,2026-03-03T19:22:00Z,Digital Wallet,Online,AUD,3,111.19,0.078,24.37,11.11,343.03,141.03,0.4111,WH-LATAM-01,7,GlobalSource Ltd,281,0,3,5,1,3.9,2026-01-02
CUST123824,Susan Anderson,52,Female,Consumer,Bronze,Canada,Ontario,Toronto,North America,PRD20178,PeakGear Footwear 597,Sports & Outdoors,Footwear,PeakGear,TXN21000398,2026-02-03T07:54:00Z,2026-02-10T07:54:00Z,Bank Transfer,Online,CAD,5,377.08,0.166,229.69,2.46,1804.57,552.8,0.3063,WH-APAC-01,7,Meridian Traders,247,0,4,8,1,14,2026-01-02
CUST116866,Carlos Thomas,42,Male,Consumer,Bronze,Australia,New South Wales,Newcastle,Asia Pacific,PRD20493,PlayWorks Outdoor Toys 914,Toys & Games,Outdoor Toys,PlayWorks,TXN21000399,2026-02-25T18:35:00Z,2026-03-02T18:35:00Z,Credit Card,Online,AUD,3,118.97,0.035,64.95,2.26,411.63,166.25,0.4039,WH-NA-01,5,Pinnacle Supply Co,433,0,4,4,0,4.4,2026-01-02
CUST120292,Diego Clark,45,Female,Consumer,Bronze,UK,Wales,Cardiff,Europe,PRD20207,Brava Accessories 636,Apparel,Accessories,Brava,TXN21000400,2026-02-18T10:34:00Z,2026-02-25T10:34:00Z,Credit Card,Online,GBP,4,36.87,0.135,17.72,7.61,152.9,58.55,0.3829,WH-APAC-01,7,Anchor Wholesale,318,0,2,4,1,4.1,2026-01-02
CUST121623,Susan Young,55,Male,Consumer,Platinum,Japan,Kanto,Yokohama,Asia Pacific,PRD21082,KidJoy Outdoor Toys 772,Toys & Games,Outdoor Toys,KidJoy,TXN21000401,2026-02-14T18:21:00Z,2026-02-18T18:21:00Z,Credit Card,In-Store,JPY,3,86.91,0.101,35.1,5.11,274.61,104.24,0.3796,WH-NA-02,4,GlobalSource Ltd,449,0,6,5,0,9.9,2026-01-02
CUST110378,Ahmed Brown,32,Male,Small Business,Bronze,Japan,Kanto,Tokyo,Asia Pacific,PRD20038,Velvet Wellness 747,Beauty & Personal Care,Wellness,Velvet,TXN21000402,2026-02-19T08:49:00Z,2026-02-25T08:49:00Z,Credit Card,Mobile App,JPY,5,195.83,0.297,129.66,3.1,821.1,301.38,0.367,WH-APAC-02,6,GlobalSource Ltd,216,1,3,6,1,11.7,2026-01-02
CUST111472,Fatima Baker,18,Female,Consumer,Bronze,Germany,Hesse,Frankfurt,Europe,PRD20946,TechNova Headphones 350,Electronics,Headphones,TechNova,TXN21000403,2026-02-06T00:20:00Z,2026-02-11T00:20:00Z,Digital Wallet,Online,EUR,3,1000.33,0.118,429.73,5.41,3082.01,524.57,0.1702,WH-APAC-02,5,Meridian Traders,262,0,6,5,0,16.8,2026-01-02
CUST102030,Robert Moore,43,Female,Small Business,Silver,Brazil,Rio de Janeiro,Rio de Janeiro City,Latin America,PRD20847,Zentek Smart Lighting 946,Smart Home,Smart Lighting,Zentek,TXN21000404,2026-02-06T13:32:00Z,2026-02-11T13:32:00Z,Digital Wallet,Call Center,BRL,6,48.22,0.141,13.67,5.97,268.17,67.99,0.2535,WH-NA-01,5,GlobalSource Ltd,475,0,4,9,1,14.4,2026-01-02
CUST114676,Lukas Jones,38,Female,Small Business,Bronze,USA,Florida,Tampa,North America,PRD20958,TrailBlaze Team Sports 612,Sports & Outdoors,Team Sports,TrailBlaze,TXN21000405,2026-02-24T03:33:00Z,2026-03-03T03:33:00Z,Digital Wallet,Online,USD,5,252.9,0.064,231.49,8.59,1423.65,499.73,0.351,WH-APAC-02,7,GlobalSource Ltd,226,0,3,6,0,12.1,2026-01-02
CUST104352,Chen Carter,47,Female,Small Business,Platinum,UK,England,London,Europe,PRD21259,RoadKing Tires 932,Automotive,Tires,RoadKing,TXN21000406,2026-02-23T22:07:00Z,2026-02-28T22:07:00Z,Credit Card,Online,GBP,4,559.58,0.139,274.71,7.75,2209.65,577.04,0.2611,WH-NA-02,5,Meridian Traders,357,0,8,5,0,5.9,2026-01-02
CUST107901,Olivia Harris,42,Female,Small Business,Bronze,Brazil,Sao Paulo,Campinas,Latin America,PRD20456,PureGlow Wellness 556,Beauty & Personal Care,Wellness,PureGlow,TXN21000407,2026-02-02T08:04:00Z,2026-02-08T08:04:00Z,Debit Card,Online,BRL,4,170.21,0.071,58.6,6.75,697.85,363.43,0.5208,WH-EU-02,6,Vertex Distribution,474,0,6,7,0,5.5,2026-01-02
CUST114317,Olivia Singh,65,Male,Consumer,Bronze,UK,Scotland,Edinburgh,Europe,PRD20842,Bloom Haircare 372,Beauty & Personal Care,Haircare,Bloom,TXN21000408,2026-02-06T14:08:00Z,2026-02-10T14:08:00Z,Credit Card,Online,GBP,4,111.65,0.053,45.58,6.79,475.3,246.43,0.5185,WH-APAC-02,4,Vertex Distribution,472,0,4,4,1,10.9,2026-01-02
CUST122439,Susan Singh,37,Non-Binary,Consumer,Silver,UK,Scotland,Edinburgh,Europe,PRD21170,FreshMart Snacks 744,Grocery,Snacks,FreshMart,TXN21000409,2026-02-14T03:29:00Z,2026-02-21T03:29:00Z,Credit Card,Online,GBP,6,59.45,0.27,22.77,8.42,291.58,0.71,0.0024,WH-NA-02,7,Vertex Distribution,218,0,6,7,1,7.5,2026-01-02
CUST105837,Elizabeth Garcia,36,Female,Corporate,Platinum,Australia,New South Wales,Newcastle,Asia Pacific,PRD20694,Orchard Snacks 536,Grocery,Snacks,Orchard,TXN21000410,2026-02-01T20:37:00Z,2026-02-09T20:37:00Z,Cash on Delivery,Mobile App,AUD,2,15.75,0.09,2.75,11.13,42.54,5.73,0.1347,WH-EU-02,8,Anchor Wholesale,216,1,4,3,1,13.7,2026-01-02
CUST100463,Sofia Rodriguez,66,Female,Small Business,Gold,Canada,British Columbia,Victoria,North America,PRD20622,Brava Womenswear 302,Apparel,Womenswear,Brava,TXN21000411,2026-02-08T00:21:00Z,2026-02-13T00:21:00Z,Digital Wallet,Online,CAD,4,184.32,0.059,49.17,5.3,748.25,348.73,0.4661,WH-LATAM-01,5,Anchor Wholesale,289,0,2,7,1,8.4,2026-01-02
CUST116923,David Taylor,42,Male,Consumer,Gold,UK,Scotland,Edinburgh,Europe,PRD21122,NestWell Smart Lighting 895,Smart Home,Smart Lighting,NestWell,TXN21000412,2026-02-27T08:56:00Z,2026-03-09T08:56:00Z,Digital Wallet,In-Store,GBP,3,411.62,0.093,67.28,9.01,1196.31,349.47,0.2921,WH-NA-02,10,Anchor Wholesale,94,0,7,4,0,21.3,2026-01-02
CUST107734,Linda Jackson,39,Male,Corporate,Bronze,France,Provence,Nice,Europe,PRD20673,FreshMart Fresh Produce 748,Grocery,Fresh Produce,FreshMart,TXN21000413,2026-02-22T01:30:00Z,2026-02-28T01:30:00Z,Digital Wallet,Online,EUR,3,14.47,0.21,2.18,5.88,42.35,2.69,0.0635,WH-APAC-02,6,Summit Logistics Group,198,0,4,5,1,12.5,2026-01-02
CUST111173,Liam Wright,21,Female,Home Office,Bronze,Brazil,Rio de Janeiro,Rio de Janeiro City,Latin America,PRD21093,NestWell Security Cameras 460,Smart Home,Security Cameras,NestWell,TXN21000414,2026-02-13T22:45:00Z,2026-02-21T22:45:00Z,Digital Wallet,Marketplace,BRL,4,53.07,0.099,11.58,9.37,212.21,58.8,0.2771,WH-NA-01,8,Anchor Wholesale,146,0,4,6,0,14,2026-01-02
CUST106459,Wei Thomas,57,Male,Consumer,Silver,UK,Scotland,Edinburgh,Europe,PRD20579,Lumiere Haircare 741,Beauty & Personal Care,Haircare,Lumiere,TXN21000415,2026-02-02T01:49:00Z,2026-02-06T01:49:00Z,Digital Wallet,Marketplace,GBP,2,126.35,0.151,32.63,4.42,251.59,114.68,0.4558,WH-NA-02,4,Anchor Wholesale,644,0,2,4,0,13.2,2026-01-02
CUST114082,Olivia Baker,25,Female,Corporate,Bronze,Germany,Hesse,Frankfurt,Europe,PRD21294,Zentek Thermostats 142,Smart Home,Thermostats,Zentek,TXN21000416,2026-02-18T19:11:00Z,2026-02-20T19:11:00Z,Debit Card,Online,EUR,5,296.12,0.247,164.06,3.41,1282.36,191,0.1489,WH-LATAM-01,2,Vertex Distribution,548,0,3,7,1,8.9,2026-01-02
CUST119585,Fatima Sanchez,56,Male,Consumer,Gold,India,Karnataka,Mysore,Asia Pacific,PRD21133,HomeCraft Bedding 205,Home & Kitchen,Bedding,HomeCraft,TXN21000417,2026-02-13T15:07:00Z,2026-02-21T15:07:00Z,Debit Card,Mobile App,INR,2,952.38,0.05,284.14,15.88,2109.54,720,0.3413,WH-APAC-02,8,GlobalSource Ltd,75,0,6,3,0,4.2,2026-01-02
CUST116939,Omar Singh,48,Female,Consumer,Bronze,USA,Texas,Dallas,North America,PRD20861,SummitPro Fitness Equipment 681,Sports & Outdoors,Fitness Equipment,SummitPro,TXN21000418,2026-02-14T23:48:00Z,2026-02-18T23:48:00Z,Credit Card,Mobile App,USD,4,295.09,0.117,66.6,6.59,1115.45,403.92,0.3621,WH-LATAM-01,4,Summit Logistics Group,613,0,4,7,0,3,2026-01-02
CUST122568,Mary Torres,40,Male,Small Business,Platinum,USA,Florida,Orlando,North America,PRD20012,AromaCo Fragrance 647,Beauty & Personal Care,Fragrance,AromaCo,TXN21000419,2026-02-12T00:08:00Z,2026-02-18T00:08:00Z,Digital Wallet,In-Store,USD,4,81.34,0.087,41.73,12.13,350.91,168.47,0.4801,WH-APAC-01,6,Anchor Wholesale,254,0,3,7,0,6.8,2026-01-02
CUST107464,Diego Moore,47,Male,Consumer,Gold,USA,Texas,Houston,North America,PRD20104,AutoPro Car Care 391,Automotive,Car Care,AutoPro,TXN21000420,2026-02-13T16:04:00Z,2026-02-20T16:04:00Z,Gift Card,Mobile App,USD,5,395.82,0.05,239.98,5.72,2125.84,686.35,0.3229,WH-EU-02,7,GlobalSource Ltd,84,0,4,5,0,4.9,2026-01-02
CUST100319,Noah Allen,55,Female,Corporate,Bronze,USA,Florida,Tampa,North America,PRD20999,Colton Menswear 441,Apparel,Menswear,Colton,TXN21000421,2026-02-15T11:08:00Z,2026-02-19T11:08:00Z,Cash on Delivery,In-Store,USD,3,209.04,0.044,56.44,8.28,664.25,306.03,0.4607,WH-APAC-01,4,GlobalSource Ltd,366,0,3,3,0,3.4,2026-01-02
CUST120139,Charles Young,34,Female,Consumer,Silver,USA,Florida,Miami,North America,PRD20992,FreshMart Snacks 202,Grocery,Snacks,FreshMart,TXN21000422,2026-02-14T14:36:00Z,2026-02-18T14:36:00Z,Debit Card,Online,USD,5,27.88,0.381,11.1,2.97,100.36,-15.19,-0.1514,WH-NA-02,4,Vertex Distribution,526,0,4,8,1,10,2026-01-02
CUST105457,Hannah Torres,36,Female,Small Business,Platinum,USA,California,Los Angeles,North America,PRD20138,DailyGoods Fresh Produce 698,Grocery,Fresh Produce,DailyGoods,TXN21000423,2026-02-20T06:07:00Z,2026-02-25T06:07:00Z,Debit Card,Online,USD,5,22.26,0.085,16.66,10.62,129.12,20.81,0.1612,WH-APAC-02,5,Meridian Traders,558,0,4,5,0,7.5,2026-01-02
CUST114733,Liam Thompson,20,Female,Consumer,Gold,UK,Scotland,Glasgow,Europe,PRD20045,NestWell Appliances 862,Home & Kitchen,Appliances,NestWell,TXN21000424,2026-02-15T23:14:00Z,2026-02-20T23:14:00Z,Debit Card,Online,GBP,3,1025.5,0.065,467.2,12.13,3355.86,1116.77,0.3328,WH-EU-01,5,Meridian Traders,430,0,4,6,0,12.8,2026-01-02
CUST100187,William Williams,20,Female,Small Business,Bronze,USA,Florida,Orlando,North America,PRD21362,HomeSense Smart Speakers 644,Smart Home,Smart Speakers,HomeSense,TXN21000425,2026-02-06T16:33:00Z,2026-02-12T16:33:00Z,Digital Wallet,Online,USD,4,376.5,0.178,119.03,12.17,1369.13,298.19,0.2178,WH-APAC-02,6,Anchor Wholesale,446,0,4,6,0,7.4,2026-01-02
CUST108946,Emma White,45,Female,Small Business,Bronze,Germany,Berlin,Berlin,Europe,PRD20824,OrbitAI Security Cameras 497,Smart Home,Security Cameras,OrbitAI,TXN21000426,2026-02-10T23:52:00Z,2026-02-17T23:52:00Z,Digital Wallet,In-Store,EUR,4,217.17,0.213,38.31,7.22,729.18,141.59,0.1942,WH-EU-01,7,Anchor Wholesale,100,0,2,7,1,7.8,2026-01-02
CUST104127,Lucas Smith,36,Female,Home Office,Platinum,Mexico,Jalisco,Guadalajara,Latin America,PRD20145,ActivFlex Team Sports 822,Sports & Outdoors,Team Sports,ActivFlex,TXN21000427,2026-02-13T13:57:00Z,2026-02-20T13:57:00Z,Gift Card,Online,MXN,4,347.63,0.022,133.54,8.93,1502.4,607.94,0.4046,WH-APAC-02,7,Meridian Traders,260,0,5,5,1,9.8,2026-01-02
CUST120450,Charles Clark,42,Male,Consumer,Gold,USA,Texas,Houston,North America,PRD20861,SummitPro Fitness Equipment 681,Sports & Outdoors,Fitness Equipment,SummitPro,TXN21000428,2026-02-03T17:35:00Z,2026-02-11T17:35:00Z,Digital Wallet,In-Store,USD,3,319.6,0.176,44.11,11.95,846.11,271.53,0.3209,WH-LATAM-01,8,GlobalSource Ltd,226,1,3,5,1,14.6,2026-01-02
CUST114062,Yuki Moore,62,Female,Small Business,Silver,USA,California,Los Angeles,North America,PRD20614,Orion Laptops 532,Electronics,Laptops,Orion,TXN21000429,2026-02-11T15:24:00Z,2026-02-17T15:24:00Z,Debit Card,Online,USD,3,1918.84,0.114,856.05,3.18,5959.51,1029.27,0.1727,WH-APAC-02,6,Summit Logistics Group,303,0,3,6,0,18.4,2026-01-02
CUST121975,Charles Davis,18,Female,Small Business,Platinum,USA,Florida,Orlando,North America,PRD21092,Orchard Fresh Produce 114,Grocery,Fresh Produce,Orchard,TXN21000430,2026-02-04T17:49:00Z,2026-02-09T17:49:00Z,Digital Wallet,Online,USD,3,14.69,0.027,7.18,8.77,58.83,10.8,0.1836,WH-APAC-02,5,Anchor Wholesale,421,0,8,5,0,8.7,2026-01-02
CUST120163,Carlos Ramirez,45,Male,Consumer,Silver,Mexico,CDMX,Mexico City,Latin America,PRD20174,HomeCraft Furniture 929,Home & Kitchen,Furniture,HomeCraft,TXN21000431,2026-02-04T09:24:00Z,2026-02-09T09:24:00Z,Credit Card,Online,MXN,5,654.23,0.113,203.57,1.48,3106.56,1030.41,0.3317,WH-LATAM-01,5,Summit Logistics Group,471,0,7,7,0,11.7,2026-01-02
CUST112521,Charles Wilson,48,Male,Consumer,Gold,USA,California,San Diego,North America,PRD21340,HomeSense Security Cameras 192,Smart Home,Security Cameras,HomeSense,TXN21000432,2026-02-07T03:17:00Z,2026-02-10T03:17:00Z,Gift Card,Mobile App,USD,3,73.01,0.181,21.7,6.88,207.97,42.71,0.2054,WH-LATAM-01,3,Vertex Distribution,596,0,7,3,1,5,2026-01-02
CUST121661,Ava Adams,53,Non-Binary,Consumer,Gold,Australia,New South Wales,Sydney,Asia Pacific,PRD20347,Orchard Snacks 255,Grocery,Snacks,Orchard,TXN21000433,2026-02-02T21:39:00Z,2026-02-07T21:39:00Z,Bank Transfer,Mobile App,AUD,2,16.09,0.21,2.86,16.27,44.55,2,0.0449,WH-LATAM-01,5,Vertex Distribution,266,0,9,3,1,6.5,2026-01-02
CUST120728,Karen Jones,53,Male,Corporate,Gold,Germany,Hesse,Frankfurt,Europe,PRD20955,Orchard Beverages 148,Grocery,Beverages,Orchard,TXN21000434,2026-02-07T16:40:00Z,2026-02-15T16:40:00Z,Digital Wallet,Mobile App,EUR,3,31.07,0.127,12.63,3.23,97.23,13.52,0.1391,WH-NA-01,8,Pinnacle Supply Co,82,0,4,5,0,7.5,2026-01-02
CUST105310,Ahmed Miller,52,Male,Consumer,Gold,Germany,Hesse,Frankfurt,Europe,PRD20688,ActivFlex Cycling 138,Sports & Outdoors,Cycling,ActivFlex,TXN21000435,2026-02-22T05:04:00Z,2026-02-28T05:04:00Z,Gift Card,Marketplace,EUR,4,59.64,0.213,34.16,2.84,224.75,58.73,0.2613,WH-NA-01,6,Summit Logistics Group,389,0,7,4,0,15,2026-01-02
CUST121905,Wei Thomas,24,Male,Corporate,Platinum,Canada,British Columbia,Vancouver,North America,PRD21092,Orchard Fresh Produce 114,Grocery,Fresh Produce,Orchard,TXN21000436,2026-02-27T13:10:00Z,2026-03-04T13:10:00Z,Debit Card,In-Store,CAD,2,14.95,0.03,3.76,11.06,43.82,7.24,0.1652,WH-NA-02,5,Summit Logistics Group,286,0,6,5,0,4.5,2026-01-02
CUST101223,Olivia Taylor,30,Male,Corporate,Silver,USA,Florida,Orlando,North America,PRD20203,Zentek Laptops 243,Electronics,Laptops,Zentek,TXN21000437,2026-02-08T09:16:00Z,2026-02-12T09:16:00Z,Digital Wallet,Online,USD,5,375.85,0.198,281.87,9.03,1798.06,178.15,0.0991,WH-NA-02,4,Anchor Wholesale,445,0,4,6,1,8.2,2026-01-02
CUST103436,Emma Moore,53,Male,Consumer,Platinum,Australia,Victoria,Melbourne,Asia Pacific,PRD21372,Domus Decor 313,Home & Kitchen,Decor,Domus,TXN21000438,2026-02-19T14:26:00Z,2026-02-23T14:26:00Z,Bank Transfer,Marketplace,AUD,7,790.75,0.081,731.43,1.16,5819.48,1920.73,0.3301,WH-APAC-02,4,GlobalSource Ltd,508,0,7,7,0,17.3,2026-01-02
CUST112834,Ethan Williams,48,Male,Consumer,Platinum,France,Provence,Marseille,Europe,PRD20649,TrailBlaze Footwear 632,Sports & Outdoors,Footwear,TrailBlaze,TXN21000439,2026-02-15T17:29:00Z,2026-02-22T17:29:00Z,Bank Transfer,Online,EUR,4,15.19,0.153,4.96,11.38,67.8,18.6,0.2743,WH-EU-02,7,GlobalSource Ltd,164,0,6,5,1,13.1,2026-01-02
CUST121368,Richard Harris,47,Female,Consumer,Gold,Australia,New South Wales,Newcastle,Asia Pacific,PRD21012,PeakGear Team Sports 247,Sports & Outdoors,Team Sports,PeakGear,TXN21000440,2026-02-20T05:44:00Z,2026-02-23T05:44:00Z,Bank Transfer,Online,AUD,2,653.45,0.044,67.39,5.52,1322.31,542.62,0.4104,WH-APAC-02,3,Anchor Wholesale,484,0,6,4,0,18.8,2026-01-02
CUST115489,David Smith,51,Female,Small Business,Silver,USA,Texas,Dallas,North America,PRD20364,PlayWorks Educational 715,Toys & Games,Educational,PlayWorks,TXN21000441,2026-02-24T16:03:00Z,2026-02-26T16:03:00Z,Credit Card,Mobile App,USD,4,72.77,0.107,36.23,8.9,305.06,114.63,0.3758,WH-APAC-01,2,Anchor Wholesale,526,0,2,6,0,7.4,2026-01-02
CUST123970,James Rodriguez,39,Female,Consumer,Bronze,Australia,New South Wales,Sydney,Asia Pacific,PRD20208,NestWell Furniture 388,Home & Kitchen,Furniture,NestWell,TXN21000442,2026-02-22T17:54:00Z,2026-03-01T17:54:00Z,Credit Card,In-Store,AUD,5,446.36,0.072,133.62,2.95,2207.68,794.52,0.3599,WH-EU-02,7,Summit Logistics Group,259,0,5,6,0,7,2026-01-02
CUST103890,William Kumar,38,Female,Corporate,Silver,Canada,British Columbia,Vancouver,North America,PRD20819,FreshMart Fresh Produce 745,Grocery,Fresh Produce,FreshMart,TXN21000443,2026-02-09T05:20:00Z,2026-02-18T05:20:00Z,Cash on Delivery,Mobile App,CAD,5,57.44,0.064,25.91,5.41,300.14,59.74,0.199,WH-EU-02,9,Meridian Traders,60,0,6,6,0,16.2,2026-01-02
CUST123270,Ethan Davis,50,Female,Corporate,Gold,USA,California,Los Angeles,North America,PRD21192,Zentek Headphones 441,Electronics,Headphones,Zentek,TXN21000444,2026-02-07T08:09:00Z,2026-02-09T08:09:00Z,Bank Transfer,Marketplace,USD,3,320.47,0.219,130.67,3.81,885.34,70.95,0.0801,WH-EU-02,2,Pinnacle Supply Co,551,0,2,6,1,8.8,2026-01-02
CUST120236,Linda Allen,47,Male,Consumer,Platinum,India,Delhi,New Delhi,Asia Pacific,PRD20711,BrainBox Action Figures 731,Toys & Games,Action Figures,BrainBox,TXN21000445,2026-02-27T07:47:00Z,2026-02-28T07:47:00Z,Cash on Delivery,Mobile App,INR,3,51.16,0.012,11.16,4.23,167.03,75.02,0.4491,WH-APAC-01,1,Meridian Traders,603,0,4,5,0,7.6,2026-01-02
CUST105080,James Roberts,18,Non-Binary,Small Business,Gold,Vietnam,Hanoi,Hanoi City,Asia Pacific,PRD20563,AromaCo Skincare 248,Beauty & Personal Care,Skincare,AromaCo,TXN21000446,2026-02-04T07:16:00Z,2026-02-11T07:16:00Z,Credit Card,Online,VND,4,128.28,0.173,45.4,6.03,475.78,221.57,0.4657,WH-EU-02,7,GlobalSource Ltd,202,0,6,4,1,4.3,2026-01-02
CUST107997,Wei Johnson,33,Male,Corporate,Silver,USA,Texas,Houston,North America,PRD20983,TechNova Tablets 759,Electronics,Tablets,TechNova,TXN21000447,2026-02-02T04:28:00Z,2026-02-07T04:28:00Z,Digital Wallet,Online,USD,4,222.97,0.213,91.97,11.75,805.63,71.17,0.0883,WH-LATAM-01,5,Meridian Traders,271,0,2,4,1,1.4,2026-01-02
CUST101363,Joseph Harris,35,Female,Small Business,Bronze,Australia,Victoria,Melbourne,Asia Pacific,PRD20162,HomeCraft Furniture 362,Home & Kitchen,Furniture,HomeCraft,TXN21000448,2026-02-14T04:34:00Z,2026-02-18T04:34:00Z,Bank Transfer,In-Store,AUD,5,233.2,0.027,183.2,9.41,1327.13,467.57,0.3523,WH-APAC-01,4,Meridian Traders,309,1,10,6,1,14,2026-01-02
CUST109163,Layla Jackson,51,Male,Corporate,Silver,Japan,Kanto,Tokyo,Asia Pacific,PRD20904,NestWell Cookware 743,Home & Kitchen,Cookware,NestWell,TXN21000449,2026-02-27T08:18:00Z,2026-03-06T08:18:00Z,Cash on Delivery,Online,JPY,5,19.71,0.175,13.96,9.76,105.02,24.93,0.2374,WH-APAC-02,7,Summit Logistics Group,439,0,4,7,1,11.8,2026-01-02
CUST100436,Ava Anderson,43,Male,Small Business,Silver,Germany,Hesse,Frankfurt,Europe,PRD21363,Zentek Security Cameras 934,Smart Home,Security Cameras,Zentek,TXN21000450,2026-02-28T07:01:00Z,2026-03-07T07:01:00Z,Digital Wallet,Marketplace,EUR,6,288.44,0.089,167.73,3.64,1747.98,496.69,0.2842,WH-APAC-02,7,Summit Logistics Group,46,0,5,6,0,22.2,2026-01-02
CUST110088,Yuki Thomas,36,Male,Consumer,Gold,Mexico,CDMX,Mexico City,Latin America,PRD20168,TorqueTech Accessories 722,Automotive,Accessories,TorqueTech,TXN21000451,2026-02-14T04:32:00Z,2026-02-20T04:32:00Z,Digital Wallet,In-Store,MXN,3,85.54,0.165,15.78,8.88,238.94,59.48,0.2489,WH-APAC-02,6,GlobalSource Ltd,306,0,2,3,1,9.9,2026-01-02
CUST115688,Isabella Wright,62,Male,Consumer,Bronze,USA,California,San Diego,North America,PRD20067,DriveMax Tires 746,Automotive,Tires,DriveMax,TXN21000452,2026-02-26T10:39:00Z,2026-03-02T10:39:00Z,Debit Card,Online,USD,4,240.66,0.169,158.22,5.27,963.44,219.29,0.2276,WH-APAC-02,4,Summit Logistics Group,454,0,8,5,0,4.7,2026-01-02
CUST104206,William Perez,54,Male,Consumer,Bronze,France,Ile-de-France,Paris,Europe,PRD20579,Lumiere Haircare 741,Beauty & Personal Care,Haircare,Lumiere,TXN21000453,2026-02-04T09:58:00Z,2026-02-12T09:58:00Z,Gift Card,In-Store,EUR,5,123.16,0.079,86.41,5.25,658.81,323.79,0.4915,WH-LATAM-01,8,Summit Logistics Group,163,0,4,5,0,4.9,2026-01-02
CUST102699,Lukas Brown,50,Male,Small Business,Bronze,India,Maharashtra,Pune,Asia Pacific,PRD20456,PureGlow Wellness 556,Beauty & Personal Care,Wellness,PureGlow,TXN21000454,2026-02-05T16:03:00Z,2026-02-13T16:03:00Z,Debit Card,Online,INR,1,169.18,0.076,26.14,6.78,189.24,89.46,0.4727,WH-NA-02,8,Vertex Distribution,144,0,3,1,0,2.7,2026-01-02
CUST119401,Richard Harris,59,Male,Small Business,Silver,India,Delhi,New Delhi,Asia Pacific,PRD21013,PlayWorks Outdoor Toys 912,Toys & Games,Outdoor Toys,PlayWorks,TXN21000455,2026-02-06T06:43:00Z,2026-02-12T06:43:00Z,Credit Card,Online,INR,5,130.68,0.09,45.62,9.01,649.22,268.42,0.4134,WH-NA-01,6,GlobalSource Ltd,312,1,2,5,0,4.3,2026-01-02
CUST109230,Ethan Williams,53,Female,Consumer,Bronze,Mexico,Jalisco,Guadalajara,Latin America,PRD20093,AromaCo Haircare 207,Beauty & Personal Care,Haircare,AromaCo,TXN21000456,2026-02-19T01:06:00Z,2026-02-25T01:06:00Z,Bank Transfer,Mobile App,MXN,3,144.5,0.132,58.96,13.86,449.1,204.96,0.4564,WH-APAC-01,6,Summit Logistics Group,124,0,6,3,0,8.6,2026-01-02
CUST104290,Diego Lee,40,Female,Consumer,Silver,Canada,Ontario,Ottawa,North America,PRD20663,HomeSense Smart Lighting 228,Smart Home,Smart Lighting,HomeSense,TXN21000457,2026-02-05T04:14:00Z,2026-02-09T04:14:00Z,Gift Card,Marketplace,CAD,5,121.99,0.059,71.08,8.29,653.33,193.35,0.2959,WH-APAC-02,4,Summit Logistics Group,408,0,6,5,0,14.1,2026-01-02
CUST106937,Elizabeth Rodriguez,34,Male,Consumer,Silver,Canada,Ontario,Toronto,North America,PRD20372,DailyGoods Pantry 463,Grocery,Pantry,DailyGoods,TXN21000458,2026-02-21T05:40:00Z,2026-02-28T05:40:00Z,Credit Card,Online,CAD,3,31.38,0.154,14.54,8.26,102.44,11.11,0.1085,WH-LATAM-01,7,Vertex Distribution,342,0,7,5,1,27.8,2026-01-02
CUST108817,Elizabeth Scott,41,Female,Corporate,Bronze,Germany,Bavaria,Munich,Europe,PRD20468,PureGlow Haircare 746,Beauty & Personal Care,Haircare,PureGlow,TXN21000459,2026-02-05T00:31:00Z,2026-02-10T00:31:00Z,Digital Wallet,Call Center,EUR,4,163.1,0.048,90.83,11.17,723.08,363.26,0.5024,WH-LATAM-01,5,GlobalSource Ltd,374,0,4,5,0,10.1,2026-01-02
CUST108365,Diego Miller,29,Female,Corporate,Bronze,Germany,Bavaria,Munich,Europe,PRD21035,PlayWorks Puzzles 863,Toys & Games,Puzzles,PlayWorks,TXN21000460,2026-02-18T14:53:00Z,2026-02-24T14:53:00Z,Credit Card,Online,EUR,5,73.24,0.226,26.8,6.97,317.21,100.63,0.3172,WH-APAC-01,6,Meridian Traders,267,1,6,8,1,5.1,2026-01-02
CUST115554,Richard Anderson,27,Female,Home Office,Silver,USA,Florida,Orlando,North America,PRD20281,TrailBlaze Team Sports 109,Sports & Outdoors,Team Sports,TrailBlaze,TXN21000461,2026-02-08T03:15:00Z,2026-02-16T03:15:00Z,Digital Wallet,Online,USD,3,399.27,0.247,76.75,12.1,990.8,254.18,0.2565,WH-NA-01,8,Meridian Traders,189,0,8,3,1,4.8,2026-01-02
CUST123541,Linda Rivera,30,Female,Home Office,Bronze,India,Delhi,New Delhi,Asia Pacific,PRD21317,Colton Kidswear 368,Apparel,Kidswear,Colton,TXN21000462,2026-02-14T23:07:00Z,2026-02-17T23:07:00Z,Cash on Delivery,Online,INR,1,153.36,0.107,27.3,6.28,170.53,65.18,0.3822,WH-LATAM-01,3,Vertex Distribution,615,0,2,2,1,4.3,2026-01-02
CUST110723,Mia Wright,71,Male,Consumer,Gold,India,Karnataka,Mysore,Asia Pacific,PRD20391,Colton Footwear 498,Apparel,Footwear,Colton,TXN21000463,2026-02-05T14:49:00Z,2026-02-10T14:49:00Z,Digital Wallet,Online,INR,5,179.42,0.057,95.69,5.37,947.03,426.12,0.45,WH-EU-02,5,Summit Logistics Group,506,0,6,5,0,7.5,2026-01-02
CUST106897,Diego Allen,37,Female,Consumer,Platinum,Germany,Berlin,Berlin,Europe,PRD20183,TrailBlaze Footwear 814,Sports & Outdoors,Footwear,TrailBlaze,TXN21000464,2026-02-11T11:45:00Z,2026-02-16T11:45:00Z,Debit Card,Mobile App,EUR,2,471.41,0.023,79.99,5.14,1006.27,411.26,0.4087,WH-NA-01,5,Anchor Wholesale,438,0,6,2,0,9.4,2026-01-02
CUST105567,Lucas Sanchez,39,Female,Consumer,Gold,Vietnam,Hanoi,Hanoi City,Asia Pacific,PRD20730,Brava Footwear 334,Apparel,Footwear,Brava,TXN21000465,2026-02-27T02:56:00Z,2026-03-05T02:56:00Z,Debit Card,Online,VND,1,168.45,0.079,9.56,12.11,176.81,76.31,0.4316,WH-LATAM-01,6,Vertex Distribution,426,0,3,3,0,16.1,2026-01-02
CUST102575,Charles Robinson,58,Female,Consumer,Silver,USA,New York,New York City,North America,PRD20470,Colton Menswear 957,Apparel,Menswear,Colton,TXN21000466,2026-02-04T02:26:00Z,2026-02-09T02:26:00Z,Digital Wallet,Mobile App,USD,6,38.46,0.299,26.52,7.12,195.4,53.77,0.2752,WH-NA-01,5,Meridian Traders,444,0,6,6,1,7.8,2026-01-02
CUST110468,Chen Allen,35,Female,Consumer,Silver,USA,Texas,Austin,North America,PRD20630,UrbanThread Menswear 104,Apparel,Menswear,UrbanThread,TXN21000467,2026-02-22T14:19:00Z,2026-03-01T14:19:00Z,Credit Card,Mobile App,USD,5,131.66,0.123,43.62,10.08,631.03,269.24,0.4267,WH-EU-01,7,Vertex Distribution,374,0,4,6,1,5.6,2026-01-02
CUST120143,Linda Lee,39,Male,Consumer,Silver,Germany,Bavaria,Munich,Europe,PRD21276,KidJoy Action Figures 777,Toys & Games,Action Figures,KidJoy,TXN21000468,2026-02-04T08:28:00Z,2026-02-10T08:28:00Z,Digital Wallet,In-Store,EUR,1,77.24,0.038,8.19,19.77,102.26,35.75,0.3496,WH-LATAM-01,6,Pinnacle Supply Co,153,0,6,2,0,24.9,2026-01-02
CUST116210,Mia Wright,65,Female,Consumer,Bronze,UK,Wales,Cardiff,Europe,PRD20355,Velvet Makeup 732,Beauty & Personal Care,Makeup,Velvet,TXN21000469,2026-02-14T18:21:00Z,2026-02-20T18:21:00Z,Digital Wallet,Mobile App,GBP,3,65.21,0.066,33.66,12.16,228.54,105.41,0.4612,WH-EU-02,6,Anchor Wholesale,384,0,4,3,0,13.5,2026-01-02
CUST116946,Lucas Miller,61,Male,Consumer,Bronze,France,Provence,Nice,Europe,PRD21289,DailyGoods Fresh Produce 296,Grocery,Fresh Produce,DailyGoods,TXN21000470,2026-02-20T02:36:00Z,2026-02-25T02:36:00Z,Debit Card,Mobile App,EUR,2,17.03,0.046,3.92,7.57,43.98,7.7,0.1751,WH-APAC-01,5,GlobalSource Ltd,224,0,6,4,0,7.2,2026-01-02
CUST106264,Hannah Ramirez,31,Male,Consumer,Bronze,India,Maharashtra,Mumbai,Asia Pacific,PRD21048,KidJoy Educational 655,Toys & Games,Educational,KidJoy,TXN21000471,2026-02-09T06:38:00Z,2026-02-14T06:38:00Z,Credit Card,Online,INR,4,81.04,0.207,23.72,3.71,284.49,95.24,0.3348,WH-NA-02,5,GlobalSource Ltd,428,0,5,6,1,2.9,2026-01-02
CUST108689,Carlos Allen,52,Male,Consumer,Gold,USA,New York,New York City,North America,PRD20958,TrailBlaze Team Sports 612,Sports & Outdoors,Team Sports,TrailBlaze,TXN21000472,2026-02-07T08:34:00Z,2026-02-15T08:34:00Z,Credit Card,In-Store,USD,3,282.16,0.22,70.82,12.02,743.09,202.48,0.2725,WH-EU-02,8,Meridian Traders,102,0,6,3,1,12.9,2026-01-02
CUST106986,Patricia Lee,41,Male,Consumer,Platinum,UK,England,Birmingham,Europe,PRD21201,BrainBox Puzzles 654,Toys & Games,Puzzles,BrainBox,TXN21000473,2026-02-27T12:47:00Z,2026-03-05T12:47:00Z,Cash on Delivery,Mobile App,GBP,4,96.79,0.094,36.01,3.57,390.35,157.5,0.4035,WH-APAC-02,6,Anchor Wholesale,385,0,7,6,0,6.5,2026-01-02
CUST107360,Charles Davis,34,Male,Small Business,Platinum,USA,New York,New York City,North America,PRD21329,TrailBlaze Cycling 577,Sports & Outdoors,Cycling,TrailBlaze,TXN21000474,2026-02-03T13:42:00Z,2026-02-11T13:42:00Z,Digital Wallet,In-Store,USD,2,234.59,0.063,74.98,14.17,528.77,185.89,0.3516,WH-EU-01,8,Summit Logistics Group,295,0,4,3,0,5.7,2026-01-02
CUST115241,Ethan Taylor,56,Male,Corporate,Bronze,Vietnam,Hanoi,Hanoi City,Asia Pacific,PRD20853,SummitPro Camping 721,Sports & Outdoors,Camping,SummitPro,TXN21000475,2026-02-13T12:06:00Z,2026-02-17T12:06:00Z,Bank Transfer,Marketplace,VND,2,164,0.123,22.58,15.03,325.27,110.27,0.339,WH-APAC-01,4,Anchor Wholesale,611,0,3,2,0,8.2,2026-01-02
CUST111414,Thomas Martin,31,Female,Small Business,Silver,Japan,Kanto,Yokohama,Asia Pacific,PRD20310,TechNova Cameras 890,Electronics,Cameras,TechNova,TXN21000476,2026-02-20T20:35:00Z,2026-02-24T20:35:00Z,Digital Wallet,In-Store,JPY,6,1843.29,0.346,386.76,6.32,7626.15,-588.38,-0.0772,WH-EU-01,4,Anchor Wholesale,493,0,7,9,1,6.5,2026-01-02
CUST123938,Karen Robinson,52,Male,Small Business,Bronze,Vietnam,Ho Chi Minh,Ho Chi Minh City,Asia Pacific,PRD20746,FreshMart Beverages 433,Grocery,Beverages,FreshMart,TXN21000477,2026-02-21T21:15:00Z,2026-02-25T21:15:00Z,Digital Wallet,In-Store,VND,8,57.64,0.023,37.73,3.21,491.45,114.82,0.2336,WH-LATAM-01,4,Pinnacle Supply Co,542,0,5,9,0,7.8,2026-01-02
CUST107147,Layla Miller,59,Male,Consumer,Silver,India,Maharashtra,Mumbai,Asia Pacific,PRD20308,Zentek Smart Lighting 262,Smart Home,Smart Lighting,Zentek,TXN21000478,2026-02-24T19:47:00Z,2026-02-28T19:47:00Z,Cash on Delivery,Online,INR,2,423.48,0.116,105.19,12.23,866.13,220.21,0.2542,WH-EU-01,4,GlobalSource Ltd,519,0,2,5,0,17.2,2026-01-02
CUST112323,Mary Campbell,63,Male,Consumer,Silver,Germany,Hesse,Frankfurt,Europe,PRD20401,FreshMart Fresh Produce 284,Grocery,Fresh Produce,FreshMart,TXN21000479,2026-02-18T07:54:00Z,2026-02-22T07:54:00Z,Digital Wallet,Online,EUR,6,25.89,0.149,17.55,7.31,157.05,19.11,0.1217,WH-LATAM-01,4,Summit Logistics Group,407,0,5,7,0,4.5,2026-01-02
CUST121235,Liam Wright,44,Male,Small Business,Platinum,India,Karnataka,Mysore,Asia Pacific,PRD20944,NestWell Security Cameras 210,Smart Home,Security Cameras,NestWell,TXN21000480,2026-02-24T03:46:00Z,2026-03-05T03:46:00Z,Gift Card,In-Store,INR,2,351.28,0.043,53.7,5.07,731.12,233.95,0.32,WH-LATAM-01,9,Vertex Distribution,230,0,3,5,0,4.6,2026-01-02
CUST122915,Mateo Thomas,31,Female,Home Office,Silver,Japan,Kansai,Kyoto,Asia Pacific,PRD20292,PlayWorks Educational 173,Toys & Games,Educational,PlayWorks,TXN21000481,2026-02-04T06:28:00Z,2026-02-08T06:28:00Z,Gift Card,Mobile App,JPY,5,147.19,0.017,86.67,6.32,816.43,356.05,0.4361,WH-EU-01,4,GlobalSource Ltd,488,0,5,8,0,9.1,2026-01-02
CUST100029,Mia Lee,50,Male,Consumer,Platinum,USA,New York,New York City,North America,PRD21274,KidJoy Outdoor Toys 487,Toys & Games,Outdoor Toys,KidJoy,TXN21000482,2026-02-01T15:46:00Z,2026-02-05T15:46:00Z,Debit Card,Online,USD,2,114.13,0.118,35.63,13.62,250.58,87.38,0.3487,WH-APAC-02,4,Anchor Wholesale,600,0,11,3,1,4.6,2026-01-02
CUST120901,Mei Anderson,69,Male,Small Business,Gold,Mexico,CDMX,Mexico City,Latin America,PRD20341,Pulsar Tablets 612,Electronics,Tablets,Pulsar,TXN21000483,2026-02-18T22:25:00Z,2026-02-22T22:25:00Z,Credit Card,In-Store,MXN,2,1178.21,0.14,102.7,9.04,2138.26,360.06,0.1684,WH-NA-01,4,Summit Logistics Group,446,0,5,3,0,6.8,2026-01-02
CUST111332,Chen Smith,46,Female,Consumer,Silver,USA,New York,Albany,North America,PRD21335,Brava Accessories 192,Apparel,Accessories,Brava,TXN21000484,2026-02-27T22:35:00Z,2026-03-05T22:35:00Z,Digital Wallet,Call Center,USD,7,217.51,0.113,98.19,8.17,1456.88,637.96,0.4379,WH-APAC-01,6,GlobalSource Ltd,158,0,3,7,0,5.7,2026-01-02
CUST105438,Noah Carter,55,Male,Consumer,Silver,France,Ile-de-France,Paris,Europe,PRD20280,KidJoy Puzzles 530,Toys & Games,Puzzles,KidJoy,TXN21000485,2026-02-12T14:37:00Z,2026-02-16T14:37:00Z,Bank Transfer,Mobile App,EUR,2,103.54,0.071,32.57,14.67,239.62,89,0.3714,WH-NA-01,4,Vertex Distribution,555,0,7,4,1,3.4,2026-01-02
CUST119839,Chen Adams,34,Non-Binary,Consumer,Gold,France,Ile-de-France,Paris,Europe,PRD21345,Zentek Smartphones 550,Electronics,Smartphones,Zentek,TXN21000486,2026-02-28T06:21:00Z,2026-03-07T06:21:00Z,Bank Transfer,Online,EUR,4,728.83,0.247,330.77,4.42,2530.43,133.52,0.0528,WH-NA-01,7,Pinnacle Supply Co,195,0,8,4,1,4.8,2026-01-02
CUST103207,Li Lewis,34,Female,Small Business,Bronze,USA,Texas,Houston,North America,PRD20281,TrailBlaze Team Sports 109,Sports & Outdoors,Team Sports,TrailBlaze,TXN21000487,2026-02-11T02:46:00Z,2026-02-15T02:46:00Z,Digital Wallet,Mobile App,USD,2,401.52,0.204,99.41,6.02,744.65,204.94,0.2752,WH-NA-01,4,GlobalSource Ltd,458,0,4,3,1,5.2,2026-01-02
CUST115136,Omar Thomas,24,Female,Small Business,Platinum,USA,New York,Albany,North America,PRD21228,Nutriva Frozen Foods 715,Grocery,Frozen Foods,Nutriva,TXN21000488,2026-02-26T09:02:00Z,2026-03-02T09:02:00Z,Debit Card,Call Center,USD,4,14.54,0.114,6.51,5.37,63.41,9.19,0.1449,WH-NA-02,4,Meridian Traders,627,0,4,5,1,17.8,2026-01-02
CUST109578,Jennifer Lewis,54,Female,Consumer,Bronze,Australia,Victoria,Geelong,Asia Pacific,PRD20519,GearHead Electronics 554,Automotive,Electronics,GearHead,TXN21000489,2026-02-09T01:40:00Z,2026-02-17T01:40:00Z,Credit Card,Marketplace,AUD,1,267.74,0.049,28.49,22.4,305.51,93.12,0.3048,WH-NA-02,8,GlobalSource Ltd,55,0,4,1,0,6.9,2026-01-02
CUST121723,Ava Thompson,32,Male,Consumer,Bronze,Mexico,Jalisco,Guadalajara,Latin America,PRD20569,OrbitAI Security Cameras 132,Smart Home,Security Cameras,OrbitAI,TXN21000490,2026-02-11T21:09:00Z,2026-02-15T21:09:00Z,Credit Card,Online,MXN,3,228.53,0.03,95.95,9.54,770.51,237.21,0.3079,WH-APAC-01,4,Pinnacle Supply Co,530,0,7,6,0,16,2026-01-02
CUST101548,Barbara Harris,39,Male,Corporate,Bronze,India,Delhi,New Delhi,Asia Pacific,PRD21123,Orchard Fresh Produce 197,Grocery,Fresh Produce,Orchard,TXN21000491,2026-02-14T23:15:00Z,2026-02-21T23:15:00Z,Credit Card,Online,INR,2,14.24,0.243,3.75,14.89,40.2,0.83,0.0206,WH-LATAM-01,7,Pinnacle Supply Co,281,0,6,3,1,6.1,2026-01-02
CUST119682,Mei Anderson,44,Male,Corporate,Silver,Germany,Bavaria,Nuremberg,Europe,PRD20472,Modique Menswear 449,Apparel,Menswear,Modique,TXN21000492,2026-02-26T03:24:00Z,2026-03-04T03:24:00Z,Credit Card,Online,EUR,2,23.63,0.12,4.05,16.96,62.6,19.47,0.311,WH-APAC-02,6,Pinnacle Supply Co,362,0,3,2,0,4.4,2026-01-02
CUST107248,Michael Robinson,30,Male,Home Office,Gold,USA,New York,New York City,North America,PRD20750,Luxora Furniture 915,Home & Kitchen,Furniture,Luxora,TXN21000493,2026-02-05T08:20:00Z,2026-02-12T08:20:00Z,Debit Card,In-Store,USD,6,81.29,0.004,27.15,8.14,521.08,206.8,0.3969,WH-LATAM-01,7,Vertex Distribution,411,0,5,7,0,6.3,2026-01-02
CUST122396,Arjun Hill,46,Female,Consumer,Silver,Germany,Bavaria,Nuremberg,Europe,PRD21018,TechNova Smartphones 763,Electronics,Smartphones,TechNova,TXN21000494,2026-02-01T17:19:00Z,2026-02-07T17:19:00Z,Credit Card,Online,EUR,2,620.45,0.144,196.15,8.84,1267.2,184.65,0.1457,WH-NA-01,6,Anchor Wholesale,216,0,4,4,0,11.7,2026-01-02
CUST120696,Thomas Jones,30,Female,Small Business,Gold,USA,Texas,Houston,North America,PRD20728,GearHead Electronics 489,Automotive,Electronics,GearHead,TXN21000495,2026-02-26T01:01:00Z,2026-03-03T01:01:00Z,Digital Wallet,In-Store,USD,3,341.28,0.081,69.59,9.14,1019.64,323.33,0.3171,WH-NA-02,5,Anchor Wholesale,345,0,6,4,0,7.8,2026-01-02
CUST119330,Charles Lee,72,Male,Corporate,Bronze,India,Karnataka,Bangalore,Asia Pacific,PRD20932,Zentek Tablets 550,Electronics,Tablets,Zentek,TXN21000496,2026-02-03T05:53:00Z,2026-02-05T05:53:00Z,Digital Wallet,Marketplace,INR,2,463.31,0.167,145.79,7.11,924.77,116.57,0.1261,WH-APAC-02,2,Pinnacle Supply Co,636,0,5,5,1,16.9,2026-01-02
CUST120429,Fatima Thomas,44,Male,Small Business,Silver,Germany,Hesse,Frankfurt,Europe,PRD20023,HomeCraft Cookware 560,Home & Kitchen,Cookware,HomeCraft,TXN21000497,2026-02-04T00:21:00Z,2026-02-09T00:21:00Z,Bank Transfer,Mobile App,EUR,6,836.89,0.258,589.17,1.69,4316.69,853.63,0.1978,WH-APAC-01,5,Meridian Traders,311,0,4,8,1,11.1,2026-01-02
CUST109583,Mia Jackson,43,Female,Small Business,Silver,France,Ile-de-France,Paris,Europe,PRD20321,Luxora Appliances 757,Home & Kitchen,Appliances,Luxora,TXN21000498,2026-02-28T15:00:00Z,2026-03-05T15:00:00Z,Digital Wallet,Marketplace,EUR,3,548.15,0.094,75.98,1.87,1567.72,549.25,0.3503,WH-APAC-02,5,Meridian Traders,362,0,4,3,0,19.6,2026-01-02
CUST104986,Robert Flores,60,Male,Home Office,Bronze,USA,New York,Buffalo,North America,PRD21308,PlayWorks Outdoor Toys 197,Toys & Games,Outdoor Toys,PlayWorks,TXN21000499,2026-02-08T14:36:00Z,2026-02-12T14:36:00Z,Bank Transfer,Mobile App,USD,4,38.26,0.116,22.29,9.61,167.19,58.89,0.3522,WH-NA-01,4,Summit Logistics Group,347,0,4,4,0,10.4,2026-01-02
CUST121970,Patricia Carter,26,Female,Consumer,Bronze,Canada,Quebec,Quebec City,North America,PRD20338,Zentek Smart Lighting 921,Smart Home,Smart Lighting,Zentek,TXN21000500,2026-02-08T01:16:00Z,2026-02-11T01:16:00Z,Credit Card,Mobile App,CAD,6,163.43,0.117,139.5,7.99,1013.34,253.97,0.2506,WH-APAC-02,3,Meridian Traders,616,0,5,8,0,14,2026-01-02
CUST121485,Susan Flores,55,Male,Consumer,Silver,USA,Texas,Dallas,North America,PRD20783,PeakGear Camping 413,Sports & Outdoors,Camping,PeakGear,TXN21000501,2026-02-26T20:26:00Z,2026-03-02T20:26:00Z,Digital Wallet,Online,USD,3,388.16,0.036,74.22,10.16,1206.94,492.81,0.4083,WH-NA-02,4,GlobalSource Ltd,352,0,2,3,0,5,2026-01-02
CUST118991,Omar Torres,39,Male,Home Office,Gold,Germany,Hesse,Frankfurt,Europe,PRD20529,Zentek Cameras 631,Electronics,Cameras,Zentek,TXN21000502,2026-02-02T23:36:00Z,2026-02-05T23:36:00Z,Bank Transfer,Online,EUR,5,894.02,0.104,285.12,10.77,4301.1,843.95,0.1962,WH-APAC-02,3,Pinnacle Supply Co,641,0,7,8,0,12.6,2026-01-02
CUST119885,Valentina Hall,51,Female,Consumer,Gold,Canada,Quebec,Quebec City,North America,PRD20406,AutoPro Car Care 647,Automotive,Car Care,AutoPro,TXN21000503,2026-02-23T16:09:00Z,2026-03-02T16:09:00Z,Debit Card,Online,CAD,4,550.68,0.092,102.96,8.74,2111.77,671.39,0.3179,WH-EU-02,7,GlobalSource Ltd,414,1,9,6,0,11.2,2026-01-02
CUST105878,Barbara Miller,45,Male,Consumer,Gold,UK,England,Manchester,Europe,PRD20297,Tinker Outdoor Toys 463,Toys & Games,Outdoor Toys,Tinker,TXN21000504,2026-02-24T07:22:00Z,2026-02-27T07:22:00Z,Debit Card,Mobile App,GBP,2,70.28,0.132,21.35,7.16,150.52,51.84,0.3444,WH-APAC-01,3,Anchor Wholesale,539,0,5,3,0,4.6,2026-01-02
CUST117913,Hannah Ramirez,50,Male,Small Business,Bronze,Canada,Ontario,Ottawa,North America,PRD20644,KidJoy Action Figures 316,Toys & Games,Action Figures,KidJoy,TXN21000505,2026-02-18T23:30:00Z,2026-02-23T23:30:00Z,Digital Wallet,Marketplace,CAD,4,28.1,0.182,13.3,10.27,115.51,35.83,0.3102,WH-EU-01,5,Summit Logistics Group,402,0,1,6,1,6.8,2026-01-02
CUST121436,Priya Lewis,62,Male,Small Business,Bronze,USA,Texas,Houston,North America,PRD20611,DailyGoods Beverages 730,Grocery,Beverages,DailyGoods,TXN21000506,2026-02-17T12:39:00Z,2026-02-26T12:39:00Z,Gift Card,Online,USD,3,27.04,0.07,9.59,10.59,95.62,16.39,0.1714,WH-EU-02,9,GlobalSource Ltd,146,0,6,5,0,7.9,2026-01-02
CUST109718,Linda Walker,55,Male,Consumer,Bronze,USA,Texas,Austin,North America,PRD20990,AromaCo Makeup 406,Beauty & Personal Care,Makeup,AromaCo,TXN21000507,2026-02-08T14:11:00Z,2026-02-16T14:11:00Z,Credit Card,Online,USD,2,118.03,0.071,15.14,3.74,238.18,126.01,0.5291,WH-EU-02,8,Summit Logistics Group,70,0,2,2,0,5.9,2026-01-02
CUST107171,Thomas Roberts,53,Male,Small Business,Silver,Japan,Kanto,Yokohama,Asia Pacific,PRD21301,UrbanThread Womenswear 751,Apparel,Womenswear,UrbanThread,TXN21000508,2026-02-12T10:38:00Z,2026-02-18T10:38:00Z,Bank Transfer,In-Store,JPY,3,226.52,0.038,49.82,7.45,711.01,335.7,0.4721,WH-EU-02,6,Meridian Traders,281,1,6,4,0,5.1,2026-01-02
CUST105835,Lukas Martinez,78,Male,Corporate,Bronze,USA,Florida,Orlando,North America,PRD21093,NestWell Security Cameras 460,Smart Home,Security Cameras,NestWell,TXN21000509,2026-02-09T19:46:00Z,2026-02-18T19:46:00Z,Digital Wallet,Mobile App,USD,2,48.79,0.274,8.72,11.89,91.45,9.95,0.1088,WH-NA-01,9,Vertex Distribution,78,0,3,5,1,3.8,2026-01-02
CUST122304,Charles Hill,33,Female,Consumer,Platinum,USA,California,San Francisco,North America,PRD21059,Nutriva Pantry 560,Grocery,Pantry,Nutriva,TXN21000510,2026-02-04T11:52:00Z,2026-02-07T11:52:00Z,Gift Card,Mobile App,USD,1,47.86,0.019,3.41,14.63,64.99,12.11,0.1863,WH-APAC-02,3,Meridian Traders,631,0,5,4,0,10.7,2026-01-02
CUST123860,Rahul Robinson,29,Male,Small Business,Platinum,USA,California,San Diego,North America,PRD20670,Orion Cameras 137,Electronics,Cameras,Orion,TXN21000511,2026-02-17T20:47:00Z,2026-02-25T20:47:00Z,Digital Wallet,Online,USD,5,1297.17,0.107,1070.92,6.37,6869.15,1205.07,0.1754,WH-NA-01,8,Vertex Distribution,138,0,4,6,1,3.9,2026-01-02
CUST102939,Isabella Thompson,36,Female,Consumer,Bronze,India,Delhi,New Delhi,Asia Pacific,PRD20980,NestWell Smart Lighting 640,Smart Home,Smart Lighting,NestWell,TXN21000512,2026-02-20T13:06:00Z,2026-02-23T13:06:00Z,Credit Card,Online,INR,4,386.38,0.09,199.44,9.97,1615.83,442.02,0.2736,WH-APAC-02,3,Anchor Wholesale,625,1,3,6,1,12.7,2026-01-02
CUST106916,Sofia Johnson,36,Female,Small Business,Platinum,USA,California,Los Angeles,North America,PRD20713,Colton Footwear 837,Apparel,Footwear,Colton,TXN21000513,2026-02-20T06:22:00Z,2026-02-27T06:22:00Z,Cash on Delivery,In-Store,USD,2,77.11,0.038,18.38,6.6,173.34,76.18,0.4395,WH-APAC-02,7,Pinnacle Supply Co,230,0,3,4,0,6.8,2026-01-02
CUST117928,Robert Lewis,18,Male,Corporate,Gold,France,Ile-de-France,Paris,Europe,PRD20885,Modique Menswear 560,Apparel,Menswear,Modique,TXN21000514,2026-02-11T04:15:00Z,2026-02-16T04:15:00Z,Bank Transfer,Online,EUR,3,69.92,0.223,8.78,12.04,183.8,64.82,0.3527,WH-LATAM-01,5,GlobalSource Ltd,154,1,5,6,0,13,2026-01-02
CUST118366,Susan Brown,32,Female,Consumer,Silver,UK,Wales,Cardiff,Europe,PRD20455,Lumiere Wellness 134,Beauty & Personal Care,Wellness,Lumiere,TXN21000515,2026-02-11T07:13:00Z,2026-02-14T07:13:00Z,Credit Card,In-Store,GBP,4,34.31,0.065,18.96,6.6,153.88,74.08,0.4814,WH-EU-01,3,Summit Logistics Group,532,0,5,5,0,8,2026-01-02
CUST116769,Jennifer Johnson,42,Male,Consumer,Platinum,France,Ile-de-France,Paris,Europe,PRD20344,ActivFlex Camping 207,Sports & Outdoors,Camping,ActivFlex,TXN21000516,2026-02-14T15:38:00Z,2026-02-22T15:38:00Z,Credit Card,Mobile App,EUR,4,464.93,0.243,158.12,10.5,1576.43,402.07,0.2551,WH-APAC-01,8,Vertex Distribution,176,0,8,4,0,7.1,2026-01-02
CUST120483,Omar Jones,64,Female,Consumer,Bronze,India,Delhi,New Delhi,Asia Pacific,PRD20670,Orion Cameras 137,Electronics,Cameras,Orion,TXN21000517,2026-02-09T16:37:00Z,2026-02-14T16:37:00Z,Gift Card,In-Store,INR,6,1285.22,0.086,885.95,5.97,7940.07,1594.7,0.2008,WH-EU-02,5,Vertex Distribution,567,0,8,6,0,6.3,2026-01-02
CUST101236,Wei Flores,38,Non-Binary,Corporate,Bronze,USA,New York,New York City,North America,PRD20528,NestWell Security Cameras 430,Smart Home,Security Cameras,NestWell,TXN21000518,2026-02-28T17:24:00Z,2026-03-05T17:24:00Z,Credit Card,Marketplace,USD,4,352.73,0.04,252.28,4.17,1610.93,474.07,0.2943,WH-EU-01,5,GlobalSource Ltd,556,0,8,6,1,10.4,2026-01-02
CUST122067,Wei Allen,32,Female,Consumer,Gold,Germany,Berlin,Berlin,Europe,PRD21359,Zentek Headphones 898,Electronics,Headphones,Zentek,TXN21000519,2026-02-04T18:49:00Z,2026-02-07T18:49:00Z,Credit Card,Online,EUR,2,1229.61,0.062,427.4,4.82,2738.97,567.59,0.2072,WH-NA-01,3,Anchor Wholesale,573,0,6,4,0,8.7,2026-01-02
CUST112081,Isabella Wilson,48,Female,Small Business,Bronze,UK,England,Manchester,Europe,PRD21165,TrailBlaze Cycling 434,Sports & Outdoors,Cycling,TrailBlaze,TXN21000520,2026-02-15T22:16:00Z,2026-02-21T22:16:00Z,Debit Card,Marketplace,GBP,3,664.8,0.064,310.63,7.27,2184.66,788.19,0.3608,WH-APAC-02,6,Summit Logistics Group,115,0,4,3,0,4.6,2026-01-02
CUST107908,Ananya Walker,46,Non-Binary,Small Business,Bronze,USA,California,Los Angeles,North America,PRD20773,AromaCo Fragrance 716,Beauty & Personal Care,Fragrance,AromaCo,TXN21000521,2026-02-06T21:59:00Z,2026-02-09T21:59:00Z,Debit Card,Online,USD,3,18.57,0.135,8.24,4.3,60.73,26.17,0.4309,WH-APAC-01,3,Vertex Distribution,566,1,5,4,0,3.9,2026-01-02
CUST101986,Linda Campbell,41,Female,Consumer,Gold,Germany,Berlin,Berlin,Europe,PRD20639,ActivFlex Footwear 752,Sports & Outdoors,Footwear,ActivFlex,TXN21000522,2026-02-19T15:37:00Z,2026-02-25T15:37:00Z,Bank Transfer,Marketplace,EUR,2,338.32,0.191,34.28,13.65,595.33,181.47,0.3048,WH-EU-01,6,Vertex Distribution,528,0,6,2,1,5,2026-01-02
CUST117156,Joseph Clark,51,Female,Small Business,Gold,USA,New York,Albany,North America,PRD20592,FreshMart Beverages 543,Grocery,Beverages,FreshMart,TXN21000523,2026-02-08T03:46:00Z,2026-02-12T03:46:00Z,Credit Card,Online,USD,6,13,0.155,6.05,7.26,79.22,9.13,0.1152,WH-APAC-01,4,Summit Logistics Group,544,0,11,9,1,6.3,2026-01-02
CUST105670,Carlos Patel,46,Female,Corporate,Bronze,Australia,Victoria,Geelong,Asia Pacific,PRD20699,TorqueTech Electronics 723,Automotive,Electronics,TorqueTech,TXN21000524,2026-02-26T04:58:00Z,2026-03-02T04:58:00Z,Digital Wallet,Mobile App,AUD,3,408.11,0.201,124.94,7.41,1110.59,239.72,0.2158,WH-LATAM-01,4,Meridian Traders,523,0,2,3,0,4.8,2026-01-02
CUST103167,Ava Taylor,35,Male,Consumer,Bronze,UK,England,London,Europe,PRD20610,PeakGear Camping 832,Sports & Outdoors,Camping,PeakGear,TXN21000525,2026-02-16T22:29:00Z,2026-02-19T22:29:00Z,Bank Transfer,In-Store,GBP,3,472.8,0.071,202.27,12.6,1532.56,550.62,0.3593,WH-EU-02,3,Pinnacle Supply Co,593,0,4,3,0,10.6,2026-01-02
CUST105647,Patricia Davis,34,Non-Binary,Corporate,Gold,Germany,Bavaria,Nuremberg,Europe,PRD20638,NestWell Smart Speakers 305,Smart Home,Smart Speakers,NestWell,TXN21000526,2026-02-28T15:51:00Z,2026-03-07T15:51:00Z,Debit Card,Call Center,EUR,1,387.71,0.079,58.11,5.67,420.86,115.15,0.2736,WH-APAC-01,7,GlobalSource Ltd,298,0,3,4,0,7.2,2026-01-02
CUST118023,Lucas Baker,40,Female,Consumer,Bronze,USA,Florida,Orlando,North America,PRD21297,DailyGoods Frozen Foods 910,Grocery,Frozen Foods,DailyGoods,TXN21000527,2026-02-02T18:39:00Z,2026-02-08T18:39:00Z,Credit Card,Online,USD,6,22.79,0.044,17.91,3.16,151.79,31.18,0.2054,WH-APAC-02,6,Meridian Traders,226,0,6,8,0,8.6,2026-01-02
CUST117526,Mateo Nelson,51,Male,Consumer,Bronze,UK,Wales,Cardiff,Europe,PRD20627,TechNova Smartphones 475,Electronics,Smartphones,TechNova,TXN21000528,2026-02-21T17:26:00Z,2026-02-26T17:26:00Z,Digital Wallet,Mobile App,GBP,4,853.6,0.077,416.87,5.79,3574.15,736.83,0.2062,WH-EU-01,5,GlobalSource Ltd,372,0,4,5,0,2.7,2026-01-02
CUST112438,Robert Thompson,62,Female,Consumer,Silver,UK,Wales,Cardiff,Europe,PRD20689,Colton Womenswear 628,Apparel,Womenswear,Colton,TXN21000529,2026-02-16T15:41:00Z,2026-02-19T15:41:00Z,Credit Card,Online,GBP,3,98.49,0.174,24.02,4.85,272.93,105.78,0.3876,WH-NA-02,3,Summit Logistics Group,490,0,4,5,1,7.2,2026-01-02
CUST117424,Mateo Walker,44,Male,Small Business,Silver,UK,England,Manchester,Europe,PRD20341,Pulsar Tablets 612,Electronics,Tablets,Pulsar,TXN21000530,2026-02-14T17:37:00Z,2026-02-22T17:37:00Z,Debit Card,In-Store,GBP,6,1188.28,0.111,534.55,3.45,6876.29,1296.18,0.1885,WH-NA-02,8,Pinnacle Supply Co,322,0,5,9,1,3.8,2026-01-02
CUST101001,Layla Patel,54,Female,Corporate,Bronze,Canada,Quebec,Montreal,North America,PRD20817,Sonyx Tablets 914,Electronics,Tablets,Sonyx,TXN21000531,2026-02-16T18:41:00Z,2026-02-20T18:41:00Z,Digital Wallet,Online,CAD,6,1287.95,0.25,944.33,8.24,6748.34,330.75,0.049,WH-NA-02,4,Summit Logistics Group,533,0,8,7,0,7.6,2026-01-02
CUST100260,Joseph Clark,53,Male,Consumer,Bronze,Germany,Bavaria,Nuremberg,Europe,PRD21287,HomeCraft Decor 616,Home & Kitchen,Decor,HomeCraft,TXN21000532,2026-02-17T02:19:00Z,2026-02-25T02:19:00Z,Credit Card,Marketplace,EUR,2,449.29,0.021,66.73,13.26,959.7,365.72,0.3811,WH-EU-02,8,Anchor Wholesale,185,0,5,2,0,4.4,2026-01-02
CUST102379,Omar Martinez,42,Male,Home Office,Bronze,France,Provence,Marseille,Europe,PRD20499,Velvet Makeup 718,Beauty & Personal Care,Makeup,Velvet,TXN21000533,2026-02-21T05:44:00Z,2026-02-26T05:44:00Z,Digital Wallet,Marketplace,EUR,2,18.38,0.245,5.53,8.56,41.84,13.23,0.3162,WH-LATAM-01,5,Summit Logistics Group,409,0,5,5,1,11.3,2026-01-02
CUST109490,Richard Nelson,53,Male,Consumer,Bronze,Brazil,Sao Paulo,Sao Paulo City,Latin America,PRD20961,Pulsar Tablets 647,Electronics,Tablets,Pulsar,TXN21000534,2026-02-02T18:03:00Z,2026-02-09T18:03:00Z,Debit Card,In-Store,BRL,4,267.96,0.192,89.48,4.19,959.72,108.04,0.1126,WH-NA-01,7,Anchor Wholesale,122,0,6,5,1,9,2026-01-02
CUST105113,Susan Roberts,43,Female,Small Business,Silver,UK,Scotland,Glasgow,Europe,PRD21211,RoadKing Car Care 555,Automotive,Car Care,RoadKing,TXN21000535,2026-02-18T15:19:00Z,2026-02-27T15:19:00Z,Debit Card,Marketplace,GBP,3,352.32,0.276,93.55,11.01,869.8,127.68,0.1468,WH-NA-02,9,Anchor Wholesale,84,0,8,6,0,7.8,2026-01-02
CUST114697,Yuki Thomas,19,Male,Consumer,Silver,Germany,Bavaria,Nuremberg,Europe,PRD20364,PlayWorks Educational 715,Toys & Games,Educational,PlayWorks,TXN21000536,2026-02-28T13:47:00Z,2026-03-04T13:47:00Z,Credit Card,Online,EUR,2,68.09,0.145,10.84,8.41,135.68,48.45,0.3571,WH-NA-02,4,Anchor Wholesale,526,0,4,3,0,18.7,2026-01-02
CUST110157,Mei Ramirez,45,Female,Corporate,Silver,India,Maharashtra,Mumbai,Asia Pacific,PRD20230,Colton Accessories 842,Apparel,Accessories,Colton,TXN21000537,2026-02-16T00:30:00Z,2026-02-22T00:30:00Z,Debit Card,Online,INR,4,43.37,0.186,15.03,10.46,166.7,60.02,0.36,WH-NA-02,6,Vertex Distribution,309,0,7,7,1,5.7,2026-01-02
CUST119887,Mateo Hill,43,Male,Corporate,Gold,USA,New York,New York City,North America,PRD20410,Nutriva Snacks 724,Grocery,Snacks,Nutriva,TXN21000538,2026-02-20T13:30:00Z,2026-02-27T13:30:00Z,Bank Transfer,In-Store,USD,5,3.44,0.083,3.11,4.93,23.81,3.25,0.1365,WH-EU-02,7,GlobalSource Ltd,185,0,10,8,0,19.1,2026-01-02
CUST108354,Jennifer Wright,39,Female,Consumer,Gold,UK,Scotland,Glasgow,Europe,PRD20388,Nutriva Fresh Produce 959,Grocery,Fresh Produce,Nutriva,TXN21000539,2026-02-25T10:38:00Z,2026-03-05T10:38:00Z,Bank Transfer,Online,GBP,2,14.12,0.071,4.29,16.19,46.71,5.68,0.1216,WH-EU-02,8,Summit Logistics Group,85,0,2,3,0,8.7,2026-01-02
CUST101031,Charles Johnson,31,Male,Consumer,Bronze,Japan,Kanto,Yokohama,Asia Pacific,PRD20786,Rally Fitness Equipment 200,Sports & Outdoors,Fitness Equipment,Rally,TXN21000540,2026-02-28T04:37:00Z,2026-03-06T04:37:00Z,Debit Card,Online,JPY,2,144.78,0.174,12.73,7.05,258.96,82.58,0.3189,WH-EU-01,6,Meridian Traders,310,0,3,4,1,14.9,2026-01-02
CUST103704,Yuki Thomas,45,Female,Corporate,Bronze,Brazil,Rio de Janeiro,Rio de Janeiro City,Latin America,PRD21309,AutoPro Electronics 980,Automotive,Electronics,AutoPro,TXN21000541,2026-02-12T11:58:00Z,2026-02-15T11:58:00Z,Cash on Delivery,In-Store,BRL,3,416.12,0.152,205.53,2.94,1267.08,305.6,0.2412,WH-EU-01,3,GlobalSource Ltd,579,0,7,5,1,12.7,2026-01-02
CUST108283,Hannah Rivera,28,Female,Small Business,Gold,USA,Texas,Houston,North America,PRD20169,AutoPro Car Care 235,Automotive,Car Care,AutoPro,TXN21000542,2026-02-08T10:15:00Z,2026-02-09T10:15:00Z,Cash on Delivery,Mobile App,USD,2,234.75,0.009,78.26,12.6,556.13,182.07,0.3274,WH-EU-02,1,Anchor Wholesale,416,0,4,2,0,3.6,2026-01-02
CUST123912,Robert Nguyen,64,Male,Consumer,Gold,Australia,Victoria,Geelong,Asia Pacific,PRD20535,Zentek Headphones 956,Electronics,Headphones,Zentek,TXN21000543,2026-02-14T15:24:00Z,2026-02-16T15:24:00Z,Debit Card,Online,AUD,3,89.13,0.199,15.04,3.08,232.3,25.08,0.108,WH-APAC-02,2,Pinnacle Supply Co,583,0,6,5,1,3.8,2026-01-02
CUST117932,David Nguyen,75,Female,Consumer,Bronze,India,Karnataka,Mysore,Asia Pacific,PRD21028,Domus Furniture 241,Home & Kitchen,Furniture,Domus,TXN21000544,2026-02-12T17:48:00Z,2026-02-15T17:48:00Z,Digital Wallet,Online,INR,6,627.58,0.206,243.69,2.11,3235.59,835.94,0.2584,WH-LATAM-01,3,Pinnacle Supply Co,528,0,3,8,1,8.7,2026-01-02
CUST111848,Karen Johnson,55,Male,Corporate,Silver,USA,Florida,Tampa,North America,PRD20743,NestWell Smart Lighting 724,Smart Home,Smart Lighting,NestWell,TXN21000545,2026-02-18T18:27:00Z,2026-02-25T18:27:00Z,Debit Card,In-Store,USD,4,328.09,0.258,163.44,11.53,1148.74,154.86,0.1348,WH-APAC-02,7,Meridian Traders,269,0,5,4,1,13.6,2026-01-02
CUST100799,Diego Carter,64,Non-Binary,Consumer,Silver,USA,Florida,Tampa,North America,PRD20364,PlayWorks Educational 715,Toys & Games,Educational,PlayWorks,TXN21000546,2026-02-26T10:00:00Z,2026-03-03T10:00:00Z,Credit Card,Online,USD,2,68.2,0.112,8.74,15.35,145.21,53.03,0.3652,WH-LATAM-01,5,GlobalSource Ltd,491,1,7,2,0,8.9,2026-01-02
CUST110050,Liam Nelson,61,Male,Small Business,Silver,USA,Florida,Tampa,North America,PRD20888,OrbitAI Smart Lighting 698,Smart Home,Smart Lighting,OrbitAI,TXN21000547,2026-02-05T00:01:00Z,2026-02-10T00:01:00Z,Debit Card,In-Store,USD,2,203.03,0.226,60.24,16.71,391.24,60.91,0.1557,WH-EU-01,5,Anchor Wholesale,483,0,4,3,0,15.7,2026-01-02
CUST114923,Hannah Allen,70,Male,Consumer,Bronze,USA,California,San Francisco,North America,PRD20230,Colton Accessories 842,Apparel,Accessories,Colton,TXN21000548,2026-02-17T19:53:00Z,2026-02-22T19:53:00Z,Debit Card,Online,USD,1,39.83,0.264,3.75,23.66,56.72,10.67,0.1881,WH-APAC-01,5,Meridian Traders,334,0,5,1,1,3,2026-01-02
CUST123649,Haruto Campbell,31,Female,Small Business,Platinum,Mexico,CDMX,Mexico City,Latin America,PRD20127,Zentek Thermostats 675,Smart Home,Thermostats,Zentek,TXN21000549,2026-02-01T19:50:00Z,2026-02-05T19:50:00Z,Digital Wallet,Online,MXN,7,244.39,0.047,249.64,1.42,1881.39,562.83,0.2992,WH-EU-01,4,Meridian Traders,487,0,2,8,1,4.5,2026-01-02
CUST104445,Sofia Harris,32,Male,Home Office,Silver,USA,Florida,Orlando,North America,PRD21035,PlayWorks Puzzles 863,Toys & Games,Puzzles,PlayWorks,TXN21000550,2026-02-24T08:03:00Z,2026-03-04T08:03:00Z,Gift Card,In-Store,USD,4,72.09,0.129,17.24,9.57,277.97,107.21,0.3857,WH-EU-02,8,Meridian Traders,115,0,1,5,0,4.6,2026-01-02
CUST105487,Elizabeth Kumar,51,Male,Corporate,Silver,Australia,New South Wales,Sydney,Asia Pacific,PRD20816,Zentek Thermostats 298,Smart Home,Thermostats,Zentek,TXN21000551,2026-02-20T03:15:00Z,2026-02-23T03:15:00Z,Gift Card,Marketplace,AUD,5,373.48,0.193,110.58,4.75,1622.32,341.73,0.2106,WH-EU-02,3,Meridian Traders,549,0,6,8,1,3.7,2026-01-02
CUST111435,Valentina Scott,56,Female,Small Business,Bronze,Australia,Victoria,Geelong,Asia Pacific,PRD20353,NestWell Appliances 307,Home & Kitchen,Appliances,NestWell,TXN21000552,2026-02-25T07:13:00Z,2026-03-05T07:13:00Z,Digital Wallet,Online,AUD,3,123.75,0.232,23.06,13.95,322.13,72.76,0.2259,WH-EU-02,8,Summit Logistics Group,262,0,4,6,1,8.8,2026-01-02
CUST106396,Haruto King,36,Male,Consumer,Gold,USA,California,Los Angeles,North America,PRD20514,PureGlow Skincare 430,Beauty & Personal Care,Skincare,PureGlow,TXN21000553,2026-02-03T04:15:00Z,2026-02-12T04:15:00Z,Credit Card,Online,USD,3,178.81,0.017,56.97,13.9,598.18,315.31,0.5271,WH-EU-02,9,Vertex Distribution,149,0,8,5,0,5.5,2026-01-02
CUST109696,Mei Young,49,Non-Binary,Small Business,Silver,Germany,Berlin,Berlin,Europe,PRD20097,Nutriva Fresh Produce 875,Grocery,Fresh Produce,Nutriva,TXN21000554,2026-02-05T05:16:00Z,2026-02-10T05:16:00Z,Digital Wallet,In-Store,EUR,5,46.03,0.028,20.54,10.47,254.72,56.16,0.2205,WH-EU-01,5,Meridian Traders,360,1,3,8,0,6.2,2026-01-02
CUST115065,Haruto Jones,40,Female,Corporate,Bronze,Canada,British Columbia,Victoria,North America,PRD21338,Modique Kidswear 109,Apparel,Kidswear,Modique,TXN21000555,2026-02-03T07:38:00Z,2026-02-09T07:38:00Z,Credit Card,Online,CAD,2,201.37,0.199,33.18,11.57,367.34,134.11,0.3651,WH-NA-02,6,Pinnacle Supply Co,278,0,3,3,1,7.3,2026-01-02
CUST112123,Diego Allen,79,Male,Consumer,Gold,India,Delhi,New Delhi,Asia Pacific,PRD20421,Luxora Cookware 667,Home & Kitchen,Cookware,Luxora,TXN21000556,2026-02-16T14:42:00Z,2026-02-20T14:42:00Z,Digital Wallet,Online,INR,2,177.54,0.208,46.84,6.85,334.91,78.12,0.2333,WH-APAC-01,4,Anchor Wholesale,538,0,7,3,1,11.6,2026-01-02
CUST123735,Michael Lee,44,Female,Consumer,Silver,USA,Florida,Tampa,North America,PRD21216,Brava Accessories 774,Apparel,Accessories,Brava,TXN21000557,2026-02-03T16:45:00Z,2026-02-06T16:45:00Z,Digital Wallet,Mobile App,USD,1,126.95,0.058,22.05,20.33,161.97,60.17,0.3715,WH-EU-02,3,Summit Logistics Group,542,0,5,2,0,3.6,2026-01-02
CUST102380,Layla Lewis,64,Female,Consumer,Bronze,USA,California,Los Angeles,North America,PRD20539,TrailBlaze Footwear 634,Sports & Outdoors,Footwear,TrailBlaze,TXN21000558,2026-02-11T00:52:00Z,2026-02-19T00:52:00Z,Bank Transfer,In-Store,USD,2,148.31,0.121,39.01,9.48,309.22,100.32,0.3244,WH-APAC-01,8,Meridian Traders,154,0,1,3,0,7,2026-01-02
CUST107917,Noah Adams,50,Male,Consumer,Platinum,Australia,New South Wales,Newcastle,Asia Pacific,PRD21322,Zentek Tablets 605,Electronics,Tablets,Zentek,TXN21000559,2026-02-03T05:36:00Z,2026-02-06T05:36:00Z,Credit Card,Marketplace,AUD,4,1484.86,0.042,1071.02,5.26,6766.26,1489.61,0.2202,WH-EU-01,3,Anchor Wholesale,543,0,2,5,1,10,2026-01-02
CUST119585,Fatima Sanchez,56,Male,Consumer,Gold,India,Karnataka,Mysore,Asia Pacific,PRD20077,HomeSense Security Cameras 170,Smart Home,Security Cameras,HomeSense,TXN21000560,2026-02-09T10:53:00Z,2026-02-11T10:53:00Z,Bank Transfer,Mobile App,INR,3,89.19,0.083,13.66,2.34,261.36,78.4,0.3,WH-NA-02,2,Anchor Wholesale,617,0,4,6,0,8.8,2026-01-02
CUST110471,Lucas Adams,41,Male,Corporate,Bronze,India,Karnataka,Bangalore,Asia Pacific,PRD20407,Lumiere Skincare 341,Beauty & Personal Care,Skincare,Lumiere,TXN21000561,2026-02-23T13:01:00Z,2026-03-01T13:01:00Z,Credit Card,Online,INR,4,80.98,0.147,28.59,9.18,314.07,148.29,0.4722,WH-LATAM-01,6,Pinnacle Supply Co,477,0,3,5,0,1.9,2026-01-02
CUST100857,Mei Lee,43,Female,Small Business,Bronze,India,Karnataka,Bangalore,Asia Pacific,PRD20684,Lumiere Fragrance 951,Beauty & Personal Care,Fragrance,Lumiere,TXN21000562,2026-02-02T03:21:00Z,2026-02-06T03:21:00Z,Credit Card,Mobile App,INR,6,22.12,0.121,19.45,8.04,144.15,64.21,0.4454,WH-EU-01,4,GlobalSource Ltd,425,0,11,6,0,11.1,2026-01-02
CUST101762,Arjun Perez,46,Non-Binary,Consumer,Bronze,Canada,Ontario,Toronto,North America,PRD20430,Zentek Security Cameras 517,Smart Home,Security Cameras,Zentek,TXN21000563,2026-02-07T08:49:00Z,2026-02-15T08:49:00Z,Credit Card,Online,CAD,4,54.8,0.14,35.74,3.7,227.95,51.73,0.2269,WH-NA-02,8,GlobalSource Ltd,158,0,4,5,0,2.8,2026-01-02
CUST109472,Ananya Clark,53,Male,Consumer,Silver,France,Provence,Nice,Europe,PRD20040,Modique Footwear 711,Apparel,Footwear,Modique,TXN21000564,2026-02-21T21:26:00Z,2026-02-25T21:26:00Z,Cash on Delivery,Mobile App,EUR,2,169.99,0.008,25.84,11.5,374.6,178.15,0.4756,WH-APAC-01,4,Meridian Traders,577,0,2,2,0,6.3,2026-01-02
CUST101650,Ethan Nelson,46,Male,Home Office,Bronze,Germany,Bavaria,Nuremberg,Europe,PRD21116,Modique Footwear 549,Apparel,Footwear,Modique,TXN21000565,2026-02-14T07:43:00Z,2026-02-20T07:43:00Z,Credit Card,Marketplace,EUR,4,152.17,0.024,93.45,6.08,693.6,309.21,0.4458,WH-NA-01,6,GlobalSource Ltd,243,0,4,6,0,6.1,2026-01-02
CUST107759,Ethan White,52,Female,Small Business,Silver,Brazil,Sao Paulo,Sao Paulo City,Latin America,PRD21147,ActivFlex Fitness Equipment 287,Sports & Outdoors,Fitness Equipment,ActivFlex,TXN21000566,2026-02-13T19:06:00Z,2026-02-16T19:06:00Z,Debit Card,In-Store,BRL,3,252.25,0.031,146.33,11.93,891.55,324.04,0.3635,WH-LATAM-01,3,Summit Logistics Group,452,0,4,5,1,4.7,2026-01-02
CUST105615,Charles Torres,34,Male,Corporate,Bronze,France,Ile-de-France,Paris,Europe,PRD20402,Zentek Security Cameras 356,Smart Home,Security Cameras,Zentek,TXN21000567,2026-02-03T02:45:00Z,2026-02-05T02:45:00Z,Credit Card,Online,EUR,1,410.73,0.055,52.85,9.01,450,131.84,0.293,WH-NA-01,2,Pinnacle Supply Co,532,0,6,1,0,14.6,2026-01-02
CUST109741,Rahul Rodriguez,48,Non-Binary,Consumer,Bronze,USA,New York,Albany,North America,PRD20069,TechNova Laptops 814,Electronics,Laptops,TechNova,TXN21000568,2026-02-13T08:10:00Z,2026-02-22T08:10:00Z,Debit Card,In-Store,USD,4,260.88,0.061,151.89,9.03,1140.79,241.89,0.212,WH-LATAM-01,9,Meridian Traders,185,0,4,7,0,14.7,2026-01-02
CUST101663,Jennifer Perez,44,Female,Home Office,Platinum,USA,Florida,Tampa,North America,PRD20579,Lumiere Haircare 741,Beauty & Personal Care,Haircare,Lumiere,TXN21000569,2026-02-20T14:06:00Z,2026-02-26T14:06:00Z,Gift Card,Online,USD,5,121.13,0.059,60.3,5.41,635.63,330.56,0.5201,WH-EU-01,6,Pinnacle Supply Co,303,0,4,8,0,4,2026-01-02
CUST121731,Jessica Baker,45,Non-Binary,Corporate,Bronze,India,Maharashtra,Mumbai,Asia Pacific,PRD21026,Zentek Smart Speakers 584,Smart Home,Smart Speakers,Zentek,TXN21000570,2026-02-07T00:52:00Z,2026-02-14T00:52:00Z,Gift Card,In-Store,INR,4,208.75,0.13,89.84,6,822.29,205.41,0.2498,WH-NA-01,7,GlobalSource Ltd,364,0,5,5,0,6.3,2026-01-02
CUST114891,Jessica Perez,54,Male,Corporate,Gold,Vietnam,Hanoi,Hanoi City,Asia Pacific,PRD20738,SummitPro Cycling 647,Sports & Outdoors,Cycling,SummitPro,TXN21000571,2026-02-11T20:30:00Z,2026-02-18T20:30:00Z,Digital Wallet,In-Store,VND,6,227.42,0.166,103.36,7.97,1249.34,400.08,0.3202,WH-NA-01,7,Vertex Distribution,201,0,7,7,1,5.6,2026-01-02
CUST113560,Mia Scott,45,Male,Home Office,Bronze,USA,Florida,Tampa,North America,PRD20913,BrainBox Action Figures 190,Toys & Games,Action Figures,BrainBox,TXN21000572,2026-02-05T12:07:00Z,2026-02-12T12:07:00Z,Debit Card,In-Store,USD,8,56.68,0.023,39.72,2.71,485.44,216.65,0.4463,WH-NA-01,7,Summit Logistics Group,205,0,4,9,1,6.8,2026-01-02
CUST104804,Fatima Perez,21,Female,Small Business,Bronze,Mexico,CDMX,Mexico City,Latin America,PRD21143,Pulsar Laptops 628,Electronics,Laptops,Pulsar,TXN21000573,2026-02-27T13:28:00Z,2026-03-06T13:28:00Z,Bank Transfer,Online,MXN,2,1954.76,0.226,405.21,11.28,3442.46,261.16,0.0759,WH-APAC-01,7,Vertex Distribution,286,0,6,2,1,5.8,2026-01-02
CUST117756,Lucas Smith,53,Male,Consumer,Platinum,Japan,Kanto,Tokyo,Asia Pacific,PRD20482,Velvet Makeup 631,Beauty & Personal Care,Makeup,Velvet,TXN21000574,2026-02-20T06:39:00Z,2026-02-26T06:39:00Z,Bank Transfer,Mobile App,JPY,4,39.23,0.102,8.17,4,153.08,78.9,0.5154,WH-APAC-02,6,Pinnacle Supply Co,231,0,4,4,0,9.5,2026-01-02
CUST111554,Emma Roberts,36,Female,Consumer,Bronze,India,Delhi,New Delhi,Asia Pacific,PRD20069,TechNova Laptops 814,Electronics,Laptops,TechNova,TXN21000575,2026-02-24T07:00:00Z,2026-03-03T07:00:00Z,Debit Card,Mobile App,INR,4,255.68,0.046,131.27,12.37,1119.31,252.41,0.2255,WH-NA-01,7,Vertex Distribution,343,0,8,4,0,6,2026-01-02
CUST115504,Sofia Harris,19,Male,Consumer,Bronze,Mexico,Jalisco,Guadalajara,Latin America,PRD20821,ActivFlex Cycling 429,Sports & Outdoors,Cycling,ActivFlex,TXN21000576,2026-02-25T07:17:00Z,2026-03-05T07:17:00Z,Digital Wallet,Call Center,MXN,4,594.41,0.287,196.48,2.48,1894.22,409.43,0.2161,WH-APAC-02,8,Summit Logistics Group,260,0,7,4,1,4.1,2026-01-02
CUST119124,Mei Anderson,41,Female,Consumer,Bronze,France,Ile-de-France,Paris,Europe,PRD20689,Colton Womenswear 628,Apparel,Womenswear,Colton,TXN21000577,2026-02-11T17:59:00Z,2026-02-15T17:59:00Z,Credit Card,Online,EUR,4,98.44,0.02,64.07,2.03,451.98,201.61,0.4461,WH-EU-01,4,Anchor Wholesale,471,1,5,6,0,7.1,2026-01-02
CUST118155,Sarah Smith,31,Female,Corporate,Bronze,France,Ile-de-France,Paris,Europe,PRD20310,TechNova Cameras 890,Electronics,Cameras,TechNova,TXN21000578,2026-02-08T00:16:00Z,2026-02-17T00:16:00Z,Debit Card,Online,EUR,2,1933.5,0.131,253.83,16.1,3630.35,625.68,0.1723,WH-LATAM-01,9,Summit Logistics Group,74,0,4,4,0,6.8,2026-01-02
CUST109674,Patricia Robinson,35,Female,Consumer,Bronze,Canada,British Columbia,Victoria,North America,PRD20636,BrainBox Outdoor Toys 878,Toys & Games,Outdoor Toys,BrainBox,TXN21000579,2026-02-26T05:45:00Z,2026-03-05T05:45:00Z,Cash on Delivery,Online,CAD,4,67.46,0.1,29.03,10.36,282.25,108.15,0.3832,WH-APAC-02,7,Summit Logistics Group,189,0,2,5,0,1.2,2026-01-02
CUST101028,Patricia Carter,45,Female,Small Business,Bronze,USA,Florida,Miami,North America,PRD21069,PeakGear Cycling 826,Sports & Outdoors,Cycling,PeakGear,TXN21000580,2026-02-05T20:18:00Z,2026-02-08T20:18:00Z,Credit Card,Marketplace,USD,5,87.09,0.144,36.23,7.28,416.26,137.25,0.3297,WH-NA-02,3,GlobalSource Ltd,476,0,3,6,0,4.1,2026-01-02
CUST108077,David Moore,35,Male,Home Office,Silver,Mexico,Jalisco,Guadalajara,Latin America,PRD20079,NestWell Smart Lighting 398,Smart Home,Smart Lighting,NestWell,TXN21000581,2026-02-05T04:38:00Z,2026-02-10T04:38:00Z,Digital Wallet,Online,MXN,4,149.34,0.036,59.69,11.75,647.3,203.1,0.3138,WH-APAC-01,5,Summit Logistics Group,310,0,5,7,1,15,2026-01-02
CUST112701,Diego Wilson,34,Female,Home Office,Platinum,Vietnam,Ho Chi Minh,Ho Chi Minh City,Asia Pacific,PRD20117,Zentek Smartphones 942,Electronics,Smartphones,Zentek,TXN21000582,2026-02-16T18:09:00Z,2026-02-27T18:09:00Z,Bank Transfer,Online,VND,3,767.99,0.251,325.08,8.17,2058.92,96.31,0.0468,WH-EU-01,11,Vertex Distribution,50,0,4,6,0,6.5,2026-01-02
CUST118532,Diego Perez,48,Male,Small Business,Silver,USA,Florida,Orlando,North America,PRD21171,OrbitAI Smart Lighting 100,Smart Home,Smart Lighting,OrbitAI,TXN21000583,2026-02-02T12:50:00Z,2026-02-11T12:50:00Z,Digital Wallet,Online,USD,3,279.68,0.258,65.31,3.37,691.25,99.01,0.1432,WH-EU-02,9,Pinnacle Supply Co,65,0,5,5,1,9.4,2026-01-02
CUST118468,Valentina Campbell,35,Female,Corporate,Bronze,France,Ile-de-France,Paris,Europe,PRD20788,Luxora Bedding 146,Home & Kitchen,Bedding,Luxora,TXN21000584,2026-02-22T06:15:00Z,2026-03-01T06:15:00Z,Digital Wallet,In-Store,EUR,4,1010.34,0.121,691.33,12.44,4256.13,1240.7,0.2915,WH-EU-02,7,Vertex Distribution,192,0,6,5,0,4.3,2026-01-02
CUST123153,Charles Jones,47,Male,Corporate,Silver,USA,Florida,Miami,North America,PRD20094,Cucina Decor 193,Home & Kitchen,Decor,Cucina,TXN21000585,2026-02-02T07:19:00Z,2026-02-08T07:19:00Z,Credit Card,Online,USD,6,815.21,0.018,644.68,4.63,5452.53,2005.42,0.3678,WH-LATAM-01,6,Meridian Traders,298,0,4,7,0,8.2,2026-01-02
CUST102382,Carlos Carter,34,Female,Consumer,Bronze,USA,New York,Albany,North America,PRD21278,Orion Headphones 515,Electronics,Headphones,Orion,TXN21000586,2026-02-05T05:17:00Z,2026-02-13T05:17:00Z,Credit Card,In-Store,USD,3,459.03,0.132,133.53,6.4,1335.24,221.44,0.1658,WH-APAC-02,8,GlobalSource Ltd,179,0,3,4,0,10.4,2026-01-02
CUST111484,Rahul Davis,33,Male,Consumer,Gold,Brazil,Rio de Janeiro,Rio de Janeiro City,Latin America,PRD21334,FunLoop Board Games 406,Toys & Games,Board Games,FunLoop,TXN21000587,2026-02-05T07:59:00Z,2026-02-10T07:59:00Z,Cash on Delivery,Online,BRL,5,38.73,0.056,21.68,7.83,212.32,86.14,0.4057,WH-NA-01,5,Anchor Wholesale,402,0,3,7,0,11.1,2026-01-02
CUST117229,John Carter,45,Male,Consumer,Bronze,India,Maharashtra,Pune,Asia Pacific,PRD20441,DailyGoods Pantry 447,Grocery,Pantry,DailyGoods,TXN21000588,2026-02-04T07:01:00Z,2026-02-13T07:01:00Z,Digital Wallet,In-Store,INR,6,23.63,0.246,17.42,3.22,127.54,3.69,0.0289,WH-NA-01,9,GlobalSource Ltd,54,1,2,7,0,4.1,2026-01-02
CUST111678,Charles Torres,43,Male,Consumer,Gold,USA,Texas,Houston,North America,PRD20148,PeakGear Team Sports 469,Sports & Outdoors,Team Sports,PeakGear,TXN21000589,2026-02-06T04:01:00Z,2026-02-13T04:01:00Z,Credit Card,Online,USD,4,545.55,0.117,282.72,2.48,2212.08,746.75,0.3376,WH-EU-02,7,GlobalSource Ltd,268,0,5,6,0,3.8,2026-01-02
CUST105913,James Sanchez,47,Male,Consumer,Silver,France,Ile-de-France,Paris,Europe,PRD20513,Orion Smartphones 765,Electronics,Smartphones,Orion,TXN21000590,2026-02-22T01:29:00Z,2026-02-27T01:29:00Z,Credit Card,Online,EUR,5,961.45,0.25,594.9,9.81,4210.15,205.75,0.0489,WH-NA-02,5,GlobalSource Ltd,354,0,8,6,1,6.2,2026-01-02
CUST108947,Yuki Lee,29,Male,Consumer,Platinum,Canada,Quebec,Montreal,North America,PRD20214,SummitPro Footwear 314,Sports & Outdoors,Footwear,SummitPro,TXN21000591,2026-02-01T12:38:00Z,2026-02-06T12:38:00Z,Credit Card,Marketplace,CAD,6,396.18,0.046,331.37,6.9,2606,982.21,0.3769,WH-APAC-01,5,GlobalSource Ltd,239,0,9,8,0,8.2,2026-01-02
CUST102792,Karen Baker,47,Male,Small Business,Bronze,UK,Wales,Cardiff,Europe,PRD21291,Luxora Decor 488,Home & Kitchen,Decor,Luxora,TXN21000592,2026-02-14T21:52:00Z,2026-02-20T21:52:00Z,Gift Card,Online,GBP,3,100.96,0.146,42.82,11.97,313.45,85.41,0.2725,WH-EU-02,6,Vertex Distribution,150,0,6,4,0,3.6,2026-01-02
CUST103173,Karen Campbell,38,Female,Consumer,Bronze,Australia,New South Wales,Newcastle,Asia Pacific,PRD20783,PeakGear Camping 413,Sports & Outdoors,Camping,PeakGear,TXN21000593,2026-02-20T17:05:00Z,2026-03-02T17:05:00Z,Bank Transfer,Online,AUD,2,369.58,0.081,59.66,5.68,744.63,279.55,0.3754,WH-NA-02,10,GlobalSource Ltd,64,0,6,2,0,5.3,2026-01-02
CUST122664,Susan Walker,50,Female,Consumer,Bronze,UK,Scotland,Edinburgh,Europe,PRD21105,Sonyx Tablets 533,Electronics,Tablets,Sonyx,TXN21000594,2026-02-07T16:04:00Z,2026-02-15T16:04:00Z,Digital Wallet,Mobile App,GBP,3,497.62,0.138,97.59,2.56,1387,231.09,0.1666,WH-LATAM-01,8,Pinnacle Supply Co,252,0,6,4,0,19.2,2026-01-02
CUST111785,Haruto White,34,Female,Corporate,Bronze,USA,California,San Diego,North America,PRD20535,Zentek Headphones 956,Electronics,Headphones,Zentek,TXN21000595,2026-02-02T05:53:00Z,2026-02-09T05:53:00Z,Digital Wallet,Marketplace,USD,1,90.87,0.047,11.83,21.26,119.69,22.34,0.1866,WH-NA-01,7,GlobalSource Ltd,336,0,3,3,0,7,2026-01-02
CUST113960,Ahmed Brown,51,Male,Consumer,Gold,USA,Texas,Houston,North America,PRD21006,Colton Menswear 325,Apparel,Menswear,Colton,TXN21000596,2026-02-24T16:08:00Z,2026-02-28T16:08:00Z,Digital Wallet,In-Store,USD,9,116.84,0.056,142.94,3.08,1138.69,500.54,0.4396,WH-EU-01,4,Summit Logistics Group,601,0,7,11,0,21.7,2026-01-02
CUST110558,Wei Harris,29,Female,Consumer,Bronze,Germany,Berlin,Berlin,Europe,PRD21107,DriveMax Electronics 883,Automotive,Electronics,DriveMax,TXN21000597,2026-02-26T17:58:00Z,2026-03-01T17:58:00Z,Credit Card,Online,EUR,3,531.44,0.058,82.79,5.95,1590.59,540.16,0.3396,WH-EU-01,3,Anchor Wholesale,623,0,3,4,0,24.9,2026-01-02
CUST121418,Mei Thomas,52,Female,Consumer,Silver,India,Delhi,New Delhi,Asia Pacific,PRD20774,Rally Fitness Equipment 993,Sports & Outdoors,Fitness Equipment,Rally,TXN21000598,2026-02-21T21:49:00Z,2026-02-26T21:49:00Z,Debit Card,Marketplace,INR,5,46.88,0.13,33.93,1.52,239.38,77.16,0.3223,WH-EU-01,5,Pinnacle Supply Co,396,0,6,8,0,8.6,2026-01-02
CUST121802,Linda Martinez,42,Female,Small Business,Gold,Vietnam,Ho Chi Minh,Ho Chi Minh City,Asia Pacific,PRD20094,Cucina Decor 193,Home & Kitchen,Decor,Cucina,TXN21000599,2026-02-27T08:20:00Z,2026-03-06T08:20:00Z,Cash on Delivery,Online,VND,5,844.56,0.111,489.25,2.43,4245.75,1338.63,0.3153,WH-NA-01,7,GlobalSource Ltd,328,0,3,7,0,8.9,2026-01-02
CUST110615,Richard White,49,Male,Consumer,Bronze,Canada,Quebec,Quebec City,North America,PRD20988,NestWell Cookware 620,Home & Kitchen,Cookware,NestWell,TXN21000600,2026-02-15T09:11:00Z,2026-02-23T09:11:00Z,Debit Card,Mobile App,CAD,5,260.66,0.032,196.66,8.69,1466.94,516.11,0.3518,WH-APAC-02,8,Pinnacle Supply Co,140,0,6,7,0,8.9,2026-01-02
CUST101034,Fatima Harris,49,Male,Corporate,Silver,Mexico,Jalisco,Guadalajara,Latin America,PRD20021,Modique Womenswear 914,Apparel,Womenswear,Modique,TXN21000601,2026-02-06T00:40:00Z,2026-02-10T00:40:00Z,Bank Transfer,Online,MXN,7,15.19,0.34,11.04,4.96,86.18,20.42,0.2369,WH-LATAM-01,4,Meridian Traders,532,0,4,7,1,5.9,2026-01-02
CUST107721,Charles Nguyen,41,Female,Home Office,Gold,Japan,Kanto,Tokyo,Asia Pacific,PRD21070,DailyGoods Fresh Produce 678,Grocery,Fresh Produce,DailyGoods,TXN21000602,2026-02-20T13:25:00Z,2026-02-25T13:25:00Z,Debit Card,In-Store,JPY,1,59.2,0.013,4.7,6.22,69.35,15.33,0.2211,WH-APAC-02,5,Pinnacle Supply Co,461,0,3,1,0,19.3,2026-01-02
CUST123535,John Singh,54,Male,Consumer,Platinum,Germany,Bavaria,Munich,Europe,PRD21134,Pulsar Cameras 953,Electronics,Cameras,Pulsar,TXN21000603,2026-02-28T22:08:00Z,2026-03-08T22:08:00Z,Digital Wallet,Marketplace,EUR,4,1168.95,0.148,620.93,5.37,4610.08,677.06,0.1469,WH-APAC-01,8,Meridian Traders,294,0,8,7,1,14.8,2026-01-02
CUST112348,Susan Patel,47,Male,Consumer,Bronze,Canada,Ontario,Ottawa,North America,PRD20367,Brava Menswear 997,Apparel,Menswear,Brava,TXN21000604,2026-02-10T22:47:00Z,2026-02-13T22:47:00Z,Bank Transfer,Online,CAD,3,123.31,0.004,42.79,7.58,418.82,195.32,0.4664,WH-APAC-01,3,Meridian Traders,575,0,8,5,0,15,2026-01-02
CUST100353,Liam Baker,19,Female,Consumer,Platinum,Mexico,CDMX,Mexico City,Latin America,PRD20456,PureGlow Wellness 556,Beauty & Personal Care,Wellness,PureGlow,TXN21000605,2026-02-11T09:20:00Z,2026-02-15T09:20:00Z,Digital Wallet,In-Store,MXN,4,172.1,0.054,105.41,3.46,760.1,379.17,0.4988,WH-LATAM-01,4,GlobalSource Ltd,542,1,4,6,0,7.8,2026-01-02
CUST123247,Mateo Garcia,53,Female,Consumer,Silver,Japan,Kanto,Tokyo,Asia Pacific,PRD21258,FreshMart Fresh Produce 235,Grocery,Fresh Produce,FreshMart,TXN21000606,2026-02-04T00:20:00Z,2026-02-11T00:20:00Z,Debit Card,In-Store,JPY,2,29.02,0.245,8.23,17.06,69.11,1.57,0.0227,WH-NA-01,7,GlobalSource Ltd,64,0,3,5,1,8.5,2026-01-02
CUST101186,Mateo Miller,22,Male,Corporate,Silver,India,Delhi,New Delhi,Asia Pacific,PRD20535,Zentek Headphones 956,Electronics,Headphones,Zentek,TXN21000607,2026-02-10T21:10:00Z,2026-02-17T21:10:00Z,Debit Card,Mobile App,INR,4,94.82,0.278,31.52,1.64,307,5.61,0.0183,WH-APAC-02,7,Meridian Traders,226,0,5,5,0,19.9,2026-01-02
CUST120819,Haruto Robinson,39,Female,Corporate,Bronze,Canada,Ontario,Ottawa,North America,PRD20114,NestWell Smart Lighting 118,Smart Home,Smart Lighting,NestWell,TXN21000608,2026-02-04T05:39:00Z,2026-02-09T05:39:00Z,Debit Card,Mobile App,CAD,3,170.63,0.119,73.72,9.84,534.54,131.56,0.2461,WH-NA-02,5,Vertex Distribution,446,0,6,4,0,15,2026-01-02
CUST121016,Liam Martinez,54,Male,Small Business,Bronze,Australia,Victoria,Geelong,Asia Pacific,PRD20143,PlayWorks Puzzles 983,Toys & Games,Puzzles,PlayWorks,TXN21000609,2026-02-13T05:32:00Z,2026-02-18T05:32:00Z,Bank Transfer,Mobile App,AUD,3,108.1,0.058,57.74,11.5,374.73,143.6,0.3832,WH-NA-02,5,GlobalSource Ltd,271,0,5,3,0,4.6,2026-01-02
CUST100554,Barbara Wright,18,Female,Consumer,Gold,France,Ile-de-France,Paris,Europe,PRD20263,PureGlow Fragrance 465,Beauty & Personal Care,Fragrance,PureGlow,TXN21000610,2026-02-04T22:07:00Z,2026-02-09T22:07:00Z,Bank Transfer,Marketplace,EUR,3,30.71,0.132,15.31,11.41,106.69,43.56,0.4083,WH-EU-01,5,GlobalSource Ltd,458,0,4,4,1,11.9,2026-01-02
CUST108804,David Harris,57,Male,Consumer,Bronze,India,Karnataka,Bangalore,Asia Pacific,PRD21249,NestWell Appliances 716,Home & Kitchen,Appliances,NestWell,TXN21000611,2026-02-12T00:02:00Z,2026-02-17T00:02:00Z,Gift Card,In-Store,INR,3,439,0.273,166.82,9.21,1133.49,204.13,0.1801,WH-EU-01,5,Pinnacle Supply Co,331,0,4,6,1,5.1,2026-01-02
CUST117187,Arjun Roberts,30,Male,Corporate,Silver,Mexico,Jalisco,Guadalajara,Latin America,PRD21392,HomeSense Security Cameras 697,Smart Home,Security Cameras,HomeSense,TXN21000612,2026-02-27T14:05:00Z,2026-03-07T14:05:00Z,Digital Wallet,Online,MXN,3,358.7,0.169,91.43,11.87,997.54,222.75,0.2233,WH-APAC-02,8,Pinnacle Supply Co,147,0,3,4,1,3.7,2026-01-02
CUST117282,Robert Perez,35,Female,Corporate,Bronze,UK,Scotland,Glasgow,Europe,PRD20014,PeakGear Camping 311,Sports & Outdoors,Camping,PeakGear,TXN21000613,2026-02-07T06:52:00Z,2026-02-11T06:52:00Z,Gift Card,Online,GBP,3,514.05,0.068,98.37,11.59,1547.24,603.29,0.3899,WH-EU-02,4,GlobalSource Ltd,477,0,5,4,0,6.4,2026-01-02
CUST104342,Robert Williams,29,Male,Consumer,Silver,Japan,Kanto,Tokyo,Asia Pacific,PRD20973,Tinker Puzzles 487,Toys & Games,Puzzles,Tinker,TXN21000614,2026-02-06T21:26:00Z,2026-02-12T21:26:00Z,Digital Wallet,In-Store,JPY,4,39.66,0.112,25.71,7.73,174.31,61.68,0.3539,WH-NA-02,6,Pinnacle Supply Co,357,0,6,5,0,8.1,2026-01-02
CUST110607,Joseph Hall,34,Male,Consumer,Gold,USA,New York,Albany,North America,PRD20991,ActivFlex Team Sports 502,Sports & Outdoors,Team Sports,ActivFlex,TXN21000615,2026-02-09T16:42:00Z,2026-02-13T16:42:00Z,Digital Wallet,Online,USD,4,506.37,0.252,123.58,11.02,1649.66,419.68,0.2544,WH-EU-01,4,Anchor Wholesale,514,0,2,7,1,11.3,2026-01-02
CUST120840,Li Smith,39,Male,Consumer,Bronze,India,Maharashtra,Mumbai,Asia Pacific,PRD20630,UrbanThread Menswear 104,Apparel,Menswear,UrbanThread,TXN21000616,2026-02-19T00:54:00Z,2026-02-23T00:54:00Z,Credit Card,Mobile App,INR,5,120.46,0.161,93.98,4.53,603.84,223.45,0.37,WH-APAC-02,4,Summit Logistics Group,528,0,4,5,1,9.2,2026-01-02
CUST115149,Sarah Sanchez,51,Male,Consumer,Silver,USA,Texas,Dallas,North America,PRD21312,Modique Menswear 797,Apparel,Menswear,Modique,TXN21000617,2026-02-15T15:20:00Z,2026-02-19T15:20:00Z,Credit Card,Online,USD,10,40.54,0.385,17.97,4.09,271.38,59.59,0.2196,WH-NA-02,4,GlobalSource Ltd,458,0,8,10,1,4.9,2026-01-02
CUST105035,John Jackson,37,Female,Small Business,Silver,India,Delhi,New Delhi,Asia Pacific,PRD21051,Orion Smartphones 429,Electronics,Smartphones,Orion,TXN21000618,2026-02-11T08:14:00Z,2026-02-15T08:14:00Z,Gift Card,Online,INR,4,693.05,0.135,143.06,6.59,2547.6,437.45,0.1717,WH-EU-02,4,Vertex Distribution,501,0,2,6,0,2.3,2026-01-02
CUST104673,Mia Patel,59,Female,Corporate,Silver,Canada,Quebec,Quebec City,North America,PRD20303,Bloom Wellness 310,Beauty & Personal Care,Wellness,Bloom,TXN21000619,2026-02-13T22:49:00Z,2026-02-22T22:49:00Z,Digital Wallet,In-Store,CAD,6,41.26,0.125,34.33,9.35,260.3,118.78,0.4563,WH-NA-02,9,Summit Logistics Group,54,0,4,6,0,11.4,2026-01-02
CUST116450,Barbara Ramirez,60,Male,Consumer,Bronze,Australia,Victoria,Melbourne,Asia Pacific,PRD21322,Zentek Tablets 605,Electronics,Tablets,Zentek,TXN21000620,2026-02-16T08:36:00Z,2026-02-21T08:36:00Z,Credit Card,Mobile App,AUD,1,1457.27,0.15,164.16,7.07,1409.91,208.1,0.1476,WH-APAC-02,5,Pinnacle Supply Co,501,0,4,4,0,12.1,2026-01-02
CUST113330,Jennifer Lee,41,Male,Consumer,Silver,Japan,Kanto,Yokohama,Asia Pacific,PRD20119,Domus Bedding 485,Home & Kitchen,Bedding,Domus,TXN21000621,2026-02-08T07:33:00Z,2026-02-12T07:33:00Z,Debit Card,Online,JPY,2,633,0.239,86.92,3.46,1053.81,239.27,0.2271,WH-EU-01,4,Anchor Wholesale,454,0,3,5,0,3.6,2026-01-02
CUST115445,Diego Scott,44,Male,Small Business,Bronze,USA,Florida,Tampa,North America,PRD21154,Domus Furniture 657,Home & Kitchen,Furniture,Domus,TXN21000622,2026-02-17T03:14:00Z,2026-02-22T03:14:00Z,Credit Card,Online,USD,6,927.46,0.025,647.78,3.99,6077.41,2242.6,0.369,WH-NA-01,5,Summit Logistics Group,563,0,9,9,1,11.9,2026-01-02
CUST118546,Yuki Harris,25,Female,Corporate,Platinum,India,Delhi,New Delhi,Asia Pacific,PRD20280,KidJoy Puzzles 530,Toys & Games,Puzzles,KidJoy,TXN21000623,2026-02-13T10:32:00Z,2026-02-19T10:32:00Z,Bank Transfer,In-Store,INR,5,101.43,0.014,68.36,9.04,577.45,246.88,0.4275,WH-APAC-01,6,Vertex Distribution,303,0,4,5,0,11.5,2026-01-02
CUST100884,Mia Johnson,34,Female,Consumer,Silver,UK,Wales,Cardiff,Europe,PRD20050,TechNova Cameras 145,Electronics,Cameras,TechNova,TXN21000624,2026-02-03T03:05:00Z,2026-02-06T03:05:00Z,Digital Wallet,Online,GBP,5,1479.45,0.055,1144.04,9.74,8144.18,1759.07,0.216,WH-EU-01,3,Vertex Distribution,618,0,5,5,0,11.9,2026-01-02
CUST113673,Omar Kumar,48,Female,Consumer,Gold,Canada,Quebec,Quebec City,North America,PRD21350,PureGlow Fragrance 108,Beauty & Personal Care,Fragrance,PureGlow,TXN21000625,2026-02-19T03:58:00Z,2026-02-26T03:58:00Z,Digital Wallet,In-Store,CAD,3,196.34,0.099,94.86,12.3,637.87,297.93,0.4671,WH-APAC-02,7,Vertex Distribution,305,0,2,3,0,1.7,2026-01-02
CUST112031,Jennifer Martinez,55,Female,Consumer,Gold,France,Ile-de-France,Paris,Europe,PRD21377,AromaCo Haircare 818,Beauty & Personal Care,Haircare,AromaCo,TXN21000626,2026-02-05T14:48:00Z,2026-02-09T14:48:00Z,Digital Wallet,Online,EUR,5,152.2,0.164,42.09,4.07,682.36,335.45,0.4916,WH-APAC-02,4,Meridian Traders,609,0,2,7,0,5.2,2026-01-02
CUST109124,Emma Nguyen,43,Non-Binary,Small Business,Gold,USA,California,Los Angeles,North America,PRD21330,AutoPro Tools 608,Automotive,Tools,AutoPro,TXN21000627,2026-02-24T01:09:00Z,2026-02-28T01:09:00Z,Credit Card,In-Store,USD,5,45.86,0.069,41.1,3.56,258.14,75.16,0.2912,WH-NA-02,4,Vertex Distribution,548,0,4,6,0,16.2,2026-01-02
CUST118877,Thomas Harris,50,Female,Small Business,Silver,USA,Florida,Orlando,North America,PRD21106,FreshMart Fresh Produce 563,Grocery,Fresh Produce,FreshMart,TXN21000628,2026-02-18T01:14:00Z,2026-02-21T01:14:00Z,Credit Card,In-Store,USD,1,43.69,0.067,7.14,21.52,69.42,8.96,0.1291,WH-APAC-02,3,GlobalSource Ltd,649,0,6,1,0,7.2,2026-01-02
CUST116031,Mateo Thompson,50,Female,Consumer,Bronze,India,Maharashtra,Pune,Asia Pacific,PRD20030,DailyGoods Snacks 821,Grocery,Snacks,DailyGoods,TXN21000629,2026-02-02T16:01:00Z,2026-02-09T16:01:00Z,Bank Transfer,In-Store,INR,2,66.79,0.15,22.48,12.85,148.87,16.3,0.1095,WH-NA-02,7,Vertex Distribution,135,0,10,2,0,7.7,2026-01-02
CUST119974,Lukas Patel,47,Female,Corporate,Silver,USA,Texas,Houston,North America,PRD21131,Harvest Pantry 477,Grocery,Pantry,Harvest,TXN21000630,2026-02-19T18:11:00Z,2026-02-28T18:11:00Z,Credit Card,Online,USD,2,28.72,0.118,8.5,15.12,74.28,8.85,0.1191,WH-APAC-02,9,Pinnacle Supply Co,141,1,4,2,1,4.2,2026-01-02
CUST111940,Michael Roberts,46,Female,Corporate,Bronze,Australia,Victoria,Melbourne,Asia Pacific,PRD20731,TechNova Tablets 606,Electronics,Tablets,TechNova,TXN21000631,2026-02-22T10:25:00Z,2026-03-03T10:25:00Z,Digital Wallet,Online,AUD,5,1134.1,0.054,1035.22,7.35,6406.86,1354.12,0.2114,WH-EU-02,9,Summit Logistics Group,42,0,4,7,1,6,2026-01-02
CUST100299,Karen Kumar,39,Non-Binary,Small Business,Bronze,USA,Florida,Miami,North America,PRD20372,DailyGoods Pantry 463,Grocery,Pantry,DailyGoods,TXN21000632,2026-02-05T10:41:00Z,2026-02-08T10:41:00Z,Bank Transfer,Marketplace,USD,5,29.32,0.214,16.86,9.35,141.44,8.5,0.0601,WH-EU-01,3,GlobalSource Ltd,595,0,4,8,0,15.9,2026-01-02
CUST122391,Susan Nguyen,24,Male,Consumer,Platinum,USA,Texas,Dallas,North America,PRD20127,Zentek Thermostats 675,Smart Home,Thermostats,Zentek,TXN21000633,2026-02-06T12:14:00Z,2026-02-09T12:14:00Z,Debit Card,Mobile App,USD,3,236.28,0.225,43.62,4.43,597.4,107.03,0.1792,WH-EU-02,3,Summit Logistics Group,605,0,6,3,1,8.2,2026-01-02
CUST100925,Jennifer Davis,48,Male,Home Office,Bronze,Germany,Berlin,Berlin,Europe,PRD20604,Zentek Security Cameras 213,Smart Home,Security Cameras,Zentek,TXN21000634,2026-02-08T13:46:00Z,2026-02-11T13:46:00Z,Digital Wallet,In-Store,EUR,3,355.41,0.17,113.64,6.83,1005.44,219.64,0.2185,WH-NA-02,3,Vertex Distribution,637,0,7,5,1,8.6,2026-01-02
CUST107217,William Thomas,57,Male,Home Office,Bronze,Germany,Bavaria,Nuremberg,Europe,PRD21112,NestWell Smart Lighting 825,Smart Home,Smart Lighting,NestWell,TXN21000635,2026-02-07T04:01:00Z,2026-02-13T04:01:00Z,Credit Card,Online,EUR,4,78.91,0.043,39.84,4.21,346.12,105.11,0.3037,WH-LATAM-01,6,Meridian Traders,216,0,3,4,0,5.2,2026-01-02
CUST101804,Ava Martin,47,Male,Consumer,Bronze,USA,Florida,Miami,North America,PRD20104,AutoPro Car Care 391,Automotive,Car Care,AutoPro,TXN21000636,2026-02-16T12:02:00Z,2026-02-21T12:02:00Z,Bank Transfer,In-Store,USD,4,384.52,0.033,231.54,7.11,1725.97,559.55,0.3242,WH-LATAM-01,5,Meridian Traders,352,0,3,6,0,15.8,2026-01-02
CUST102602,Mei Wright,58,Male,Consumer,Gold,USA,Florida,Miami,North America,PRD20992,FreshMart Snacks 202,Grocery,Snacks,FreshMart,TXN21000637,2026-02-18T11:27:00Z,2026-02-25T11:27:00Z,Credit Card,Online,USD,3,27.65,0.058,8.64,10.85,97.63,17.75,0.1818,WH-EU-02,7,GlobalSource Ltd,160,0,4,4,0,11.6,2026-01-02
CUST115059,Fatima Williams,28,Female,Consumer,Silver,USA,Florida,Miami,North America,PRD21362,HomeSense Smart Speakers 644,Smart Home,Smart Speakers,HomeSense,TXN21000638,2026-02-04T11:53:00Z,2026-02-07T11:53:00Z,Debit Card,Online,USD,5,379.99,0.132,305.95,1.97,1957.08,463.59,0.2369,WH-LATAM-01,3,GlobalSource Ltd,607,0,3,6,0,16.1,2026-01-02
CUST105832,Robert Thompson,41,Female,Corporate,Bronze,Germany,Berlin,Berlin,Europe,PRD20109,Brava Womenswear 434,Apparel,Womenswear,Brava,TXN21000639,2026-02-27T08:19:00Z,2026-03-02T08:19:00Z,Debit Card,Online,EUR,4,241.53,0.161,52.7,9.66,872.93,358.43,0.4106,WH-LATAM-01,3,GlobalSource Ltd,595,0,4,4,1,4.9,2026-01-02
CUST115310,Hannah Smith,23,Male,Consumer,Silver,USA,California,Los Angeles,North America,PRD20804,Lumiere Wellness 805,Beauty & Personal Care,Wellness,Lumiere,TXN21000640,2026-02-13T11:17:00Z,2026-02-19T11:17:00Z,Digital Wallet,Online,USD,3,173.06,0.037,63.03,14,577,294.79,0.5109,WH-EU-01,6,Anchor Wholesale,226,0,2,3,1,12.5,2026-01-02
CUST113050,Jennifer Rivera,58,Male,Consumer,Silver,USA,New York,Buffalo,North America,PRD20235,Brava Kidswear 370,Apparel,Kidswear,Brava,TXN21000641,2026-02-20T17:02:00Z,2026-02-26T17:02:00Z,Credit Card,Call Center,USD,4,38.48,0.103,26.59,7.78,172.44,66.03,0.3829,WH-LATAM-01,6,Meridian Traders,315,0,10,5,1,12.5,2026-01-02
CUST122361,Diego Taylor,44,Male,Consumer,Silver,France,Ile-de-France,Paris,Europe,PRD20151,Cucina Decor 782,Home & Kitchen,Decor,Cucina,TXN21000642,2026-02-24T06:59:00Z,2026-02-28T06:59:00Z,Bank Transfer,Mobile App,EUR,5,680.4,0.143,408.65,5.55,3329.71,969.57,0.2912,WH-APAC-02,4,GlobalSource Ltd,636,0,6,6,0,13.9,2026-01-02
CUST116303,Lucas Brown,47,Female,Small Business,Silver,Canada,Ontario,Toronto,North America,PRD21376,TrailBlaze Cycling 822,Sports & Outdoors,Cycling,TrailBlaze,TXN21000643,2026-02-24T10:30:00Z,2026-03-06T10:30:00Z,Bank Transfer,Marketplace,CAD,4,37.3,0.118,24.16,8.65,164.4,50.91,0.3097,WH-NA-02,10,Vertex Distribution,75,0,4,7,1,13.9,2026-01-02
CUST106552,Richard Brown,54,Female,Consumer,Platinum,Australia,New South Wales,Sydney,Asia Pacific,PRD20290,SummitPro Fitness Equipment 757,Sports & Outdoors,Fitness Equipment,SummitPro,TXN21000644,2026-02-14T19:59:00Z,2026-02-20T19:59:00Z,Credit Card,Mobile App,AUD,1,513.14,0.011,84.66,12.48,604.64,229.99,0.3804,WH-APAC-02,6,Vertex Distribution,253,0,6,1,0,12.4,2026-01-02
CUST112055,Ava Jones,19,Non-Binary,Consumer,Bronze,USA,Texas,Dallas,North America,PRD20510,TechNova Headphones 198,Electronics,Headphones,TechNova,TXN21000645,2026-02-21T15:40:00Z,2026-02-25T15:40:00Z,Credit Card,Online,USD,5,702.56,0.163,419.59,9.94,3369.74,455.96,0.1353,WH-LATAM-01,4,Meridian Traders,468,0,5,8,0,5,2026-01-02
CUST108665,Charles Baker,41,Male,Consumer,Silver,Canada,British Columbia,Vancouver,North America,PRD21171,OrbitAI Smart Lighting 100,Smart Home,Smart Lighting,OrbitAI,TXN21000646,2026-02-20T05:24:00Z,2026-02-25T05:24:00Z,Bank Transfer,In-Store,CAD,4,279.37,0.066,70.01,8.63,1122.37,346.42,0.3087,WH-EU-02,5,GlobalSource Ltd,443,0,2,7,0,5,2026-01-02
CUST100352,Mary Ramirez,41,Male,Consumer,Bronze,USA,New York,Albany,North America,PRD20031,Domus Appliances 725,Home & Kitchen,Appliances,Domus,TXN21000647,2026-02-17T06:25:00Z,2026-02-24T06:25:00Z,Debit Card,Online,USD,7,427.55,0.006,294.82,7.88,3277.59,1262.98,0.3853,WH-APAC-02,7,Pinnacle Supply Co,373,0,5,10,0,19.9,2026-01-02
CUST100803,Ethan Mitchell,23,Female,Consumer,Bronze,Japan,Kanto,Tokyo,Asia Pacific,PRD20589,Domus Cookware 303,Home & Kitchen,Cookware,Domus,TXN21000648,2026-02-25T21:39:00Z,2026-03-01T21:39:00Z,Debit Card,Mobile App,JPY,3,536.11,0.238,135.37,10.14,1371.06,305.58,0.2229,WH-APAC-01,4,Summit Logistics Group,388,0,5,5,1,4,2026-01-02
CUST112822,Jessica Adams,47,Female,Consumer,Bronze,USA,Florida,Tampa,North America,PRD20753,Pulsar Cameras 766,Electronics,Cameras,Pulsar,TXN21000649,2026-02-10T21:07:00Z,2026-02-12T21:07:00Z,Gift Card,Mobile App,USD,1,1142.64,0.053,146.14,24.3,1252.52,274.01,0.2188,WH-EU-02,2,Summit Logistics Group,588,0,3,3,0,4.8,2026-01-02
CUST117516,Diego Johnson,46,Female,Home Office,Bronze,India,Maharashtra,Pune,Asia Pacific,PRD20321,Luxora Appliances 757,Home & Kitchen,Appliances,Luxora,TXN21000650,2026-02-24T10:50:00Z,2026-02-28T10:50:00Z,Credit Card,In-Store,INR,1,552.78,0.052,101.96,13.36,639.36,207.85,0.3251,WH-EU-01,4,Summit Logistics Group,495,0,4,2,0,7.2,2026-01-02
CUST123703,Mei Wilson,20,Male,Small Business,Gold,France,Provence,Marseille,Europe,PRD21006,Colton Menswear 325,Apparel,Menswear,Colton,TXN21000651,2026-02-18T18:58:00Z,2026-02-21T18:58:00Z,Credit Card,Online,EUR,2,116.8,0.137,27.35,6.56,235.51,92.27,0.3918,WH-APAC-02,3,GlobalSource Ltd,449,0,7,3,0,10.1,2026-01-02
CUST105441,Joseph Taylor,54,Male,Consumer,Silver,USA,New York,Albany,North America,PRD21317,Colton Kidswear 368,Apparel,Kidswear,Colton,TXN21000652,2026-02-19T12:12:00Z,2026-02-24T12:12:00Z,Credit Card,Online,USD,6,149.41,0.145,95.6,9.5,871.57,346.93,0.3981,WH-EU-01,5,Anchor Wholesale,534,0,6,9,0,10.2,2026-01-02
CUST111437,Yuki Lee,18,Female,Consumer,Silver,USA,Florida,Miami,North America,PRD21291,Luxora Decor 488,Home & Kitchen,Decor,Luxora,TXN21000653,2026-02-07T14:37:00Z,2026-02-14T14:37:00Z,Digital Wallet,Online,USD,6,98.85,0.114,79.93,2.68,608.1,186.23,0.3062,WH-APAC-02,7,Anchor Wholesale,304,0,4,7,0,6.4,2026-01-02
CUST104959,Mia White,58,Non-Binary,Home Office,Silver,India,Karnataka,Mysore,Asia Pacific,PRD20096,Sonyx Laptops 713,Electronics,Laptops,Sonyx,TXN21000654,2026-02-22T00:09:00Z,2026-02-25T00:09:00Z,Debit Card,Online,INR,1,1868.05,0.036,331.26,5.61,2137.67,479.72,0.2244,WH-EU-01,3,Pinnacle Supply Co,567,0,8,3,1,8.6,2026-01-02
CUST118443,Noah Nguyen,55,Female,Corporate,Silver,India,Maharashtra,Mumbai,Asia Pacific,PRD20571,Pulsar Laptops 201,Electronics,Laptops,Pulsar,TXN21000655,2026-02-22T01:43:00Z,2026-03-01T01:43:00Z,Credit Card,Mobile App,INR,3,721.13,0.059,324.62,11.86,2372.23,505.8,0.2132,WH-NA-02,7,Pinnacle Supply Co,350,0,7,6,0,8.6,2026-01-02
CUST121816,Liam Moore,53,Female,Consumer,Bronze,Canada,Quebec,Quebec City,North America,PRD20009,Zentek Headphones 560,Electronics,Headphones,Zentek,TXN21000656,2026-02-13T01:04:00Z,2026-02-22T01:04:00Z,Digital Wallet,Online,CAD,5,748.59,0.11,635.29,10,3976.52,684.21,0.1721,WH-EU-01,9,Pinnacle Supply Co,98,0,2,8,0,3.4,2026-01-02
CUST120017,Ava Roberts,31,Male,Small Business,Silver,Vietnam,Hanoi,Hanoi City,Asia Pacific,PRD20907,Lumiere Haircare 626,Beauty & Personal Care,Haircare,Lumiere,TXN21000657,2026-02-16T10:47:00Z,2026-02-20T10:47:00Z,Cash on Delivery,In-Store,VND,5,190.87,0.04,90.82,5.08,1012.08,539.02,0.5326,WH-NA-01,4,Vertex Distribution,548,0,1,7,0,2.4,2026-01-02
CUST105620,Rahul Ramirez,43,Female,Consumer,Silver,Canada,Ontario,Ottawa,North America,PRD20624,Sonyx Headphones 540,Electronics,Headphones,Sonyx,TXN21000658,2026-02-07T18:18:00Z,2026-02-11T18:18:00Z,Credit Card,Online,CAD,4,263.56,0.138,108.06,9.02,1025.83,163.2,0.1591,WH-EU-01,4,Vertex Distribution,415,1,3,6,0,6.8,2026-01-02
CUST121729,Robert Thomas,57,Female,Consumer,Bronze,UK,England,Manchester,Europe,PRD20387,Zentek Thermostats 865,Smart Home,Thermostats,Zentek,TXN21000659,2026-02-07T09:32:00Z,2026-02-16T09:32:00Z,Debit Card,Online,GBP,3,274.92,0.1,109.67,10.7,862.65,227.63,0.2639,WH-EU-01,9,Anchor Wholesale,44,0,8,6,1,15,2026-01-02
CUST108000,Lukas Kumar,28,Female,Consumer,Gold,USA,Florida,Orlando,North America,PRD20894,OrbitAI Security Cameras 594,Smart Home,Security Cameras,OrbitAI,TXN21000660,2026-02-27T12:18:00Z,2026-03-05T12:18:00Z,Bank Transfer,Online,USD,12,277.5,0.066,297.97,1.22,3409.41,1032.3,0.3028,WH-APAC-01,6,Summit Logistics Group,325,0,7,13,0,8.4,2026-01-02
CUST103605,Ethan Nelson,35,Female,Home Office,Bronze,Vietnam,Hanoi,Hanoi City,Asia Pacific,PRD20319,Sonyx Laptops 581,Electronics,Laptops,Sonyx,TXN21000661,2026-02-21T11:02:00Z,2026-03-02T11:02:00Z,Debit Card,Mobile App,VND,4,290.63,0.046,134.92,8.7,1252.66,286.91,0.229,WH-EU-02,9,GlobalSource Ltd,68,0,4,4,0,5.5,2026-01-02
CUST115660,Elizabeth Torres,49,Female,Small Business,Bronze,USA,New York,Albany,North America,PRD20514,PureGlow Skincare 430,Beauty & Personal Care,Skincare,PureGlow,TXN21000662,2026-02-10T00:48:00Z,2026-02-19T00:48:00Z,Credit Card,Online,USD,2,191.82,0.168,48.44,12.31,379.94,167.57,0.441,WH-NA-01,9,Pinnacle Supply Co,210,0,5,2,1,13.8,2026-01-02
CUST122862,Joseph Hill,52,Female,Corporate,Bronze,Brazil,Rio de Janeiro,Rio de Janeiro City,Latin America,PRD20984,SummitPro Team Sports 558,Sports & Outdoors,Team Sports,SummitPro,TXN21000663,2026-02-09T14:24:00Z,2026-02-11T14:24:00Z,Credit Card,Marketplace,BRL,4,127.94,0.154,33.05,5.5,471.5,156.19,0.3313,WH-LATAM-01,2,Pinnacle Supply Co,562,0,4,6,1,4.2,2026-01-02
CUST117342,Isabella Roberts,42,Male,Home Office,Bronze,USA,New York,New York City,North America,PRD21255,HomeCraft Bedding 475,Home & Kitchen,Bedding,HomeCraft,TXN21000664,2026-02-26T03:41:00Z,2026-03-06T03:41:00Z,Debit Card,Mobile App,USD,2,347.14,0.328,37.58,8.64,512.78,69.43,0.1354,WH-APAC-02,8,GlobalSource Ltd,237,0,7,5,0,22.1,2026-01-02
CUST118016,Michael Hill,64,Female,Corporate,Gold,India,Karnataka,Mysore,Asia Pacific,PRD20075,Rally Team Sports 522,Sports & Outdoors,Team Sports,Rally,TXN21000665,2026-02-21T12:51:00Z,2026-02-28T12:51:00Z,Digital Wallet,Online,INR,1,187.77,0.197,26.67,3.79,181.24,49.23,0.2716,WH-APAC-02,7,Meridian Traders,294,0,9,1,1,10.5,2026-01-02
CUST109420,Linda Sanchez,31,Male,Home Office,Platinum,India,Delhi,New Delhi,Asia Pacific,PRD20068,Cucina Decor 308,Home & Kitchen,Decor,Cucina,TXN21000666,2026-02-23T10:11:00Z,2026-02-27T10:11:00Z,Digital Wallet,Mobile App,INR,3,305.52,0.03,103.59,11.46,1004.11,364.79,0.3633,WH-LATAM-01,4,Summit Logistics Group,610,0,6,5,0,3.3,2026-01-02
CUST107153,Sofia Campbell,40,Female,Consumer,Bronze,France,Provence,Nice,Europe,PRD21150,Harvest Snacks 590,Grocery,Snacks,Harvest,TXN21000667,2026-02-13T22:27:00Z,2026-02-23T22:27:00Z,Cash on Delivery,Mobile App,EUR,1,43.04,0.159,2.93,15.41,54.54,4.86,0.0891,WH-LATAM-01,10,Anchor Wholesale,101,1,8,3,1,6.5,2026-01-02
CUST117672,James King,34,Female,Home Office,Platinum,India,Delhi,New Delhi,Asia Pacific,PRD20338,Zentek Smart Lighting 921,Smart Home,Smart Lighting,Zentek,TXN21000668,2026-02-27T04:26:00Z,2026-03-07T04:26:00Z,Digital Wallet,In-Store,INR,11,165.08,0.238,139.57,4.9,1528.17,250.59,0.164,WH-EU-01,8,Anchor Wholesale,281,0,2,13,1,9.7,2026-01-02
CUST110323,John Johnson,44,Female,Consumer,Platinum,Japan,Kansai,Kyoto,Asia Pacific,PRD20353,NestWell Appliances 307,Home & Kitchen,Appliances,NestWell,TXN21000669,2026-02-08T15:29:00Z,2026-02-15T15:29:00Z,Credit Card,Marketplace,JPY,5,126.38,0.157,52.27,6.85,591.81,171.24,0.2893,WH-APAC-02,7,Summit Logistics Group,387,0,4,5,1,8.2,2026-01-02
CUST123500,John Hall,60,Non-Binary,Consumer,Bronze,Germany,Hesse,Frankfurt,Europe,PRD21131,Harvest Pantry 477,Grocery,Pantry,Harvest,TXN21000670,2026-02-22T10:59:00Z,2026-02-27T10:59:00Z,Digital Wallet,Mobile App,EUR,1,28.1,0.131,4.34,22.88,51.64,3.96,0.0767,WH-LATAM-01,5,Summit Logistics Group,441,1,6,3,0,13.8,2026-01-02
CUST101217,Lucas King,44,Female,Consumer,Silver,UK,Scotland,Edinburgh,Europe,PRD21326,Velvet Wellness 984,Beauty & Personal Care,Wellness,Velvet,TXN21000671,2026-02-25T14:00:00Z,2026-03-04T14:00:00Z,Digital Wallet,Online,GBP,4,183.07,0.19,116.95,3.45,713.55,303.75,0.4257,WH-APAC-02,7,Anchor Wholesale,172,0,1,4,1,13.4,2026-01-02
CUST111612,Robert Sanchez,37,Non-Binary,Home Office,Silver,UK,Wales,Cardiff,Europe,PRD20879,AutoPro Accessories 412,Automotive,Accessories,AutoPro,TXN21000672,2026-02-27T15:38:00Z,2026-03-01T15:38:00Z,Cash on Delivery,Online,GBP,2,205.58,0.233,38.04,13.91,367.31,67.35,0.1834,WH-EU-01,2,Summit Logistics Group,646,0,4,4,1,8.9,2026-01-02
CUST117089,Linda Scott,64,Male,Consumer,Bronze,Germany,Bavaria,Munich,Europe,PRD20200,TorqueTech Tires 178,Automotive,Tires,TorqueTech,TXN21000673,2026-02-05T14:25:00Z,2026-02-12T14:25:00Z,Digital Wallet,Mobile App,EUR,5,271.95,0.186,73.75,3.71,1184.3,286.64,0.242,WH-EU-02,7,Pinnacle Supply Co,99,0,2,6,1,8.8,2026-01-02
CUST118032,Elizabeth Allen,34,Non-Binary,Corporate,Silver,India,Delhi,New Delhi,Asia Pacific,PRD20423,Bloom Makeup 184,Beauty & Personal Care,Makeup,Bloom,TXN21000674,2026-02-25T10:00:00Z,2026-03-02T10:00:00Z,Debit Card,In-Store,INR,3,94.14,0.27,16.77,10.41,233.35,94.55,0.4052,WH-LATAM-01,5,Pinnacle Supply Co,484,0,8,4,0,7.3,2026-01-02
CUST100449,William Thompson,24,Male,Consumer,Bronze,Mexico,Jalisco,Guadalajara,Latin America,PRD20849,NestWell Smart Lighting 793,Smart Home,Smart Lighting,NestWell,TXN21000675,2026-02-11T14:36:00Z,2026-02-16T14:36:00Z,Digital Wallet,Online,MXN,7,124.62,0.119,151.73,1.98,922.24,224.19,0.2431,WH-APAC-02,5,Pinnacle Supply Co,421,0,6,9,1,19.9,2026-01-02
CUST109150,Jennifer Carter,75,Male,Consumer,Bronze,France,Ile-de-France,Paris,Europe,PRD20733,AromaCo Makeup 868,Beauty & Personal Care,Makeup,AromaCo,TXN21000676,2026-02-06T23:26:00Z,2026-02-14T23:26:00Z,Credit Card,Online,EUR,4,37.92,0.112,13.45,4.72,152.86,74.75,0.489,WH-NA-01,8,Meridian Traders,45,1,2,5,0,2.9,2026-01-02
CUST111325,Ethan Sanchez,61,Male,Small Business,Bronze,France,Ile-de-France,Paris,Europe,PRD20722,Orchard Beverages 775,Grocery,Beverages,Orchard,TXN21000677,2026-02-20T19:40:00Z,2026-02-26T19:40:00Z,Cash on Delivery,Online,EUR,4,3.26,0.15,1.68,9.55,22.31,1.59,0.0713,WH-NA-02,6,Vertex Distribution,364,1,8,4,0,14.3,2026-01-02
CUST101167,Fatima Martinez,32,Female,Small Business,Silver,USA,California,San Diego,North America,PRD21396,PeakGear Footwear 566,Sports & Outdoors,Footwear,PeakGear,TXN21000678,2026-02-09T03:18:00Z,2026-02-15T03:18:00Z,Credit Card,Online,USD,2,212.71,0.046,56.91,16.89,479.65,175.78,0.3665,WH-NA-02,6,Summit Logistics Group,301,0,4,2,0,2.2,2026-01-02
CUST116904,Isabella Lewis,75,Male,Small Business,Gold,Vietnam,Ho Chi Minh,Ho Chi Minh City,Asia Pacific,PRD20068,Cucina Decor 308,Home & Kitchen,Decor,Cucina,TXN21000679,2026-02-10T12:57:00Z,2026-02-13T12:57:00Z,Cash on Delivery,Online,VND,1,304.69,0.21,45.76,6.75,293.22,66.42,0.2265,WH-LATAM-01,3,Summit Logistics Group,531,0,7,3,1,7,2026-01-02
CUST111304,Jennifer Hill,41,Male,Small Business,Gold,UK,Scotland,Edinburgh,Europe,PRD20453,Orion Tablets 501,Electronics,Tablets,Orion,TXN21000680,2026-02-24T12:21:00Z,2026-03-02T12:21:00Z,Cash on Delivery,Marketplace,GBP,4,948.43,0.165,377.24,7.16,3552.16,484.84,0.1365,WH-APAC-02,6,Anchor Wholesale,188,0,6,6,1,12.5,2026-01-02
CUST107021,Yuki Hill,39,Male,Consumer,Bronze,Canada,British Columbia,Vancouver,North America,PRD21013,PlayWorks Outdoor Toys 912,Toys & Games,Outdoor Toys,PlayWorks,TXN21000681,2026-02-25T21:10:00Z,2026-03-03T21:10:00Z,Digital Wallet,In-Store,CAD,1,125.76,0.221,13.05,7.49,118.51,35.19,0.2969,WH-APAC-01,6,Vertex Distribution,247,0,6,1,1,4.9,2026-01-02
CUST102571,Lukas Allen,34,Male,Corporate,Gold,Japan,Kanto,Tokyo,Asia Pacific,PRD20655,Nutriva Frozen Foods 972,Grocery,Frozen Foods,Nutriva,TXN21000682,2026-02-13T04:13:00Z,2026-02-17T04:13:00Z,Debit Card,Online,JPY,2,21.56,0.095,5.03,9.19,53.24,7.63,0.1433,WH-EU-01,4,GlobalSource Ltd,407,0,5,5,0,7.7,2026-01-02
CUST106329,Thomas Brown,28,Female,Corporate,Platinum,Australia,Victoria,Melbourne,Asia Pacific,PRD21248,KidJoy Board Games 168,Toys & Games,Board Games,KidJoy,TXN21000683,2026-02-14T10:53:00Z,2026-02-23T10:53:00Z,Debit Card,In-Store,AUD,4,96.95,0.13,32.05,9.21,378.65,143.8,0.3798,WH-NA-02,9,GlobalSource Ltd,109,0,3,5,0,10.9,2026-01-02
CUST106989,Layla Patel,59,Female,Home Office,Silver,UK,England,London,Europe,PRD21220,Velvet Haircare 218,Beauty & Personal Care,Haircare,Velvet,TXN21000684,2026-02-05T20:22:00Z,2026-02-10T20:22:00Z,Credit Card,Online,GBP,4,72.5,0.173,25.68,4.53,270.04,125.22,0.4637,WH-APAC-02,5,Anchor Wholesale,532,0,8,6,1,5.2,2026-01-02
CUST115038,Liam Perez,19,Male,Consumer,Gold,Japan,Kanto,Tokyo,Asia Pacific,PRD20895,PeakGear Camping 581,Sports & Outdoors,Camping,PeakGear,TXN21000685,2026-02-06T03:01:00Z,2026-02-14T03:01:00Z,Bank Transfer,Online,JPY,4,197.04,0.012,53.21,11.17,843.08,352.47,0.4181,WH-EU-01,8,GlobalSource Ltd,171,0,5,7,0,16.2,2026-01-02
CUST121622,Ethan Perez,49,Female,Corporate,Bronze,USA,Texas,Dallas,North America,PRD20315,Tinker Outdoor Toys 912,Toys & Games,Outdoor Toys,Tinker,TXN21000686,2026-02-24T02:33:00Z,2026-02-27T02:33:00Z,Gift Card,In-Store,USD,3,96.57,0.044,31.63,13.75,322.34,132.34,0.4106,WH-EU-01,3,Anchor Wholesale,537,0,5,6,0,4.6,2026-01-02
CUST105752,Barbara Carter,48,Female,Small Business,Platinum,Germany,Berlin,Berlin,Europe,PRD21115,PlayWorks Educational 143,Toys & Games,Educational,PlayWorks,TXN21000687,2026-02-22T16:01:00Z,2026-02-24T16:01:00Z,Credit Card,In-Store,EUR,3,137.99,0.245,48.91,3.03,364.49,105.89,0.2905,WH-NA-01,2,GlobalSource Ltd,608,0,8,5,1,5.9,2026-01-02
CUST121432,Diego Nelson,37,Female,Consumer,Silver,India,Karnataka,Bangalore,Asia Pacific,PRD21312,Modique Menswear 797,Apparel,Menswear,Modique,TXN21000688,2026-02-07T19:10:00Z,2026-02-09T19:10:00Z,Bank Transfer,In-Store,INR,5,41.69,0.176,17.61,1.77,191.14,74.21,0.3882,WH-APAC-02,2,Pinnacle Supply Co,610,0,4,6,1,15.8,2026-01-02
CUST114794,Linda Moore,50,Male,Consumer,Bronze,India,Delhi,New Delhi,Asia Pacific,PRD20473,PeakGear Fitness Equipment 406,Sports & Outdoors,Fitness Equipment,PeakGear,TXN21000689,2026-02-15T12:20:00Z,2026-02-20T12:20:00Z,Digital Wallet,Online,INR,2,368.12,0.006,110.17,13.67,855.66,333.66,0.3899,WH-EU-01,5,Vertex Distribution,527,0,7,3,0,6.6,2026-01-02
CUST108019,Wei Robinson,59,Male,Consumer,Gold,Germany,Bavaria,Nuremberg,Europe,PRD20633,SummitPro Fitness Equipment 167,Sports & Outdoors,Fitness Equipment,SummitPro,TXN21000690,2026-02-23T15:12:00Z,2026-02-26T15:12:00Z,Gift Card,Online,EUR,4,658.43,0.11,413.97,10.77,2768.75,919.7,0.3322,WH-NA-01,3,GlobalSource Ltd,558,0,4,5,0,9,2026-01-02
CUST112175,Diego Allen,48,Male,Corporate,Bronze,India,Maharashtra,Pune,Asia Pacific,PRD21064,RoadKing Tires 253,Automotive,Tires,RoadKing,TXN21000691,2026-02-08T22:17:00Z,2026-02-10T22:17:00Z,Digital Wallet,Online,INR,2,276.39,0.166,42.58,13.64,517.24,127.58,0.2467,WH-APAC-02,2,GlobalSource Ltd,583,0,9,5,0,15.1,2026-01-02
CUST109192,Omar Ramirez,58,Female,Consumer,Gold,USA,Florida,Orlando,North America,PRD21129,NestWell Decor 505,Home & Kitchen,Decor,NestWell,TXN21000692,2026-02-19T16:17:00Z,2026-02-27T16:17:00Z,Digital Wallet,In-Store,USD,6,685.19,0.281,509.03,2.89,3467.83,604.34,0.1743,WH-NA-02,8,Summit Logistics Group,58,0,6,9,1,8.2,2026-01-02
CUST101053,Wei Garcia,27,Male,Consumer,Bronze,USA,Florida,Miami,North America,PRD20994,GearHead Car Care 866,Automotive,Car Care,GearHead,TXN21000693,2026-02-17T22:10:00Z,2026-02-25T22:10:00Z,Bank Transfer,In-Store,USD,3,442.93,0.216,78.45,3.77,1123.99,240.25,0.2137,WH-LATAM-01,8,Vertex Distribution,77,0,7,6,0,9,2026-01-02
CUST111136,Elizabeth Robinson,39,Female,Small Business,Gold,Vietnam,Ho Chi Minh,Ho Chi Minh City,Asia Pacific,PRD20392,Colton Menswear 390,Apparel,Menswear,Colton,TXN21000694,2026-02-09T18:11:00Z,2026-02-14T18:11:00Z,Debit Card,Online,VND,2,27.57,0.239,3.52,7.21,52.69,16.16,0.3067,WH-APAC-02,5,GlobalSource Ltd,443,0,2,4,1,9,2026-01-02
CUST114828,Lukas Thomas,36,Non-Binary,Consumer,Gold,Australia,Victoria,Melbourne,Asia Pacific,PRD21369,GearHead Accessories 176,Automotive,Accessories,GearHead,TXN21000695,2026-02-26T02:04:00Z,2026-03-07T02:04:00Z,Credit Card,In-Store,AUD,1,313.6,0.078,41.68,12.44,343.26,99.98,0.2913,WH-LATAM-01,9,Meridian Traders,250,1,3,4,0,2.2,2026-01-02
CUST111195,Liam Green,65,Female,Consumer,Gold,France,Ile-de-France,Paris,Europe,PRD20032,Orion Smartphones 734,Electronics,Smartphones,Orion,TXN21000696,2026-02-21T16:25:00Z,2026-02-28T16:25:00Z,Bank Transfer,Online,EUR,3,145.74,0.162,20.34,11.26,397.99,57.19,0.1437,WH-EU-02,7,Meridian Traders,273,0,6,3,1,11.5,2026-01-02
CUST123680,Joseph Baker,52,Female,Corporate,Platinum,Germany,Bavaria,Munich,Europe,PRD21216,Brava Accessories 774,Apparel,Accessories,Brava,TXN21000697,2026-02-26T15:33:00Z,2026-03-01T15:33:00Z,Debit Card,Online,EUR,3,130.91,0.091,24.79,1.75,383.53,173.19,0.4516,WH-APAC-01,3,GlobalSource Ltd,606,0,7,6,0,10.6,2026-01-02
CUST110931,Ahmed Taylor,36,Male,Consumer,Gold,USA,California,Los Angeles,North America,PRD21125,Rally Cycling 426,Sports & Outdoors,Cycling,Rally,TXN21000698,2026-02-10T15:25:00Z,2026-02-18T15:25:00Z,Credit Card,In-Store,USD,3,443.45,0.158,102.88,6.33,1229.36,400.7,0.3259,WH-APAC-01,8,Meridian Traders,41,0,7,6,0,19,2026-01-02
CUST117940,Patricia Adams,54,Female,Small Business,Bronze,USA,California,San Diego,North America,PRD20868,Sonyx Tablets 660,Electronics,Tablets,Sonyx,TXN21000699,2026-02-03T02:28:00Z,2026-02-07T02:28:00Z,Digital Wallet,In-Store,USD,4,290.93,0.273,145.25,12.14,1003.41,23.04,0.023,WH-NA-01,4,Summit Logistics Group,603,0,7,7,1,4.5,2026-01-02
CUST116428,Sarah Jackson,44,Male,Consumer,Platinum,UK,England,Birmingham,Europe,PRD20936,TorqueTech Tires 716,Automotive,Tires,TorqueTech,TXN21000700,2026-02-01T23:58:00Z,2026-02-07T23:58:00Z,Bank Transfer,Online,GBP,4,303.72,0.179,198.37,4.67,1200.46,264.6,0.2204,WH-NA-01,6,Anchor Wholesale,339,0,7,6,1,18.8,2026-01-02
CUST102806,Priya Wright,49,Female,Consumer,Gold,USA,Florida,Miami,North America,PRD21017,Luxora Appliances 980,Home & Kitchen,Appliances,Luxora,TXN21000701,2026-02-16T15:49:00Z,2026-02-19T15:49:00Z,Debit Card,Mobile App,USD,6,462.29,0.133,452.25,5.13,2862.21,818.25,0.2859,WH-LATAM-01,3,Vertex Distribution,563,0,5,6,1,9.6,2026-01-02
CUST118668,Jessica Flores,41,Male,Consumer,Bronze,Australia,Victoria,Melbourne,Asia Pacific,PRD20710,KidJoy Action Figures 124,Toys & Games,Action Figures,KidJoy,TXN21000702,2026-02-24T08:43:00Z,2026-03-01T08:43:00Z,Digital Wallet,In-Store,AUD,5,15.82,0.137,5.5,7.95,81.71,28.78,0.3522,WH-EU-01,5,GlobalSource Ltd,382,0,3,6,1,5,2026-01-02
CUST109088,Emma Taylor,47,Female,Consumer,Bronze,Canada,Ontario,Ottawa,North America,PRD20134,PlayWorks Board Games 398,Toys & Games,Board Games,PlayWorks,TXN21000703,2026-02-14T01:09:00Z,2026-02-19T01:09:00Z,Cash on Delivery,Online,CAD,2,153.4,0.065,17.8,10.57,315.23,133.7,0.4241,WH-EU-01,5,Anchor Wholesale,408,0,6,4,0,7.6,2026-01-02
CUST102193,Charles Walker,39,Male,Small Business,Gold,Brazil,Sao Paulo,Sao Paulo City,Latin America,PRD20401,FreshMart Fresh Produce 284,Grocery,Fresh Produce,FreshMart,TXN21000704,2026-02-28T11:31:00Z,2026-03-02T11:31:00Z,Gift Card,Online,BRL,4,24.17,0.169,7.5,5.39,93.23,9.96,0.1068,WH-APAC-01,2,GlobalSource Ltd,512,0,5,6,1,6.4,2026-01-02
CUST109113,Charles Sanchez,57,Female,Consumer,Bronze,Germany,Bavaria,Nuremberg,Europe,PRD20095,Orchard Snacks 201,Grocery,Snacks,Orchard,TXN21000705,2026-02-16T18:57:00Z,2026-02-24T18:57:00Z,Bank Transfer,Online,EUR,3,63.54,0.277,8.54,5.64,152,-0.95,-0.0062,WH-NA-02,8,Anchor Wholesale,160,0,3,4,1,8.8,2026-01-02
CUST119602,Richard Clark,51,Male,Corporate,Platinum,Germany,Berlin,Berlin,Europe,PRD20691,SummitPro Footwear 936,Sports & Outdoors,Footwear,SummitPro,TXN21000706,2026-02-28T03:48:00Z,2026-03-04T03:48:00Z,Digital Wallet,Online,EUR,1,100.57,0.067,18.72,16.05,128.6,39.44,0.3067,WH-EU-01,4,Anchor Wholesale,608,0,5,2,0,4.6,2026-01-02
CUST118321,William Jones,19,Male,Small Business,Silver,USA,Texas,Dallas,North America,PRD20547,Zentek Cameras 447,Electronics,Cameras,Zentek,TXN21000707,2026-02-06T21:15:00Z,2026-02-13T21:15:00Z,Gift Card,Online,USD,3,1211.15,0.044,578.29,12.32,4064.19,904,0.2224,WH-APAC-01,7,Vertex Distribution,284,0,6,4,0,10.9,2026-01-02
CUST109853,Ahmed Lee,73,Female,Consumer,Gold,UK,England,Birmingham,Europe,PRD21176,OrbitAI Smart Lighting 111,Smart Home,Smart Lighting,OrbitAI,TXN21000708,2026-02-23T17:14:00Z,2026-03-04T17:14:00Z,Gift Card,In-Store,GBP,4,229.88,0.02,64.06,8.8,973.99,327.35,0.3361,WH-EU-02,9,Summit Logistics Group,71,0,10,4,0,23,2026-01-02
CUST121441,Linda Campbell,59,Male,Corporate,Platinum,India,Maharashtra,Mumbai,Asia Pacific,PRD20215,KidJoy Puzzles 238,Toys & Games,Puzzles,KidJoy,TXN21000709,2026-02-14T03:33:00Z,2026-02-20T03:33:00Z,Digital Wallet,In-Store,INR,4,88.44,0.083,55.72,2.31,382.43,147.8,0.3865,WH-EU-02,6,Summit Logistics Group,299,0,2,4,1,8.5,2026-01-02
CUST111591,Jessica Walker,53,Male,Consumer,Gold,USA,New York,New York City,North America,PRD20203,Zentek Laptops 243,Electronics,Laptops,Zentek,TXN21000710,2026-02-05T11:54:00Z,2026-02-15T11:54:00Z,Credit Card,Mobile App,USD,3,407.03,0.076,120.54,3.41,1252.24,264.73,0.2114,WH-NA-02,10,Meridian Traders,103,0,8,3,1,16.3,2026-01-02
CUST100272,Lukas Wilson,48,Female,Home Office,Platinum,India,Karnataka,Bangalore,Asia Pacific,PRD21110,BrainBox Outdoor Toys 747,Toys & Games,Outdoor Toys,BrainBox,TXN21000711,2026-02-15T05:53:00Z,2026-02-22T05:53:00Z,Credit Card,Online,INR,2,78.96,0.09,26.72,9.46,179.89,64.87,0.3606,WH-EU-01,7,Vertex Distribution,50,0,5,4,0,16.5,2026-01-02
CUST122899,Mei Hall,37,Male,Consumer,Silver,France,Provence,Marseille,Europe,PRD20084,Orion Cameras 230,Electronics,Cameras,Orion,TXN21000712,2026-02-06T22:44:00Z,2026-02-09T22:44:00Z,Digital Wallet,Mobile App,EUR,2,1753.35,0.068,228.73,4.6,3501.57,788.31,0.2251,WH-APAC-02,3,Vertex Distribution,359,0,4,4,0,6.5,2026-01-02
CUST104596,Jessica Wright,28,Male,Small Business,Bronze,Japan,Kansai,Osaka,Asia Pacific,PRD21210,Sonyx Smartphones 855,Electronics,Smartphones,Sonyx,TXN21000713,2026-02-11T10:32:00Z,2026-02-21T10:32:00Z,Bank Transfer,Online,JPY,6,352.89,0.041,245.44,6.66,2282.63,533.15,0.2336,WH-EU-02,10,Summit Logistics Group,117,0,11,9,1,10.9,2026-01-02
CUST117183,Jennifer Miller,29,Male,Home Office,Platinum,Germany,Bavaria,Munich,Europe,PRD20995,Luxora Furniture 724,Home & Kitchen,Furniture,Luxora,TXN21000714,2026-02-24T05:26:00Z,2026-03-04T05:26:00Z,Digital Wallet,Online,EUR,5,624.62,0.121,307.2,2.8,3055.2,958.79,0.3138,WH-LATAM-01,8,Meridian Traders,121,1,6,8,0,4.3,2026-01-02
CUST105278,Olivia Thompson,20,Male,Consumer,Bronze,Australia,New South Wales,Newcastle,Asia Pacific,PRD21110,BrainBox Outdoor Toys 747,Toys & Games,Outdoor Toys,BrainBox,TXN21000715,2026-02-16T21:40:00Z,2026-02-19T21:40:00Z,Digital Wallet,Online,AUD,2,79.98,0.066,18.43,17.04,184.87,69.55,0.3762,WH-APAC-02,3,GlobalSource Ltd,533,0,7,3,0,13.1,2026-01-02
CUST105126,Charles Lee,46,Male,Corporate,Bronze,USA,New York,Albany,North America,PRD21205,UrbanThread Accessories 464,Apparel,Accessories,UrbanThread,TXN21000716,2026-02-03T23:11:00Z,2026-02-11T23:11:00Z,Credit Card,In-Store,USD,7,196.12,0.113,240.22,8.41,1466.34,575.22,0.3923,WH-EU-02,8,Pinnacle Supply Co,300,0,3,10,1,2.8,2026-01-02
CUST113664,Jennifer Anderson,45,Male,Consumer,Bronze,USA,New York,New York City,North America,PRD20017,Lumiere Wellness 245,Beauty & Personal Care,Wellness,Lumiere,TXN21000717,2026-02-09T05:25:00Z,2026-02-15T05:25:00Z,Digital Wallet,Online,USD,3,46.92,0.126,6.59,9.29,138.9,67.4,0.4852,WH-APAC-01,6,GlobalSource Ltd,249,1,4,5,1,16.4,2026-01-02
CUST112682,Mei Lewis,19,Male,Consumer,Silver,UK,Wales,Cardiff,Europe,PRD20915,PlayWorks Board Games 384,Toys & Games,Board Games,PlayWorks,TXN21000718,2026-02-11T12:04:00Z,2026-02-15T12:04:00Z,Credit Card,Online,GBP,6,31.86,0.129,27.5,4.58,198.58,71.07,0.3579,WH-EU-01,4,Meridian Traders,517,0,5,9,0,14.2,2026-01-02
CUST102321,Karen White,27,Female,Consumer,Gold,Japan,Kansai,Osaka,Asia Pacific,PRD20074,FreshMart Frozen Foods 299,Grocery,Frozen Foods,FreshMart,TXN21000719,2026-02-28T21:39:00Z,2026-03-09T21:39:00Z,Credit Card,In-Store,JPY,2,4.87,0.145,1.03,4.54,13.9,1.24,0.0892,WH-EU-01,9,Anchor Wholesale,102,0,7,2,0,13.8,2026-01-02
CUST111106,Barbara Perez,53,Female,Consumer,Bronze,USA,Texas,Austin,North America,PRD20464,Nutriva Fresh Produce 959,Grocery,Fresh Produce,Nutriva,TXN21000720,2026-02-18T03:22:00Z,2026-02-28T03:22:00Z,Digital Wallet,Online,USD,4,14.91,0.029,4.73,11.84,74.48,14.49,0.1945,WH-LATAM-01,10,Pinnacle Supply Co,186,0,3,6,0,12.8,2026-01-02
CUST122370,William Taylor,51,Female,Small Business,Silver,USA,Texas,Dallas,North America,PRD20883,AutoPro Accessories 371,Automotive,Accessories,AutoPro,TXN21000721,2026-02-26T02:52:00Z,2026-03-04T02:52:00Z,Digital Wallet,Online,USD,4,476.85,0.039,258.42,1.57,2093,682.47,0.3261,WH-APAC-02,6,Anchor Wholesale,421,0,4,4,0,8.4,2026-01-02
CUST103710,Layla Clark,43,Female,Small Business,Bronze,UK,England,Manchester,Europe,PRD20853,SummitPro Camping 721,Sports & Outdoors,Camping,SummitPro,TXN21000722,2026-02-26T23:04:00Z,2026-03-05T23:04:00Z,Debit Card,In-Store,GBP,3,168.07,0.016,77.25,12.63,586.02,223.47,0.3813,WH-NA-02,7,Summit Logistics Group,106,0,8,6,0,6.7,2026-01-02
CUST115687,Joseph Thompson,50,Female,Home Office,Platinum,Japan,Kansai,Kyoto,Asia Pacific,PRD20050,TechNova Cameras 145,Electronics,Cameras,TechNova,TXN21000723,2026-02-15T10:30:00Z,2026-02-18T10:30:00Z,Cash on Delivery,Online,JPY,2,1504.6,0.045,370.2,9.91,3253.9,745.68,0.2292,WH-NA-01,3,Vertex Distribution,524,0,5,2,0,12.2,2026-01-02
CUST111167,Jennifer Wilson,36,Male,Corporate,Silver,Germany,Bavaria,Munich,Europe,PRD20030,DailyGoods Snacks 821,Grocery,Snacks,DailyGoods,TXN21000724,2026-02-07T14:10:00Z,2026-02-12T14:10:00Z,Bank Transfer,In-Store,EUR,2,63.78,0.074,19.53,17.59,155.24,25.26,0.1627,WH-NA-01,5,GlobalSource Ltd,424,1,7,3,0,9.9,2026-01-02
CUST122169,Valentina Young,38,Male,Corporate,Bronze,USA,New York,New York City,North America,PRD20697,FreshMart Snacks 773,Grocery,Snacks,FreshMart,TXN21000725,2026-02-25T11:37:00Z,2026-03-04T11:37:00Z,Digital Wallet,Mobile App,USD,2,43.28,0.23,9.47,3.91,80.03,3.64,0.0455,WH-EU-02,7,Anchor Wholesale,187,0,6,3,1,10.5,2026-01-02
CUST117760,Patricia Brown,41,Male,Small Business,Platinum,India,Delhi,New Delhi,Asia Pacific,PRD20678,AromaCo Fragrance 248,Beauty & Personal Care,Fragrance,AromaCo,TXN21000726,2026-02-23T13:59:00Z,2026-02-27T13:59:00Z,Credit Card,Online,INR,1,154.61,0.113,19.47,21.06,177.67,76.04,0.428,WH-APAC-01,4,GlobalSource Ltd,555,0,6,4,0,10.8,2026-01-02
CUST118123,Isabella Adams,65,Male,Consumer,Bronze,USA,Florida,Miami,North America,PRD20338,Zentek Smart Lighting 921,Smart Home,Smart Lighting,Zentek,TXN21000727,2026-02-08T23:22:00Z,2026-02-12T23:22:00Z,Cash on Delivery,Marketplace,USD,6,151.14,0.029,71.62,8.74,960.9,314.67,0.3275,WH-EU-01,4,Meridian Traders,526,0,4,9,0,3.2,2026-01-02
CUST105635,Chen Robinson,29,Female,Consumer,Silver,UK,Scotland,Glasgow,Europe,PRD20894,OrbitAI Security Cameras 594,Smart Home,Security Cameras,OrbitAI,TXN21000728,2026-02-24T10:31:00Z,2026-03-01T10:31:00Z,Credit Card,Online,GBP,3,277.63,0.267,82.53,13.14,706.18,90.79,0.1286,WH-EU-01,5,GlobalSource Ltd,377,0,2,5,0,3.9,2026-01-02
CUST108426,Sarah Martinez,39,Male,Corporate,Gold,France,Ile-de-France,Paris,Europe,PRD20645,AromaCo Wellness 651,Beauty & Personal Care,Wellness,AromaCo,TXN21000729,2026-02-04T08:46:00Z,2026-02-08T08:46:00Z,Debit Card,In-Store,EUR,3,93.02,0.241,33.99,4.49,250.29,101.52,0.4056,WH-APAC-01,4,Vertex Distribution,640,0,5,5,1,7.3,2026-01-02
CUST120026,Lucas Nguyen,58,Male,Consumer,Bronze,Canada,British Columbia,Victoria,North America,PRD20849,NestWell Smart Lighting 793,Smart Home,Smart Lighting,NestWell,TXN21000730,2026-02-07T00:40:00Z,2026-02-13T00:40:00Z,Credit Card,Online,CAD,2,137.13,0.206,17.55,6.89,242.2,46.62,0.1925,WH-LATAM-01,6,Vertex Distribution,209,0,6,3,1,10.9,2026-01-02
CUST113235,Mei Walker,34,Non-Binary,Home Office,Bronze,Vietnam,Hanoi,Hanoi City,Asia Pacific,PRD20740,Zentek Cameras 938,Electronics,Cameras,Zentek,TXN21000731,2026-02-05T19:23:00Z,2026-02-12T19:23:00Z,Digital Wallet,In-Store,VND,4,1157.62,0.219,594.94,11.57,4222.91,341.73,0.0809,WH-LATAM-01,7,Meridian Traders,200,0,9,6,1,8.4,2026-01-02
CUST105502,Emma Scott,48,Male,Corporate,Bronze,UK,England,Manchester,Europe,PRD20468,PureGlow Haircare 746,Beauty & Personal Care,Haircare,PureGlow,TXN21000732,2026-02-16T17:41:00Z,2026-02-24T17:41:00Z,Debit Card,Online,GBP,5,160.14,0.122,129.7,3.48,836.19,386.58,0.4623,WH-APAC-01,8,Meridian Traders,71,0,4,7,0,13.2,2026-01-02
CUST104517,Sofia Smith,22,Male,Consumer,Silver,USA,Texas,Houston,North America,PRD20853,SummitPro Camping 721,Sports & Outdoors,Camping,SummitPro,TXN21000733,2026-02-02T02:35:00Z,2026-02-06T02:35:00Z,Digital Wallet,Online,USD,4,167.01,0.14,60.29,7.77,642.57,213.24,0.3319,WH-EU-02,4,Anchor Wholesale,463,0,4,5,0,2.6,2026-01-02
CUST110420,Elizabeth Kumar,34,Male,Small Business,Silver,USA,New York,Buffalo,North America,PRD20629,Cucina Decor 860,Home & Kitchen,Decor,Cucina,TXN21000734,2026-02-28T12:22:00Z,2026-03-05T12:22:00Z,Debit Card,In-Store,USD,1,627.91,0.14,65.37,18.02,623.39,180.84,0.2901,WH-APAC-01,5,Pinnacle Supply Co,523,1,5,4,1,10.7,2026-01-02
CUST102242,Joseph Lewis,42,Female,Consumer,Bronze,Vietnam,Ho Chi Minh,Ho Chi Minh City,Asia Pacific,PRD20650,OrbitAI Smart Speakers 117,Smart Home,Smart Speakers,OrbitAI,TXN21000735,2026-02-17T18:18:00Z,2026-02-22T18:18:00Z,Debit Card,Online,VND,5,58.76,0.065,14.29,4.16,293.15,91.37,0.3117,WH-EU-02,5,GlobalSource Ltd,438,0,5,5,0,11,2026-01-02
CUST115568,Yuki Wright,44,Female,Small Business,Platinum,USA,New York,Buffalo,North America,PRD21137,Zentek Cameras 280,Electronics,Cameras,Zentek,TXN21000736,2026-02-14T13:45:00Z,2026-02-20T13:45:00Z,Credit Card,Online,USD,1,1640.77,0.099,269.87,5.98,1754.18,317.98,0.1813,WH-LATAM-01,6,Summit Logistics Group,143,0,10,3,0,15.1,2026-01-02
CUST122264,Joseph Davis,47,Male,Consumer,Silver,USA,Texas,Austin,North America,PRD20212,Luxora Cookware 227,Home & Kitchen,Cookware,Luxora,TXN21000737,2026-02-20T22:46:00Z,2026-02-26T22:46:00Z,Credit Card,In-Store,USD,4,115.49,0.044,46.8,1.93,490.36,177.39,0.3618,WH-APAC-02,6,Vertex Distribution,313,0,6,7,0,11.5,2026-01-02
CUST105568,Sofia Allen,47,Female,Small Business,Platinum,Vietnam,Hanoi,Hanoi City,Asia Pacific,PRD21362,HomeSense Smart Speakers 644,Smart Home,Smart Speakers,HomeSense,TXN21000738,2026-02-02T13:50:00Z,2026-02-08T13:50:00Z,Digital Wallet,In-Store,VND,5,367.34,0.21,269.74,7.66,1728.39,304.89,0.1764,WH-APAC-01,6,GlobalSource Ltd,225,0,3,5,1,4.6,2026-01-02
CUST103535,Layla Smith,54,Female,Small Business,Silver,USA,New York,Buffalo,North America,PRD20285,NestWell Furniture 121,Home & Kitchen,Furniture,NestWell,TXN21000739,2026-02-28T23:23:00Z,2026-03-05T23:23:00Z,Bank Transfer,Online,USD,5,918.06,0.148,363.1,8.93,4282.97,1285.28,0.3001,WH-LATAM-01,5,GlobalSource Ltd,395,0,4,5,0,8.2,2026-01-02
CUST102411,Richard Moore,53,Female,Small Business,Bronze,Brazil,Sao Paulo,Campinas,Latin America,PRD20100,AutoPro Tools 103,Automotive,Tools,AutoPro,TXN21000740,2026-02-05T21:22:00Z,2026-02-08T21:22:00Z,Credit Card,Mobile App,BRL,5,476.3,0.111,238.25,10.93,2366.33,680.63,0.2876,WH-APAC-01,3,Summit Logistics Group,646,0,5,7,0,8.3,2026-01-02
CUST120603,Olivia Carter,44,Male,Consumer,Bronze,Australia,Victoria,Melbourne,Asia Pacific,PRD21176,OrbitAI Smart Lighting 111,Smart Home,Smart Lighting,OrbitAI,TXN21000741,2026-02-20T20:55:00Z,2026-02-23T20:55:00Z,Bank Transfer,Online,AUD,1,226.35,0.267,28.3,14.27,208.48,24.67,0.1183,WH-LATAM-01,3,GlobalSource Ltd,414,0,5,3,1,7.7,2026-01-02
CUST119195,Diego Moore,51,Female,Consumer,Gold,India,Delhi,New Delhi,Asia Pacific,PRD20157,GearHead Electronics 325,Automotive,Electronics,GearHead,TXN21000742,2026-02-21T17:34:00Z,2026-02-28T17:34:00Z,Credit Card,Mobile App,INR,1,365.39,0.085,55.6,17.88,407.81,113.93,0.2794,WH-EU-02,7,Summit Logistics Group,200,0,6,4,0,6.5,2026-01-02
CUST105620,Rahul Ramirez,43,Female,Consumer,Silver,Canada,Ontario,Ottawa,North America,PRD20212,Luxora Cookware 227,Home & Kitchen,Cookware,Luxora,TXN21000743,2026-02-13T12:10:00Z,2026-02-23T12:10:00Z,Bank Transfer,Mobile App,CAD,5,107.85,0.267,23.27,3.01,421.55,86.82,0.206,WH-NA-02,10,Vertex Distribution,250,0,12,6,1,11.6,2026-01-02
CUST120862,Wei Anderson,52,Male,Small Business,Gold,Germany,Berlin,Berlin,Europe,PRD21281,NestWell Appliances 913,Home & Kitchen,Appliances,NestWell,TXN21000744,2026-02-25T12:33:00Z,2026-02-28T12:33:00Z,Credit Card,Online,EUR,4,863.91,0.039,626.74,3.27,3950.88,1344.24,0.3402,WH-LATAM-01,3,Anchor Wholesale,613,0,3,4,0,20.7,2026-01-02
CUST109765,Priya Moore,34,Female,Corporate,Bronze,USA,California,San Diego,North America,PRD20611,DailyGoods Beverages 730,Grocery,Beverages,DailyGoods,TXN21000745,2026-02-06T18:22:00Z,2026-02-12T18:22:00Z,Debit Card,Mobile App,USD,4,27.75,0.062,20.8,5.96,130.88,23.31,0.1781,WH-LATAM-01,6,Pinnacle Supply Co,307,0,3,4,0,2.8,2026-01-02
CUST121229,Li Williams,52,Male,Home Office,Bronze,India,Karnataka,Mysore,Asia Pacific,PRD20601,Cucina Bedding 209,Home & Kitchen,Bedding,Cucina,TXN21000746,2026-02-19T19:31:00Z,2026-02-24T19:31:00Z,Debit Card,Mobile App,INR,6,149.54,0.169,66.54,5.42,817.57,232.39,0.2842,WH-APAC-01,5,Anchor Wholesale,407,0,3,8,1,3.8,2026-01-02
CUST109875,Charles Torres,40,Male,Consumer,Bronze,Australia,Victoria,Melbourne,Asia Pacific,PRD21214,FreshMart Fresh Produce 983,Grocery,Fresh Produce,FreshMart,TXN21000747,2026-02-11T13:54:00Z,2026-02-15T13:54:00Z,Digital Wallet,In-Store,AUD,7,12.06,0.223,5.68,8.92,80.19,4.14,0.0516,WH-APAC-01,4,Vertex Distribution,569,0,6,10,1,23.3,2026-01-02
CUST113205,Liam Allen,59,Male,Small Business,Gold,USA,New York,Albany,North America,PRD20445,OrbitAI Smart Lighting 602,Smart Home,Smart Lighting,OrbitAI,TXN21000748,2026-02-08T17:53:00Z,2026-02-13T17:53:00Z,Credit Card,Online,USD,3,272.03,0.121,57.16,8.8,783.3,208.1,0.2657,WH-EU-01,5,Meridian Traders,520,0,5,6,1,9.5,2026-01-02
CUST110640,Susan Jackson,52,Male,Consumer,Platinum,Japan,Kanto,Tokyo,Asia Pacific,PRD20660,GearHead Tires 932,Automotive,Tires,GearHead,TXN21000749,2026-02-19T09:51:00Z,2026-02-22T09:51:00Z,Bank Transfer,In-Store,JPY,2,381.35,0.043,118.04,11.35,859.29,269.84,0.314,WH-APAC-01,3,Pinnacle Supply Co,607,0,4,5,0,7,2026-01-02
CUST110141,Jennifer Adams,81,Male,Small Business,Bronze,Japan,Kansai,Osaka,Asia Pacific,PRD20226,Bloom Makeup 338,Beauty & Personal Care,Makeup,Bloom,TXN21000750,2026-02-02T02:21:00Z,2026-02-10T02:21:00Z,Bank Transfer,Online,JPY,3,25.86,0.079,9.51,11.42,92.38,40.79,0.4415,WH-LATAM-01,8,GlobalSource Ltd,150,0,5,4,0,13.3,2026-01-02
CUST118819,Sarah Jones,46,Male,Small Business,Silver,Germany,Hesse,Frankfurt,Europe,PRD20044,Sonyx Cameras 829,Electronics,Cameras,Sonyx,TXN21000751,2026-02-17T07:53:00Z,2026-02-23T07:53:00Z,Digital Wallet,Online,EUR,4,1536.65,0.102,1027.12,5.05,6551.82,1172.77,0.179,WH-APAC-02,6,GlobalSource Ltd,369,0,4,5,1,6.1,2026-01-02
CUST101477,Patricia Wright,59,Male,Corporate,Silver,Germany,Hesse,Frankfurt,Europe,PRD20969,Colton Accessories 207,Apparel,Accessories,Colton,TXN21000752,2026-02-14T20:15:00Z,2026-02-20T20:15:00Z,Cash on Delivery,Online,EUR,7,56.99,0.13,63.48,2.53,413.08,160.37,0.3882,WH-NA-01,6,Summit Logistics Group,329,0,5,8,0,13,2026-01-02
CUST116205,David Harris,50,Male,Consumer,Silver,USA,Texas,Dallas,North America,PRD20753,Pulsar Cameras 766,Electronics,Cameras,Pulsar,TXN21000753,2026-02-27T05:58:00Z,2026-03-05T05:58:00Z,Bank Transfer,Online,USD,3,1128.07,0.127,359.57,14.17,3328.16,561.1,0.1686,WH-LATAM-01,6,Vertex Distribution,318,0,3,5,0,7.6,2026-01-02
CUST117011,Charles Wright,74,Female,Small Business,Bronze,UK,Scotland,Edinburgh,Europe,PRD21071,UrbanThread Footwear 910,Apparel,Footwear,UrbanThread,TXN21000754,2026-02-24T01:31:00Z,2026-03-06T01:31:00Z,Gift Card,Online,GBP,3,14.17,0.209,4.74,4.58,42.95,13.73,0.3197,WH-EU-01,10,GlobalSource Ltd,114,0,4,6,1,13.2,2026-01-02
CUST108992,Karen Adams,75,Female,Small Business,Silver,Mexico,CDMX,Mexico City,Latin America,PRD21336,DriveMax Accessories 799,Automotive,Accessories,DriveMax,TXN21000755,2026-02-04T08:46:00Z,2026-02-06T08:46:00Z,Digital Wallet,Online,MXN,3,171.41,0.048,39.91,8.13,537.59,179.36,0.3336,WH-LATAM-01,2,Vertex Distribution,629,0,5,3,0,3.5,2026-01-02
CUST112735,Karen Anderson,36,Male,Consumer,Bronze,Germany,Bavaria,Nuremberg,Europe,PRD20340,PureGlow Haircare 309,Beauty & Personal Care,Haircare,PureGlow,TXN21000756,2026-02-11T09:47:00Z,2026-02-16T09:47:00Z,Debit Card,Mobile App,EUR,5,67.6,0.114,25.82,3.5,328.79,165.89,0.5045,WH-EU-01,5,Anchor Wholesale,524,0,10,5,0,6.1,2026-01-02
CUST104368,Lukas Garcia,55,Male,Consumer,Bronze,UK,England,Manchester,Europe,PRD20979,GearHead Electronics 791,Automotive,Electronics,GearHead,TXN21000757,2026-02-08T08:18:00Z,2026-02-13T08:18:00Z,Credit Card,In-Store,GBP,4,317.41,0.144,64.71,5.61,1157.13,320.96,0.2774,WH-EU-01,5,Meridian Traders,387,0,3,6,0,8.5,2026-01-02
CUST100794,Barbara Martin,49,Female,Corporate,Platinum,Australia,Victoria,Melbourne,Asia Pacific,PRD21307,Brava Womenswear 937,Apparel,Womenswear,Brava,TXN21000758,2026-02-05T22:31:00Z,2026-02-11T22:31:00Z,Credit Card,In-Store,AUD,2,186.79,0.115,49.24,5.46,385.32,155.78,0.4043,WH-LATAM-01,6,Summit Logistics Group,261,0,10,4,0,6.8,2026-01-02
CUST101282,Elizabeth Miller,39,Male,Consumer,Silver,Germany,Bavaria,Munich,Europe,PRD20025,Colton Womenswear 190,Apparel,Womenswear,Colton,TXN21000759,2026-02-04T16:07:00Z,2026-02-13T16:07:00Z,Debit Card,Online,EUR,2,86.7,0.109,16.61,10.68,181.79,73.35,0.4035,WH-NA-01,9,Vertex Distribution,244,0,7,5,0,5.4,2026-01-02
CUST103501,Sofia Mitchell,39,Female,Consumer,Bronze,Japan,Kansai,Kyoto,Asia Pacific,PRD21274,KidJoy Outdoor Toys 487,Toys & Games,Outdoor Toys,KidJoy,TXN21000760,2026-02-14T23:59:00Z,2026-02-22T23:59:00Z,Credit Card,Mobile App,JPY,5,110.73,0.1,38.36,6.53,543.17,221.9,0.4085,WH-APAC-02,8,Pinnacle Supply Co,54,1,10,6,0,9.9,2026-01-02
CUST107659,Mary Hall,46,Non-Binary,Corporate,Bronze,Canada,Ontario,Ottawa,North America,PRD20394,BrainBox Outdoor Toys 417,Toys & Games,Outdoor Toys,BrainBox,TXN21000761,2026-02-04T10:46:00Z,2026-02-09T10:46:00Z,Credit Card,Online,CAD,7,145.41,0.046,83,6.73,1060.78,462.93,0.4364,WH-EU-02,5,GlobalSource Ltd,297,0,7,9,1,3.7,2026-01-02
CUST116210,Mia Wright,65,Female,Consumer,Bronze,UK,Wales,Cardiff,Europe,PRD20443,Bloom Wellness 936,Beauty & Personal Care,Wellness,Bloom,TXN21000762,2026-02-15T08:27:00Z,2026-02-21T08:27:00Z,Credit Card,Online,GBP,3,181.89,0.067,69.48,2.1,580.69,293.46,0.5054,WH-NA-01,6,Vertex Distribution,358,0,4,6,0,4.4,2026-01-02
CUST119652,Wei Clark,40,Female,Home Office,Gold,UK,England,London,Europe,PRD21160,Brava Kidswear 180,Apparel,Kidswear,Brava,TXN21000763,2026-02-20T20:53:00Z,2026-02-25T20:53:00Z,Gift Card,In-Store,GBP,3,95.34,0.132,48.28,7.41,303.96,114.41,0.3764,WH-EU-01,5,Summit Logistics Group,361,0,4,6,0,4.4,2026-01-02
CUST114337,Richard Ramirez,40,Female,Small Business,Silver,USA,New York,Buffalo,North America,PRD21118,Sonyx Smartphones 445,Electronics,Smartphones,Sonyx,TXN21000764,2026-02-13T12:50:00Z,2026-02-19T12:50:00Z,Debit Card,Online,USD,3,669.52,0.043,200.96,11.47,2134.62,501.74,0.235,WH-EU-01,6,Vertex Distribution,382,0,7,3,0,8.8,2026-01-02
CUST116786,Isabella Brown,50,Male,Small Business,Bronze,Australia,New South Wales,Sydney,Asia Pacific,PRD20271,Brava Womenswear 593,Apparel,Womenswear,Brava,TXN21000765,2026-02-17T18:21:00Z,2026-02-24T18:21:00Z,Digital Wallet,Online,AUD,4,121.55,0.217,69.42,5.8,455.91,153.15,0.3359,WH-APAC-02,7,Meridian Traders,183,0,4,6,0,10.1,2026-01-02
CUST109174,Karen Sanchez,64,Male,Consumer,Bronze,Germany,Berlin,Berlin,Europe,PRD20864,PureGlow Makeup 401,Beauty & Personal Care,Makeup,PureGlow,TXN21000766,2026-02-04T08:05:00Z,2026-02-08T08:05:00Z,Credit Card,Online,EUR,5,77.5,0.047,19.55,5.63,394.47,216.15,0.548,WH-NA-02,4,Pinnacle Supply Co,427,0,8,6,0,33.6,2026-01-02
CUST121219,Barbara Anderson,31,Female,Small Business,Bronze,Japan,Kansai,Kyoto,Asia Pacific,PRD20258,FunLoop Puzzles 845,Toys & Games,Puzzles,FunLoop,TXN21000767,2026-02-23T10:33:00Z,2026-02-27T10:33:00Z,Bank Transfer,Online,JPY,2,12.72,0.022,2.69,3.44,31.01,12.18,0.3928,WH-APAC-02,4,Pinnacle Supply Co,570,0,9,5,1,10.8,2026-01-02
CUST114697,Yuki Thomas,19,Male,Consumer,Silver,Germany,Bavaria,Nuremberg,Europe,PRD20010,OrbitAI Smart Speakers 185,Smart Home,Smart Speakers,OrbitAI,TXN21000768,2026-02-14T20:37:00Z,2026-02-17T20:37:00Z,Credit Card,Mobile App,EUR,4,206.27,0.03,112.99,8.86,922.18,285.48,0.3096,WH-APAC-02,3,Anchor Wholesale,625,0,7,7,1,8.4,2026-01-02
CUST113111,Noah Scott,49,Female,Consumer,Silver,Australia,New South Wales,Sydney,Asia Pacific,PRD20779,DailyGoods Pantry 313,Grocery,Pantry,DailyGoods,TXN21000769,2026-02-08T20:01:00Z,2026-02-17T20:01:00Z,Bank Transfer,In-Store,AUD,2,15.08,0.106,1.98,12.12,41.06,5.01,0.122,WH-EU-02,9,Vertex Distribution,244,0,5,4,0,6.9,2026-01-02
CUST109897,Mary Torres,43,Male,Small Business,Gold,France,Provence,Nice,Europe,PRD21309,AutoPro Electronics 980,Automotive,Electronics,AutoPro,TXN21000770,2026-02-17T21:16:00Z,2026-02-27T21:16:00Z,Digital Wallet,Online,EUR,3,427.96,0.183,180.26,3.35,1232.54,274.49,0.2227,WH-APAC-01,10,Pinnacle Supply Co,44,0,7,3,1,4.6,2026-01-02
CUST114686,Fatima Baker,37,Male,Small Business,Bronze,Germany,Hesse,Frankfurt,Europe,PRD20859,TrailBlaze Cycling 975,Sports & Outdoors,Cycling,TrailBlaze,TXN21000771,2026-02-23T04:15:00Z,2026-02-27T04:15:00Z,Digital Wallet,In-Store,EUR,3,236.73,0.053,76.67,13.36,762.58,288.48,0.3783,WH-LATAM-01,4,Summit Logistics Group,314,0,5,3,0,4.6,2026-01-02
CUST102153,Sofia Jones,37,Female,Small Business,Gold,Germany,Hesse,Frankfurt,Europe,PRD20062,Rally Fitness Equipment 971,Sports & Outdoors,Fitness Equipment,Rally,TXN21000772,2026-02-24T09:59:00Z,2026-03-01T09:59:00Z,Digital Wallet,Online,EUR,2,381.27,0.051,92.89,7.75,824.29,311.27,0.3776,WH-EU-02,5,Vertex Distribution,560,0,4,3,0,6.2,2026-01-02
CUST123039,Barbara Nguyen,56,Male,Consumer,Bronze,Japan,Kanto,Tokyo,Asia Pacific,PRD20303,Bloom Wellness 310,Beauty & Personal Care,Wellness,Bloom,TXN21000773,2026-02-17T04:01:00Z,2026-02-22T04:01:00Z,Digital Wallet,In-Store,JPY,6,40.89,0.132,29.46,7,249.42,116,0.4651,WH-EU-01,5,Pinnacle Supply Co,397,0,4,7,1,7.4,2026-01-02
CUST111705,James Young,37,Male,Consumer,Silver,USA,Texas,Dallas,North America,PRD20662,SummitPro Team Sports 620,Sports & Outdoors,Team Sports,SummitPro,TXN21000774,2026-02-11T01:01:00Z,2026-02-15T01:01:00Z,Digital Wallet,Online,USD,2,322.22,0.105,42.91,3.65,623.33,228.26,0.3662,WH-EU-02,4,Anchor Wholesale,451,0,4,4,0,12.9,2026-01-02
CUST103871,Thomas Scott,35,Female,Consumer,Bronze,Japan,Kanto,Yokohama,Asia Pacific,PRD21378,TechNova Cameras 130,Electronics,Cameras,TechNova,TXN21000775,2026-02-27T00:04:00Z,2026-03-07T00:04:00Z,Digital Wallet,Online,JPY,3,365.94,0.069,184.63,10.79,1217.49,245.69,0.2018,WH-APAC-02,8,Summit Logistics Group,75,0,5,4,0,5.9,2026-01-02
CUST108349,David Carter,41,Male,Corporate,Silver,France,Provence,Nice,Europe,PRD20450,NestWell Smart Speakers 512,Smart Home,Smart Speakers,NestWell,TXN21000776,2026-02-25T12:56:00Z,2026-03-04T12:56:00Z,Credit Card,Mobile App,EUR,2,388.2,0.279,40.61,15.19,615.58,75.31,0.1223,WH-APAC-01,7,Pinnacle Supply Co,216,0,2,2,1,2.1,2026-01-02
CUST108143,Layla Brown,60,Female,Corporate,Silver,UK,England,Manchester,Europe,PRD20904,NestWell Cookware 743,Home & Kitchen,Cookware,NestWell,TXN21000777,2026-02-11T14:29:00Z,2026-02-18T14:29:00Z,Debit Card,Marketplace,GBP,6,18.19,0.12,11.87,3.11,111.02,33.62,0.3028,WH-APAC-01,7,Anchor Wholesale,184,0,5,6,0,5.4,2026-01-02
CUST110175,Robert Wilson,59,Male,Consumer,Bronze,USA,California,San Diego,North America,PRD20020,ActivFlex Fitness Equipment 296,Sports & Outdoors,Fitness Equipment,ActivFlex,TXN21000778,2026-02-25T15:15:00Z,2026-03-05T15:15:00Z,Gift Card,In-Store,USD,5,313.91,0.134,159.37,8.43,1527.03,510.42,0.3343,WH-APAC-01,8,GlobalSource Ltd,341,0,5,7,0,8.5,2026-01-02
CUST101913,James Flores,49,Female,Small Business,Bronze,Brazil,Rio de Janeiro,Rio de Janeiro City,Latin America,PRD20284,OrbitAI Thermostats 351,Smart Home,Thermostats,OrbitAI,TXN21000779,2026-02-03T21:00:00Z,2026-02-09T21:00:00Z,Debit Card,Marketplace,BRL,4,370.78,0.032,192.49,7.78,1635.93,510.19,0.3119,WH-APAC-01,6,Pinnacle Supply Co,474,0,5,7,1,5.1,2026-01-02
CUST100549,Jennifer Torres,48,Female,Home Office,Bronze,USA,Florida,Orlando,North America,PRD20149,Pulsar Cameras 793,Electronics,Cameras,Pulsar,TXN21000780,2026-02-20T20:36:00Z,2026-02-26T20:36:00Z,Credit Card,In-Store,USD,5,1574.35,0.117,494.49,6.45,7451.7,1383.85,0.1857,WH-EU-02,6,Summit Logistics Group,397,0,2,8,0,7.3,2026-01-02
CUST123832,Chen Brown,39,Male,Small Business,Silver,USA,Florida,Miami,North America,PRD20584,DailyGoods Fresh Produce 346,Grocery,Fresh Produce,DailyGoods,TXN21000781,2026-02-20T14:08:00Z,2026-02-27T14:08:00Z,Credit Card,Online,USD,7,55.22,0.338,31.84,7.98,295.71,-25.51,-0.0863,WH-APAC-01,7,Meridian Traders,190,0,5,7,0,13.5,2026-01-02
CUST120419,Ethan White,58,Non-Binary,Consumer,Platinum,France,Ile-de-France,Paris,Europe,PRD20304,TechNova Smartphones 791,Electronics,Smartphones,TechNova,TXN21000782,2026-02-20T21:00:00Z,2026-02-26T21:00:00Z,Credit Card,Online,EUR,6,1592.84,0.144,1195.62,7.96,9384.41,1422.09,0.1515,WH-NA-01,6,Anchor Wholesale,208,0,2,8,1,3.6,2026-01-02
CUST117284,Charles Walker,40,Male,Consumer,Bronze,USA,California,San Diego,North America,PRD20149,Pulsar Cameras 793,Electronics,Cameras,Pulsar,TXN21000783,2026-02-16T17:01:00Z,2026-02-23T17:01:00Z,Digital Wallet,Mobile App,USD,3,1494.58,0.103,252.07,9.11,4283.09,851.01,0.1987,WH-NA-02,7,Meridian Traders,157,0,3,3,0,7.4,2026-01-02
CUST104964,Yuki Wright,51,Male,Consumer,Bronze,USA,Florida,Miami,North America,PRD20136,Lumiere Makeup 872,Beauty & Personal Care,Makeup,Lumiere,TXN21000784,2026-02-04T22:22:00Z,2026-02-11T22:22:00Z,Gift Card,Online,USD,2,132.58,0.156,43.47,5.15,272.42,119,0.4368,WH-NA-01,7,Summit Logistics Group,104,0,9,3,1,9.5,2026-01-02
CUST108276,Olivia Williams,61,Female,Consumer,Bronze,Brazil,Rio de Janeiro,Rio de Janeiro City,Latin America,PRD20973,Tinker Puzzles 487,Toys & Games,Puzzles,Tinker,TXN21000785,2026-02-22T10:45:00Z,2026-03-02T10:45:00Z,Credit Card,Mobile App,BRL,4,38.12,0.182,8.62,7.2,140.55,48.61,0.3459,WH-APAC-02,8,Meridian Traders,121,0,9,5,1,9.1,2026-01-02
CUST122013,Li Rivera,52,Female,Corporate,Silver,Canada,Quebec,Quebec City,North America,PRD20406,AutoPro Car Care 647,Automotive,Car Care,AutoPro,TXN21000786,2026-02-04T10:28:00Z,2026-02-07T10:28:00Z,Digital Wallet,In-Store,CAD,2,506.45,0.213,87.72,16.39,901.26,186.17,0.2066,WH-EU-01,3,Anchor Wholesale,573,0,4,5,1,9.4,2026-01-02
CUST103040,Noah Adams,23,Male,Corporate,Gold,USA,Florida,Tampa,North America,PRD20475,TechNova Cameras 731,Electronics,Cameras,TechNova,TXN21000787,2026-02-20T02:48:00Z,2026-02-27T02:48:00Z,Gift Card,Online,USD,1,416.05,0.096,57.64,6.36,440.11,81.88,0.186,WH-APAC-01,7,Meridian Traders,148,0,5,4,1,17.2,2026-01-02
CUST104631,William Clark,43,Male,Small Business,Platinum,Germany,Hesse,Frankfurt,Europe,PRD20475,TechNova Cameras 731,Electronics,Cameras,TechNova,TXN21000788,2026-02-24T14:05:00Z,2026-03-02T14:05:00Z,Gift Card,Call Center,EUR,5,442.94,0.086,374.26,3.99,2402.49,458,0.1906,WH-EU-02,6,Vertex Distribution,180,0,5,8,0,5.2,2026-01-02
CUST106373,Mateo Williams,37,Male,Corporate,Silver,USA,New York,Buffalo,North America,PRD20303,Bloom Wellness 310,Beauty & Personal Care,Wellness,Bloom,TXN21000789,2026-02-24T18:45:00Z,2026-03-03T18:45:00Z,Digital Wallet,Online,USD,3,39.68,0.087,17.76,9.63,136.07,61.64,0.453,WH-NA-01,7,Meridian Traders,195,0,3,3,0,4.3,2026-01-02
CUST107147,Layla Miller,59,Male,Consumer,Silver,India,Maharashtra,Mumbai,Asia Pacific,PRD20159,Colton Kidswear 951,Apparel,Kidswear,Colton,TXN21000790,2026-02-12T03:52:00Z,2026-02-18T03:52:00Z,Digital Wallet,Mobile App,INR,2,123.58,0.123,25.93,15.65,258.34,101.09,0.3913,WH-LATAM-01,6,Meridian Traders,383,0,5,5,1,4.6,2026-01-02
CUST108289,Mary Harris,39,Male,Corporate,Gold,UK,Wales,Cardiff,Europe,PRD21395,TorqueTech Tools 696,Automotive,Tools,TorqueTech,TXN21000791,2026-02-02T20:59:00Z,2026-02-07T20:59:00Z,Credit Card,In-Store,GBP,5,40.85,0.136,28.08,5.97,210.52,53.27,0.253,WH-EU-02,5,Summit Logistics Group,227,0,3,6,0,3,2026-01-02
CUST117411,Noah Taylor,58,Female,Corporate,Bronze,Germany,Bavaria,Munich,Europe,PRD21043,Orion Cameras 547,Electronics,Cameras,Orion,TXN21000792,2026-02-21T00:07:00Z,2026-03-02T00:07:00Z,Credit Card,Mobile App,EUR,4,578.73,0.097,177.33,3.22,2270.92,453.26,0.1996,WH-APAC-01,9,Pinnacle Supply Co,171,0,3,5,0,7.7,2026-01-02
CUST120326,Ananya Young,38,Male,Small Business,Bronze,UK,Wales,Cardiff,Europe,PRD20313,DriveMax Accessories 943,Automotive,Accessories,DriveMax,TXN21000793,2026-02-19T21:13:00Z,2026-02-28T21:13:00Z,Bank Transfer,Online,GBP,3,254.72,0.117,113.43,4.5,792.68,213.81,0.2697,WH-EU-01,9,Vertex Distribution,339,0,3,6,0,9.3,2026-01-02
CUST117317,Ethan Nguyen,36,Female,Small Business,Bronze,UK,Scotland,Glasgow,Europe,PRD20960,FitWear Accessories 261,Apparel,Accessories,FitWear,TXN21000794,2026-02-01T14:19:00Z,2026-02-10T14:19:00Z,Debit Card,In-Store,GBP,2,13.92,0.101,4.99,4.44,34.46,12,0.3482,WH-NA-02,9,Anchor Wholesale,62,0,5,3,0,6.1,2026-01-02
CUST105156,Layla Anderson,42,Non-Binary,Small Business,Platinum,France,Ile-de-France,Paris,Europe,PRD20882,HomeSense Smart Lighting 858,Smart Home,Smart Lighting,HomeSense,TXN21000795,2026-02-03T07:03:00Z,2026-02-09T07:03:00Z,Digital Wallet,Online,EUR,3,412.08,0.141,94.47,10.42,1166.82,290.52,0.249,WH-EU-01,6,Meridian Traders,224,0,8,5,0,11.4,2026-01-02
CUST117558,Lucas King,39,Female,Corporate,Bronze,India,Karnataka,Mysore,Asia Pacific,PRD20455,Lumiere Wellness 134,Beauty & Personal Care,Wellness,Lumiere,TXN21000796,2026-02-13T18:49:00Z,2026-02-18T18:49:00Z,Gift Card,Call Center,INR,2,33.31,0.209,5.17,8.98,66.85,26.37,0.3945,WH-APAC-01,5,Pinnacle Supply Co,543,0,6,3,0,6.8,2026-01-02
CUST120785,Yuki Scott,35,Female,Consumer,Bronze,India,Delhi,New Delhi,Asia Pacific,PRD20909,Luxora Furniture 495,Home & Kitchen,Furniture,Luxora,TXN21000797,2026-02-03T23:26:00Z,2026-02-06T23:26:00Z,Cash on Delivery,Marketplace,INR,5,454.72,0.05,240.18,1.57,2401.67,859.42,0.3578,WH-NA-02,3,Anchor Wholesale,582,0,4,6,0,3.3,2026-01-02
CUST107897,Priya Scott,50,Female,Consumer,Silver,Brazil,Rio de Janeiro,Rio de Janeiro City,Latin America,PRD20537,NestWell Smart Speakers 927,Smart Home,Smart Speakers,NestWell,TXN21000798,2026-02-01T14:12:00Z,2026-02-10T14:12:00Z,Digital Wallet,Mobile App,BRL,3,388.2,0.193,81.87,11.52,1033.22,213.12,0.2063,WH-LATAM-01,9,Summit Logistics Group,267,0,4,4,1,10.5,2026-01-02
CUST109206,Arjun Kumar,61,Female,Consumer,Bronze,USA,New York,Albany,North America,PRD20201,Zentek Smart Lighting 439,Smart Home,Smart Lighting,Zentek,TXN21000799,2026-02-11T22:12:00Z,2026-02-17T22:12:00Z,Gift Card,In-Store,USD,3,183.39,0.033,98.78,4.6,635.39,188.71,0.297,WH-NA-02,6,Pinnacle Supply Co,423,0,5,4,0,7.5,2026-01-02
CUST102428,Li Ramirez,44,Female,Consumer,Bronze,Vietnam,Hanoi,Hanoi City,Asia Pacific,PRD21047,OrbitAI Smart Lighting 219,Smart Home,Smart Lighting,OrbitAI,TXN21000800,2026-02-28T06:40:00Z,2026-03-03T06:40:00Z,Gift Card,Online,VND,2,304.27,0.048,62.81,7.4,649.54,199.6,0.3073,WH-EU-01,3,GlobalSource Ltd,631,0,4,5,0,15.5,2026-01-02
CUST113822,Robert Smith,42,Female,Corporate,Silver,USA,Florida,Miami,North America,PRD21033,NestWell Security Cameras 155,Smart Home,Security Cameras,NestWell,TXN21000801,2026-02-25T12:31:00Z,2026-03-01T12:31:00Z,Bank Transfer,In-Store,USD,2,183.94,0.112,58.7,4.5,389.88,97.12,0.2491,WH-EU-01,4,GlobalSource Ltd,409,0,4,4,1,13.7,2026-01-02
CUST120606,Wei Singh,62,Female,Consumer,Silver,USA,Texas,Houston,North America,PRD21374,HomeSense Thermostats 400,Smart Home,Thermostats,HomeSense,TXN21000802,2026-02-19T08:55:00Z,2026-02-22T08:55:00Z,Cash on Delivery,Mobile App,USD,4,331.35,0.033,67.35,10.1,1359.11,454.61,0.3345,WH-LATAM-01,3,Summit Logistics Group,524,0,4,5,1,31.4,2026-01-02
CUST114105,Robert Baker,55,Male,Consumer,Gold,UK,Wales,Cardiff,Europe,PRD21096,Domus Decor 650,Home & Kitchen,Decor,Domus,TXN21000803,2026-02-14T07:24:00Z,2026-02-21T07:24:00Z,Credit Card,Online,GBP,4,306.69,0.099,173.41,3.02,1281.74,403.6,0.3149,WH-APAC-02,7,Pinnacle Supply Co,226,0,4,4,0,7.3,2026-01-02
CUST118786,David Green,44,Male,Consumer,Bronze,Japan,Kansai,Osaka,Asia Pacific,PRD20282,Zentek Tablets 178,Electronics,Tablets,Zentek,TXN21000804,2026-02-11T06:28:00Z,2026-02-14T06:28:00Z,Debit Card,In-Store,JPY,1,1269.52,0.043,165.58,4.46,1384.97,317.13,0.229,WH-APAC-02,3,Meridian Traders,564,0,10,1,0,15.7,2026-01-02
CUST121147,Emma Miller,55,Female,Consumer,Silver,Germany,Bavaria,Nuremberg,Europe,PRD20734,RoadKing Accessories 641,Automotive,Accessories,RoadKing,TXN21000805,2026-02-28T09:32:00Z,2026-03-06T09:32:00Z,Cash on Delivery,In-Store,EUR,3,455.12,0.275,56.21,13.14,1059.24,166.3,0.157,WH-NA-02,6,Summit Logistics Group,359,0,2,3,0,12.7,2026-01-02
CUST120204,Barbara Green,47,Male,Consumer,Gold,USA,California,Los Angeles,North America,PRD21030,Pulsar Cameras 277,Electronics,Cameras,Pulsar,TXN21000806,2026-02-10T22:25:00Z,2026-02-19T22:25:00Z,Digital Wallet,Call Center,USD,1,811.1,0.123,61.3,5.02,777.65,137.72,0.1771,WH-LATAM-01,9,Summit Logistics Group,69,0,4,4,0,9.7,2026-01-02
CUST120944,Yuki Johnson,71,Male,Consumer,Gold,Canada,Quebec,Quebec City,North America,PRD20019,OrbitAI Security Cameras 112,Smart Home,Security Cameras,OrbitAI,TXN21000807,2026-02-26T16:45:00Z,2026-03-04T16:45:00Z,Bank Transfer,Mobile App,CAD,1,229.07,0.108,27.15,15.95,247.43,61.39,0.2481,WH-LATAM-01,6,Pinnacle Supply Co,159,0,4,4,0,4.2,2026-01-02
CUST118941,Mei Roberts,54,Male,Corporate,Silver,USA,Texas,Houston,North America,PRD20322,SummitPro Cycling 255,Sports & Outdoors,Cycling,SummitPro,TXN21000808,2026-02-20T00:11:00Z,2026-02-25T00:11:00Z,Gift Card,Online,USD,8,593.79,0.218,472.92,4.45,4192.12,1145.78,0.2733,WH-APAC-01,5,Vertex Distribution,504,0,5,8,1,5,2026-01-02
CUST122626,Lukas Brown,50,Female,Consumer,Silver,India,Delhi,New Delhi,Asia Pacific,PRD21353,Colton Womenswear 740,Apparel,Womenswear,Colton,TXN21000809,2026-02-07T00:00:00Z,2026-02-15T00:00:00Z,Cash on Delivery,Online,INR,2,82.68,0.278,16.56,15.58,151.53,42,0.2772,WH-EU-01,8,GlobalSource Ltd,285,0,4,5,1,8.6,2026-01-02
CUST113119,Priya Martinez,34,Non-Binary,Consumer,Bronze,France,Ile-de-France,Paris,Europe,PRD21368,PeakGear Fitness Equipment 914,Sports & Outdoors,Fitness Equipment,PeakGear,TXN21000810,2026-02-05T08:15:00Z,2026-02-13T08:15:00Z,Credit Card,Mobile App,EUR,3,96.59,0.165,17.31,12.69,271.96,85.25,0.3135,WH-EU-01,8,Meridian Traders,241,0,7,6,0,3.6,2026-01-02
CUST113012,Sarah Harris,20,Male,Consumer,Silver,Canada,British Columbia,Victoria,North America,PRD20626,AutoPro Accessories 562,Automotive,Accessories,AutoPro,TXN21000811,2026-02-05T10:39:00Z,2026-02-10T10:39:00Z,Credit Card,In-Store,CAD,3,518.42,0.154,242.24,10.65,1568.64,377.62,0.2407,WH-NA-01,5,Anchor Wholesale,343,1,9,6,1,5.6,2026-01-02
CUST107666,Susan Sanchez,43,Male,Consumer,Bronze,France,Provence,Marseille,Europe,PRD20022,Zentek Smart Lighting 688,Smart Home,Smart Lighting,Zentek,TXN21000812,2026-02-17T19:11:00Z,2026-02-26T19:11:00Z,Digital Wallet,Online,EUR,10,87.82,0.099,95.06,5.57,891.89,243.26,0.2727,WH-EU-01,9,Meridian Traders,251,0,3,11,0,6.6,2026-01-02
CUST113037,Arjun Singh,46,Male,Small Business,Gold,USA,California,San Francisco,North America,PRD21011,Cucina Appliances 680,Home & Kitchen,Appliances,Cucina,TXN21000813,2026-02-19T03:42:00Z,2026-02-23T03:42:00Z,Debit Card,Online,USD,2,739.53,0.071,191.44,14.82,1580.31,528.02,0.3341,WH-LATAM-01,4,Anchor Wholesale,557,0,4,4,0,14.7,2026-01-02
CUST118624,Ananya Torres,47,Male,Consumer,Silver,USA,California,Los Angeles,North America,PRD20617,Rally Cycling 595,Sports & Outdoors,Cycling,Rally,TXN21000814,2026-02-14T00:08:00Z,2026-02-22T00:08:00Z,Digital Wallet,Online,USD,4,221.78,0.045,152.7,4.06,1003.96,367.45,0.366,WH-EU-01,8,Meridian Traders,64,0,7,5,0,15,2026-01-02
CUST119035,Diego Sanchez,25,Female,Small Business,Silver,UK,Wales,Cardiff,Europe,PRD20960,FitWear Accessories 261,Apparel,Accessories,FitWear,TXN21000815,2026-02-09T01:36:00Z,2026-02-15T01:36:00Z,Digital Wallet,Call Center,GBP,3,14.44,0.131,3.06,8.15,48.86,17.37,0.3555,WH-NA-02,6,Meridian Traders,275,0,6,3,0,9.2,2026-01-02
CUST113051,Hannah Torres,38,Female,Home Office,Platinum,Canada,British Columbia,Vancouver,North America,PRD20746,FreshMart Beverages 433,Grocery,Beverages,FreshMart,TXN21000816,2026-02-03T00:48:00Z,2026-02-11T00:48:00Z,Credit Card,In-Store,CAD,4,57.51,0.025,21.64,4.02,249.95,56.82,0.2273,WH-NA-02,8,Anchor Wholesale,229,0,3,6,0,4.3,2026-01-02
CUST108594,Layla Garcia,60,Non-Binary,Small Business,Bronze,Germany,Bavaria,Munich,Europe,PRD20353,NestWell Appliances 307,Home & Kitchen,Appliances,NestWell,TXN21000817,2026-02-01T10:23:00Z,2026-02-07T10:23:00Z,Digital Wallet,In-Store,EUR,1,133.54,0.103,11.48,18.25,149.52,43.4,0.2903,WH-NA-02,6,Summit Logistics Group,339,0,4,1,0,13.5,2026-01-02
CUST100182,Arjun Mitchell,46,Female,Consumer,Bronze,USA,Texas,Dallas,North America,PRD20226,Bloom Makeup 338,Beauty & Personal Care,Makeup,Bloom,TXN21000818,2026-02-25T17:10:00Z,2026-03-01T17:10:00Z,Credit Card,In-Store,USD,1,26.9,0.162,4.25,6.97,33.76,11.91,0.3528,WH-EU-02,4,Summit Logistics Group,434,0,5,1,1,6.8,2026-01-02
CUST107033,William Singh,45,Male,Small Business,Silver,UK,England,London,Europe,PRD20099,FunLoop Action Figures 794,Toys & Games,Action Figures,FunLoop,TXN21000819,2026-02-28T06:57:00Z,2026-03-01T06:57:00Z,Cash on Delivery,In-Store,GBP,3,58.07,0.02,11.56,8.08,190.37,83.76,0.44,WH-APAC-01,1,Vertex Distribution,630,0,2,3,1,11.7,2026-01-02
CUST123533,Sarah Hall,19,Male,Consumer,Silver,Australia,Victoria,Melbourne,Asia Pacific,PRD20452,FunLoop Outdoor Toys 659,Toys & Games,Outdoor Toys,FunLoop,TXN21000820,2026-02-28T04:13:00Z,2026-03-06T04:13:00Z,Credit Card,Marketplace,AUD,3,101.21,0.107,28.58,6.37,306.09,119.57,0.3906,WH-APAC-02,6,Pinnacle Supply Co,266,0,7,6,0,7.2,2026-01-02
CUST101313,Patricia Robinson,44,Male,Consumer,Gold,Canada,British Columbia,Victoria,North America,PRD20602,Harvest Beverages 721,Grocery,Beverages,Harvest,TXN21000821,2026-02-01T18:00:00Z,2026-02-06T18:00:00Z,Cash on Delivery,Online,CAD,2,40.65,0.101,8.98,14.47,96.54,13.9,0.144,WH-NA-01,5,Meridian Traders,371,0,3,5,0,6,2026-01-02
CUST118472,Sofia Sanchez,34,Female,Corporate,Platinum,Japan,Kansai,Kyoto,Asia Pacific,PRD20459,Zentek Smart Speakers 201,Smart Home,Smart Speakers,Zentek,TXN21000822,2026-02-28T01:15:00Z,2026-03-03T01:15:00Z,Digital Wallet,Mobile App,JPY,3,324.93,0.213,67.48,11.49,846.13,158.89,0.1878,WH-EU-01,3,GlobalSource Ltd,592,0,4,4,1,29.5,2026-01-02
CUST114870,Ahmed Thomas,56,Male,Corporate,Gold,USA,Texas,Dallas,North America,PRD20786,Rally Fitness Equipment 200,Sports & Outdoors,Fitness Equipment,Rally,TXN21000823,2026-02-12T20:57:00Z,2026-02-20T20:57:00Z,Bank Transfer,Online,USD,3,158.4,0.102,69.06,6.83,502.62,169.74,0.3377,WH-LATAM-01,8,Vertex Distribution,183,0,2,3,0,3.6,2026-01-02
CUST114062,Yuki Moore,62,Female,Small Business,Silver,USA,California,Los Angeles,North America,PRD20760,Modique Womenswear 527,Apparel,Womenswear,Modique,TXN21000824,2026-02-08T05:16:00Z,2026-02-17T05:16:00Z,Digital Wallet,Online,USD,4,199.65,0.108,124.73,7.82,844.9,338.61,0.4008,WH-APAC-02,9,Vertex Distribution,85,0,7,4,0,14.5,2026-01-02
CUST112312,Ahmed Nguyen,41,Male,Consumer,Bronze,France,Ile-de-France,Paris,Europe,PRD20066,HomeSense Smart Speakers 683,Smart Home,Smart Speakers,HomeSense,TXN21000825,2026-02-17T06:37:00Z,2026-02-21T06:37:00Z,Digital Wallet,Online,EUR,4,402.51,0.119,252.34,6.23,1677.02,413.78,0.2467,WH-NA-01,4,GlobalSource Ltd,484,0,5,4,0,10.3,2026-01-02
CUST108895,David Roberts,52,Female,Home Office,Bronze,Canada,Ontario,Ottawa,North America,PRD21182,FitWear Accessories 510,Apparel,Accessories,FitWear,TXN21000826,2026-02-17T06:30:00Z,2026-02-21T06:30:00Z,Credit Card,Online,CAD,2,153.51,0.187,21.7,5.57,276.88,105.92,0.3825,WH-APAC-02,4,Pinnacle Supply Co,403,0,5,5,1,9.6,2026-01-02
CUST115656,Mateo Robinson,38,Female,Consumer,Silver,USA,Florida,Tampa,North America,PRD20533,PeakGear Fitness Equipment 114,Sports & Outdoors,Fitness Equipment,PeakGear,TXN21000827,2026-02-26T13:58:00Z,2026-03-04T13:58:00Z,Bank Transfer,Online,USD,4,344.85,0.151,64.6,6.6,1242.31,425.13,0.3422,WH-EU-01,6,Summit Logistics Group,341,0,4,5,1,3.8,2026-01-02
CUST105177,Ava Baker,29,Male,Consumer,Silver,France,Ile-de-France,Paris,Europe,PRD21058,FunLoop Action Figures 402,Toys & Games,Action Figures,FunLoop,TXN21000828,2026-02-23T22:16:00Z,2026-03-01T22:16:00Z,Debit Card,Online,EUR,4,121.49,0.069,87.1,11.29,550.82,209.84,0.381,WH-LATAM-01,6,Vertex Distribution,252,0,6,6,0,10.2,2026-01-02
CUST107030,Li Rodriguez,51,Male,Corporate,Bronze,Germany,Hesse,Frankfurt,Europe,PRD20248,FitWear Kidswear 417,Apparel,Kidswear,FitWear,TXN21000829,2026-02-09T17:48:00Z,2026-02-12T17:48:00Z,Digital Wallet,Online,EUR,1,59.9,0.176,6.32,15.41,71.09,21.32,0.2999,WH-LATAM-01,3,Summit Logistics Group,542,0,3,2,0,1.3,2026-01-02
CUST106789,Elizabeth Patel,45,Male,Corporate,Gold,Germany,Bavaria,Nuremberg,Europe,PRD20672,PeakGear Cycling 507,Sports & Outdoors,Cycling,PeakGear,TXN21000830,2026-02-16T16:08:00Z,2026-02-23T16:08:00Z,Digital Wallet,Online,EUR,3,260.74,0.086,36.27,2.88,754.1,291.92,0.3871,WH-APAC-01,7,Meridian Traders,256,0,5,3,1,6.1,2026-01-02
CUST119318,Ava Adams,39,Female,Corporate,Silver,Brazil,Sao Paulo,Campinas,Latin America,PRD20181,Cucina Decor 252,Home & Kitchen,Decor,Cucina,TXN21000831,2026-02-16T17:09:00Z,2026-02-23T17:09:00Z,Debit Card,Online,BRL,2,493.16,0.194,103.91,14.43,913.31,230.8,0.2527,WH-NA-01,7,Anchor Wholesale,209,0,5,4,1,9.5,2026-01-02
CUST113528,Lucas Flores,29,Male,Small Business,Platinum,India,Delhi,New Delhi,Asia Pacific,PRD20893,Zentek Smartphones 959,Electronics,Smartphones,Zentek,TXN21000832,2026-02-10T08:49:00Z,2026-02-17T08:49:00Z,Gift Card,In-Store,INR,4,408.24,0.162,179.74,5.45,1553.61,213.59,0.1375,WH-LATAM-01,7,Pinnacle Supply Co,381,0,3,7,1,6.4,2026-01-02
CUST116588,Ethan Robinson,25,Female,Small Business,Silver,Australia,Victoria,Geelong,Asia Pacific,PRD20489,Colton Menswear 860,Apparel,Menswear,Colton,TXN21000833,2026-02-23T12:48:00Z,2026-03-04T12:48:00Z,Digital Wallet,Online,AUD,6,135.96,0.122,121.85,6.83,844.92,334.46,0.3958,WH-LATAM-01,9,Meridian Traders,108,0,9,7,0,10.1,2026-01-02
CUST108051,Fatima Jones,59,Male,Home Office,Gold,USA,Florida,Miami,North America,PRD20007,PureGlow Skincare 411,Beauty & Personal Care,Skincare,PureGlow,TXN21000834,2026-02-04T16:58:00Z,2026-02-14T16:58:00Z,Gift Card,Online,USD,5,23.61,0.147,8.55,3.15,112.4,54.04,0.4808,WH-APAC-02,10,Summit Logistics Group,81,0,3,8,1,3.8,2026-01-02
CUST110353,Emma Miller,28,Male,Small Business,Silver,India,Maharashtra,Mumbai,Asia Pacific,PRD21307,Brava Womenswear 937,Apparel,Womenswear,Brava,TXN21000835,2026-02-09T13:17:00Z,2026-02-14T13:17:00Z,Credit Card,Mobile App,INR,4,181.26,0.171,76.33,1.89,679.28,261.74,0.3853,WH-APAC-01,5,Summit Logistics Group,423,1,4,6,0,2.5,2026-01-02
CUST111267,John Johnson,32,Male,Small Business,Gold,France,Provence,Marseille,Europe,PRD20420,TechNova Smartphones 349,Electronics,Smartphones,TechNova,TXN21000836,2026-02-10T13:09:00Z,2026-02-15T13:09:00Z,Debit Card,In-Store,EUR,5,1407.2,0.035,941.86,8.72,7740.32,1813.88,0.2343,WH-EU-02,5,GlobalSource Ltd,296,0,6,8,0,6,2026-01-02
CUST100117,Emma Davis,51,Male,Consumer,Platinum,France,Provence,Nice,Europe,PRD20581,Bloom Skincare 537,Beauty & Personal Care,Skincare,Bloom,TXN21000837,2026-02-03T04:08:00Z,2026-02-10T04:08:00Z,Credit Card,Online,EUR,5,34.83,0.179,11.87,5.45,160.3,74.15,0.4626,WH-EU-02,7,Summit Logistics Group,157,0,3,8,1,4.6,2026-01-02
CUST105745,John Clark,45,Male,Home Office,Silver,Germany,Berlin,Berlin,Europe,PRD21237,Brava Accessories 982,Apparel,Accessories,Brava,TXN21000838,2026-02-09T01:30:00Z,2026-02-16T01:30:00Z,Digital Wallet,In-Store,EUR,3,164.02,0.138,42.13,13.06,479.35,193.87,0.4044,WH-EU-01,7,Pinnacle Supply Co,268,0,4,6,0,15.3,2026-01-02
CUST123716,Lucas Williams,70,Male,Consumer,Platinum,France,Ile-de-France,Paris,Europe,PRD21289,DailyGoods Fresh Produce 296,Grocery,Fresh Produce,DailyGoods,TXN21000839,2026-02-08T06:12:00Z,2026-02-12T06:12:00Z,Bank Transfer,Mobile App,EUR,3,16.26,0.168,7.21,14.35,62.14,5.07,0.0816,WH-LATAM-01,4,Anchor Wholesale,577,0,5,4,0,10.6,2026-01-02
CUST114043,Layla Martinez,34,Male,Consumer,Gold,India,Maharashtra,Pune,Asia Pacific,PRD20477,Bloom Fragrance 623,Beauty & Personal Care,Fragrance,Bloom,TXN21000840,2026-02-06T00:37:00Z,2026-02-13T00:37:00Z,Debit Card,Online,INR,5,173.07,0.055,154.24,3.78,975.78,475.77,0.4876,WH-NA-02,7,Vertex Distribution,444,0,4,5,0,9.2,2026-01-02
CUST119794,Haruto Jackson,33,Male,Consumer,Silver,France,Provence,Marseille,Europe,PRD21278,Orion Headphones 515,Electronics,Headphones,Orion,TXN21000841,2026-02-03T16:48:00Z,2026-02-10T16:48:00Z,Cash on Delivery,Online,EUR,5,478.93,0.133,365.1,2.36,2443.62,382.67,0.1566,WH-EU-01,7,Vertex Distribution,106,0,5,6,0,20.6,2026-01-02
CUST123166,Thomas Baker,45,Female,Corporate,Gold,Germany,Berlin,Berlin,Europe,PRD21166,AromaCo Fragrance 470,Beauty & Personal Care,Fragrance,AromaCo,TXN21000842,2026-02-04T01:15:00Z,2026-02-09T01:15:00Z,Debit Card,Online,EUR,3,99.94,0.142,30.92,11.47,299.64,138.76,0.4631,WH-APAC-01,5,Meridian Traders,349,0,5,4,0,4.4,2026-01-02
CUST110001,Priya Carter,56,Male,Consumer,Bronze,Vietnam,Ho Chi Minh,Ho Chi Minh City,Asia Pacific,PRD20652,BrainBox Puzzles 979,Toys & Games,Puzzles,BrainBox,TXN21000843,2026-02-19T15:53:00Z,2026-02-23T15:53:00Z,Bank Transfer,Online,VND,2,54.75,0.209,12.43,6.07,105.11,31.95,0.304,WH-EU-02,4,Meridian Traders,491,0,5,4,1,10.4,2026-01-02
CUST123463,Thomas Allen,38,Male,Consumer,Bronze,Mexico,CDMX,Mexico City,Latin America,PRD20021,Modique Womenswear 914,Apparel,Womenswear,Modique,TXN21000844,2026-02-18T03:29:00Z,2026-02-24T03:29:00Z,Digital Wallet,Online,MXN,4,14.09,0.181,8.91,7.73,62.8,19.78,0.315,WH-EU-01,6,Pinnacle Supply Co,449,1,4,6,1,14,2026-01-02
CUST101871,Karen Ramirez,26,Female,Consumer,Bronze,UK,Scotland,Edinburgh,Europe,PRD20069,TechNova Laptops 814,Electronics,Laptops,TechNova,TXN21000845,2026-02-08T15:11:00Z,2026-02-12T15:11:00Z,Digital Wallet,In-Store,GBP,3,240.05,0.269,57.57,7.02,591.02,17.14,0.029,WH-NA-01,4,Pinnacle Supply Co,528,0,5,4,1,7.7,2026-01-02
CUST106665,Lucas Moore,48,Male,Consumer,Gold,Brazil,Rio de Janeiro,Rio de Janeiro City,Latin America,PRD20844,ActivFlex Footwear 460,Sports & Outdoors,Footwear,ActivFlex,TXN21000846,2026-02-14T01:31:00Z,2026-02-21T01:31:00Z,Credit Card,Mobile App,BRL,1,48.76,0.2,2.37,14.81,56.19,12.64,0.225,WH-APAC-02,7,Meridian Traders,287,0,6,1,1,11.6,2026-01-02
CUST109164,William Baker,46,Female,Small Business,Bronze,USA,California,San Francisco,North America,PRD20050,TechNova Cameras 145,Electronics,Cameras,TechNova,TXN21000847,2026-02-07T19:34:00Z,2026-02-16T19:34:00Z,Debit Card,Online,USD,4,1419.18,0.168,316.24,7.42,5046.69,708.45,0.1404,WH-LATAM-01,9,Vertex Distribution,75,0,8,7,1,3.6,2026-01-02
CUST123835,Richard Thompson,55,Male,Consumer,Bronze,USA,Texas,Austin,North America,PRD20264,BrainBox Puzzles 895,Toys & Games,Puzzles,BrainBox,TXN21000848,2026-02-28T10:32:00Z,2026-03-06T10:32:00Z,Cash on Delivery,Online,USD,2,83.1,0.185,19.5,11.14,166.09,52.49,0.316,WH-EU-02,6,Summit Logistics Group,422,0,8,4,1,6.3,2026-01-02
CUST108001,Robert Mitchell,34,Male,Consumer,Bronze,France,Ile-de-France,Paris,Europe,PRD20854,Domus Decor 797,Home & Kitchen,Decor,Domus,TXN21000849,2026-02-23T05:36:00Z,2026-03-02T05:36:00Z,Digital Wallet,In-Store,EUR,1,174.1,0.085,16.11,15.37,190.78,59.72,0.313,WH-EU-01,7,GlobalSource Ltd,201,0,4,2,1,9.2,2026-01-02
CUST102020,Joseph Carter,38,Female,Consumer,Bronze,Japan,Kansai,Osaka,Asia Pacific,PRD20168,TorqueTech Accessories 722,Automotive,Accessories,TorqueTech,TXN21000850,2026-02-23T01:56:00Z,2026-02-26T01:56:00Z,Digital Wallet,Online,JPY,3,85.38,0.07,24.15,7.78,270.14,83.71,0.3099,WH-NA-01,3,Pinnacle Supply Co,615,0,7,6,0,12.1,2026-01-02
CUST101656,Thomas Martin,29,Female,Small Business,Bronze,India,Maharashtra,Pune,Asia Pacific,PRD20294,Zentek Security Cameras 247,Smart Home,Security Cameras,Zentek,TXN21000851,2026-02-16T02:30:00Z,2026-02-25T02:30:00Z,Credit Card,Mobile App,INR,3,168.84,0.006,79.95,12.09,595.52,187.41,0.3147,WH-APAC-01,9,Summit Logistics Group,127,0,5,5,1,11.4,2026-01-02
CUST103832,Mei Martin,26,Male,Consumer,Bronze,USA,New York,Albany,North America,PRD20769,AromaCo Wellness 540,Beauty & Personal Care,Wellness,AromaCo,TXN21000852,2026-02-15T15:07:00Z,2026-02-23T15:07:00Z,Bank Transfer,Mobile App,USD,1,108.25,0.186,13.78,19.1,121,45.34,0.3747,WH-LATAM-01,8,Anchor Wholesale,125,0,3,2,1,9.3,2026-01-02
CUST104223,Susan Walker,47,Male,Small Business,Silver,Canada,Quebec,Quebec City,North America,PRD20978,Zentek Laptops 889,Electronics,Laptops,Zentek,TXN21000853,2026-02-21T19:55:00Z,2026-03-01T19:55:00Z,Credit Card,In-Store,CAD,1,452.84,0.156,20.66,15.41,418.27,61.95,0.1481,WH-NA-02,8,Vertex Distribution,272,0,4,1,1,8.1,2026-01-02
CUST105116,Karen Scott,57,Non-Binary,Small Business,Bronze,Germany,Berlin,Berlin,Europe,PRD20680,Orion Tablets 611,Electronics,Tablets,Orion,TXN21000854,2026-02-09T13:52:00Z,2026-02-15T13:52:00Z,Credit Card,Mobile App,EUR,6,1508.62,0.107,404.37,6.81,8494.37,1681.81,0.198,WH-NA-01,6,Meridian Traders,261,0,3,8,0,13.5,2026-01-02
CUST102508,Noah Rodriguez,19,Female,Small Business,Platinum,France,Provence,Marseille,Europe,PRD21360,Harvest Beverages 141,Grocery,Beverages,Harvest,TXN21000855,2026-02-19T16:48:00Z,2026-02-27T16:48:00Z,Digital Wallet,Call Center,EUR,4,34.24,0.074,13.84,10.62,151.28,27.12,0.1793,WH-EU-01,8,Pinnacle Supply Co,231,0,4,4,0,7,2026-01-02
CUST105332,Emma Miller,35,Male,Small Business,Silver,USA,Florida,Orlando,North America,PRD21146,GearHead Electronics 119,Automotive,Electronics,GearHead,TXN21000856,2026-02-02T11:47:00Z,2026-02-10T11:47:00Z,Credit Card,In-Store,USD,5,518.74,0.137,154.49,5.31,2398.16,673.84,0.281,WH-NA-01,8,GlobalSource Ltd,209,0,6,6,0,7.8,2026-01-02
CUST108274,Charles Wright,39,Female,Consumer,Silver,USA,New York,Albany,North America,PRD21198,BrainBox Educational 966,Toys & Games,Educational,BrainBox,TXN21000857,2026-02-24T03:40:00Z,2026-02-28T03:40:00Z,Bank Transfer,Online,USD,3,23.49,0.018,3.74,10.39,83.33,34.02,0.4083,WH-NA-01,4,Summit Logistics Group,462,0,8,6,0,10.6,2026-01-02
CUST104322,Michael Jackson,37,Female,Consumer,Bronze,USA,Florida,Miami,North America,PRD21064,RoadKing Tires 253,Automotive,Tires,RoadKing,TXN21000858,2026-02-27T04:48:00Z,2026-02-28T04:48:00Z,Credit Card,Online,USD,6,258.37,0.043,200.53,7.47,1691.56,548.47,0.3242,WH-NA-01,1,Summit Logistics Group,597,0,5,6,0,4.1,2026-01-02
CUST112746,Isabella Kumar,59,Female,Small Business,Gold,Brazil,Rio de Janeiro,Rio de Janeiro City,Latin America,PRD20959,Orion Smartphones 290,Electronics,Smartphones,Orion,TXN21000859,2026-02-14T14:36:00Z,2026-02-20T14:36:00Z,Debit Card,Online,BRL,3,554.72,0.039,306.6,6.02,1911.88,422.36,0.2209,WH-EU-01,6,GlobalSource Ltd,372,0,8,6,0,25.6,2026-01-02
CUST114286,Michael Ramirez,47,Female,Corporate,Bronze,France,Provence,Marseille,Europe,PRD20216,Modique Footwear 710,Apparel,Footwear,Modique,TXN21000860,2026-02-15T20:22:00Z,2026-02-24T20:22:00Z,Cash on Delivery,Mobile App,EUR,3,84.92,0.233,31.6,14.33,241.33,76.17,0.3156,WH-NA-02,9,GlobalSource Ltd,146,0,6,4,1,10.4,2026-01-02
CUST107817,Li Ramirez,44,Female,Corporate,Gold,USA,New York,New York City,North America,PRD21308,PlayWorks Outdoor Toys 197,Toys & Games,Outdoor Toys,PlayWorks,TXN21000861,2026-02-12T02:12:00Z,2026-02-23T02:12:00Z,Bank Transfer,Online,USD,2,37.32,0.141,4.89,12.46,81.47,26.86,0.3297,WH-LATAM-01,11,Meridian Traders,40,1,6,2,0,9.6,2026-01-02
CUST107364,Susan Thomas,58,Male,Consumer,Platinum,USA,New York,Buffalo,North America,PRD20418,TechNova Laptops 332,Electronics,Laptops,TechNova,TXN21000862,2026-02-11T20:44:00Z,2026-02-17T20:44:00Z,Debit Card,Online,USD,3,459.53,0.144,181.72,1.91,1363.7,205.13,0.1504,WH-EU-02,6,Anchor Wholesale,314,0,4,4,0,22,2026-01-02
CUST104812,Emma Walker,32,Female,Corporate,Silver,Australia,New South Wales,Sydney,Asia Pacific,PRD20598,Pulsar Laptops 996,Electronics,Laptops,Pulsar,TXN21000863,2026-02-10T21:30:00Z,2026-02-13T21:30:00Z,Digital Wallet,In-Store,AUD,1,341.91,0.11,19.31,23.51,347.12,62.5,0.1801,WH-APAC-02,3,Vertex Distribution,647,1,7,4,0,11.9,2026-01-02
CUST108866,Ananya Hill,62,Male,Consumer,Silver,Mexico,CDMX,Mexico City,Latin America,PRD20319,Sonyx Laptops 581,Electronics,Laptops,Sonyx,TXN21000864,2026-02-02T15:12:00Z,2026-02-09T15:12:00Z,Cash on Delivery,Online,MXN,2,284.96,0.144,80.75,5.74,574.34,84.8,0.1476,WH-EU-01,7,Vertex Distribution,89,0,1,3,1,8.5,2026-01-02
CUST111119,Richard Clark,34,Female,Small Business,Silver,UK,Wales,Cardiff,Europe,PRD20990,AromaCo Makeup 406,Beauty & Personal Care,Makeup,AromaCo,TXN21000865,2026-02-11T12:55:00Z,2026-02-16T12:55:00Z,Credit Card,Online,GBP,2,116.14,0.238,26.39,14.6,217.99,85.2,0.3908,WH-LATAM-01,5,Vertex Distribution,552,1,6,2,1,11.8,2026-01-02
CUST107004,Sarah Rodriguez,47,Female,Corporate,Bronze,Japan,Kansai,Osaka,Asia Pacific,PRD20399,DriveMax Tools 698,Automotive,Tools,DriveMax,TXN21000866,2026-02-10T17:57:00Z,2026-02-14T17:57:00Z,Cash on Delivery,Online,JPY,1,301.8,0.239,20.55,10.02,260.24,47.62,0.183,WH-APAC-02,4,Summit Logistics Group,639,0,6,1,1,12.3,2026-01-02
CUST121829,Thomas Miller,62,Female,Consumer,Bronze,Japan,Kanto,Tokyo,Asia Pacific,PRD21096,Domus Decor 650,Home & Kitchen,Decor,Domus,TXN21000867,2026-02-13T01:08:00Z,2026-02-15T01:08:00Z,Bank Transfer,In-Store,JPY,5,314.36,0.107,229.5,7.14,1640.26,504.55,0.3076,WH-APAC-02,2,Vertex Distribution,631,0,2,7,1,11.5,2026-01-02
CUST114328,William Young,39,Female,Corporate,Platinum,Japan,Kanto,Yokohama,Asia Pacific,PRD20188,GearHead Electronics 393,Automotive,Electronics,GearHead,TXN21000868,2026-02-09T13:19:00Z,2026-02-13T13:19:00Z,Credit Card,In-Store,JPY,2,116.7,0.228,34.05,17.06,231.29,39.4,0.1703,WH-NA-02,4,GlobalSource Ltd,423,0,10,3,1,8.5,2026-01-02
CUST120031,Ethan Kumar,48,Female,Consumer,Bronze,Brazil,Rio de Janeiro,Rio de Janeiro City,Latin America,PRD21175,Pulsar Cameras 267,Electronics,Cameras,Pulsar,TXN21000869,2026-02-20T00:27:00Z,2026-02-24T00:27:00Z,Bank Transfer,Online,BRL,1,1370.18,0.073,245.85,6.57,1522.58,301.17,0.1978,WH-APAC-01,4,Pinnacle Supply Co,373,0,3,3,1,13.6,2026-01-02
CUST123211,Olivia Brown,31,Female,Consumer,Bronze,Australia,Victoria,Geelong,Asia Pacific,PRD21160,Brava Kidswear 180,Apparel,Kidswear,Brava,TXN21000870,2026-02-25T21:10:00Z,2026-03-04T21:10:00Z,Credit Card,In-Store,AUD,2,93.51,0.052,16.21,6.05,199.55,89.77,0.4499,WH-EU-02,7,Meridian Traders,219,0,9,3,0,8.6,2026-01-02
CUST115575,Priya Jones,49,Male,Consumer,Gold,USA,New York,Albany,North America,PRD20623,BrainBox Outdoor Toys 992,Toys & Games,Outdoor Toys,BrainBox,TXN21000871,2026-02-25T20:20:00Z,2026-03-01T20:20:00Z,Debit Card,Mobile App,USD,2,34.38,0.025,4.49,8.53,80.06,32.72,0.4087,WH-APAC-01,4,Vertex Distribution,559,0,3,3,0,5.4,2026-01-02
CUST103656,Liam Clark,52,Male,Small Business,Bronze,Germany,Berlin,Berlin,Europe,PRD21308,PlayWorks Outdoor Toys 197,Toys & Games,Outdoor Toys,PlayWorks,TXN21000872,2026-02-17T07:23:00Z,2026-02-25T07:23:00Z,Debit Card,Online,EUR,4,35.69,0.019,12.89,2.02,154.96,68.78,0.4439,WH-EU-01,8,Anchor Wholesale,248,0,5,6,0,13.3,2026-01-02
CUST113531,Hannah Hill,40,Male,Consumer,Bronze,Germany,Hesse,Frankfurt,Europe,PRD20184,TechNova Smartphones 458,Electronics,Smartphones,TechNova,TXN21000873,2026-02-02T01:01:00Z,2026-02-10T01:01:00Z,Debit Card,Online,EUR,3,850.5,0.092,129.47,2.16,2448.39,512.34,0.2093,WH-APAC-02,8,GlobalSource Ltd,253,0,5,6,0,6.4,2026-01-02
CUST111682,Richard Wright,42,Female,Corporate,Platinum,Canada,Ontario,Toronto,North America,PRD21104,PlayWorks Action Figures 966,Toys & Games,Action Figures,PlayWorks,TXN21000874,2026-02-12T11:56:00Z,2026-02-21T11:56:00Z,Debit Card,Online,CAD,3,81.05,0.113,14.63,2,232.3,94.29,0.4059,WH-APAC-01,9,Vertex Distribution,244,0,6,4,1,6.6,2026-01-02
CUST107109,Sarah Sanchez,29,Female,Small Business,Bronze,Australia,Victoria,Geelong,Asia Pacific,PRD21109,Bloom Haircare 248,Beauty & Personal Care,Haircare,Bloom,TXN21000875,2026-02-26T10:45:00Z,2026-03-06T10:45:00Z,Digital Wallet,Online,AUD,6,137.48,0.038,107.16,5.11,905.8,467.54,0.5162,WH-LATAM-01,8,Meridian Traders,250,0,4,6,1,11.1,2026-01-02
CUST108768,Michael Williams,50,Male,Consumer,Silver,USA,Florida,Miami,North America,PRD21167,Orchard Snacks 422,Grocery,Snacks,Orchard,TXN21000876,2026-02-01T11:18:00Z,2026-02-09T11:18:00Z,Bank Transfer,Online,USD,2,60.9,0.094,5.88,6.96,123.19,21.68,0.176,WH-NA-01,8,Vertex Distribution,150,0,6,4,0,9.5,2026-01-02
CUST120396,Mary Campbell,18,Male,Consumer,Bronze,Australia,Victoria,Geelong,Asia Pacific,PRD20280,KidJoy Puzzles 530,Toys & Games,Puzzles,KidJoy,TXN21000877,2026-02-03T17:30:00Z,2026-02-11T17:30:00Z,Credit Card,In-Store,AUD,3,96.63,0.107,44.88,4.94,308.69,114.16,0.3698,WH-EU-01,8,GlobalSource Ltd,182,0,7,6,1,14.5,2026-01-02
CUST107876,Charles Lewis,30,Male,Consumer,Bronze,Germany,Hesse,Frankfurt,Europe,PRD20760,Modique Womenswear 527,Apparel,Womenswear,Modique,TXN21000878,2026-02-04T18:26:00Z,2026-02-08T18:26:00Z,Digital Wallet,In-Store,EUR,6,205.85,0.145,163.99,1.78,1221.78,477.98,0.3912,WH-APAC-02,4,Anchor Wholesale,475,0,2,8,1,13.3,2026-01-02
CUST120950,Mary Baker,51,Female,Consumer,Gold,Brazil,Rio de Janeiro,Rio de Janeiro City,Latin America,PRD21043,Orion Cameras 547,Electronics,Cameras,Orion,TXN21000879,2026-02-24T18:45:00Z,2026-02-28T18:45:00Z,Digital Wallet,In-Store,BRL,3,570.75,0.052,286.96,13.98,1924.15,412.31,0.2143,WH-LATAM-01,4,GlobalSource Ltd,602,0,11,6,0,11.5,2026-01-02
CUST123812,Joseph Williams,65,Male,Small Business,Gold,Mexico,Jalisco,Guadalajara,Latin America,PRD20968,NestWell Security Cameras 737,Smart Home,Security Cameras,NestWell,TXN21000880,2026-02-09T01:28:00Z,2026-02-11T01:28:00Z,Gift Card,Online,MXN,5,167.53,0.079,86.59,5.71,863.78,248.78,0.288,WH-NA-02,2,GlobalSource Ltd,492,0,5,5,1,9.6,2026-01-02
CUST102019,Li Singh,29,Male,Small Business,Gold,Germany,Hesse,Frankfurt,Europe,PRD20505,Modique Menswear 510,Apparel,Menswear,Modique,TXN21000881,2026-02-21T04:49:00Z,2026-02-25T04:49:00Z,Debit Card,In-Store,EUR,2,124.82,0.101,38.21,4.71,267.35,107.59,0.4024,WH-LATAM-01,4,Anchor Wholesale,602,0,3,2,0,6.4,2026-01-02
CUST123267,Mei Rodriguez,36,Male,Consumer,Bronze,USA,Florida,Tampa,North America,PRD20832,TechNova Smartphones 318,Electronics,Smartphones,TechNova,TXN21000882,2026-02-11T12:07:00Z,2026-02-18T12:07:00Z,Credit Card,In-Store,USD,4,1569.38,0.203,546.92,6.57,5556.67,563.72,0.1014,WH-EU-01,7,Anchor Wholesale,269,0,4,5,1,10.5,2026-01-02
CUST119285,Susan Adams,42,Male,Small Business,Gold,USA,California,San Francisco,North America,PRD20471,FitWear Accessories 149,Apparel,Accessories,FitWear,TXN21000883,2026-02-10T00:48:00Z,2026-02-17T00:48:00Z,Digital Wallet,Marketplace,USD,8,105.9,0.031,154.66,3.05,978.65,424.45,0.4337,WH-NA-01,7,Vertex Distribution,279,0,2,9,0,4.1,2026-01-02
CUST107217,William Thomas,57,Male,Home Office,Bronze,Germany,Bavaria,Nuremberg,Europe,PRD20532,Modique Menswear 418,Apparel,Menswear,Modique,TXN21000884,2026-02-12T12:23:00Z,2026-02-20T12:23:00Z,Debit Card,Mobile App,EUR,6,57.04,0.181,30.56,6.03,316.88,120.13,0.3791,WH-APAC-01,8,Meridian Traders,501,0,2,9,1,2.8,2026-01-02
CUST101803,Ahmed Robinson,62,Female,Corporate,Bronze,France,Provence,Marseille,Europe,PRD20202,FreshMart Beverages 918,Grocery,Beverages,FreshMart,TXN21000885,2026-02-02T04:20:00Z,2026-02-07T04:20:00Z,Bank Transfer,Call Center,EUR,5,26.99,0.187,21,8.65,139.36,11.47,0.0823,WH-EU-02,5,Vertex Distribution,317,0,5,5,1,5,2026-01-02
CUST112919,Jessica Smith,32,Female,Consumer,Bronze,Vietnam,Hanoi,Hanoi City,Asia Pacific,PRD20063,NestWell Security Cameras 208,Smart Home,Security Cameras,NestWell,TXN21000886,2026-02-03T20:09:00Z,2026-02-11T20:09:00Z,Digital Wallet,In-Store,VND,3,408.03,0.03,114.78,5.12,1307.27,423.54,0.324,WH-APAC-02,8,GlobalSource Ltd,71,0,4,4,1,3.6,2026-01-02
CUST100468,Mei Green,26,Male,Consumer,Silver,Germany,Berlin,Berlin,Europe,PRD21253,BrainBox Action Figures 716,Toys & Games,Action Figures,BrainBox,TXN21000887,2026-02-11T22:18:00Z,2026-02-15T22:18:00Z,Credit Card,Online,EUR,1,35.19,0.108,4.54,23.87,59.8,13.82,0.2311,WH-LATAM-01,4,Pinnacle Supply Co,454,0,4,1,0,9.4,2026-01-02
CUST108486,Patricia Hall,54,Male,Consumer,Gold,UK,Scotland,Glasgow,Europe,PRD21159,AromaCo Haircare 335,Beauty & Personal Care,Haircare,AromaCo,TXN21000888,2026-02-15T08:21:00Z,2026-02-24T08:21:00Z,Debit Card,Mobile App,GBP,2,164.41,0.179,13.58,11.83,295.37,140.01,0.474,WH-APAC-01,9,Vertex Distribution,108,0,4,3,0,3.9,2026-01-02
CUST103645,Isabella Walker,61,Male,Corporate,Bronze,UK,Wales,Cardiff,Europe,PRD20333,PureGlow Wellness 925,Beauty & Personal Care,Wellness,PureGlow,TXN21000889,2026-02-09T23:52:00Z,2026-02-18T23:52:00Z,Credit Card,In-Store,GBP,2,117.49,0.16,38.85,14.27,250.5,104.52,0.4172,WH-NA-02,9,GlobalSource Ltd,61,0,3,3,0,6.1,2026-01-02
CUST117142,Liam Scott,18,Female,Consumer,Silver,Canada,Ontario,Toronto,North America,PRD20997,UrbanThread Menswear 515,Apparel,Menswear,UrbanThread,TXN21000890,2026-02-08T03:49:00Z,2026-02-13T03:49:00Z,Credit Card,In-Store,CAD,2,79.91,0.144,8.64,15.17,160.62,62.01,0.3861,WH-EU-01,5,Pinnacle Supply Co,403,0,4,2,0,15.8,2026-01-02
CUST122744,Jennifer Jackson,43,Male,Consumer,Gold,USA,New York,Albany,North America,PRD20815,ActivFlex Camping 444,Sports & Outdoors,Camping,ActivFlex,TXN21000891,2026-02-26T18:12:00Z,2026-03-05T18:12:00Z,Debit Card,Online,USD,5,78.35,0.044,34.09,8.41,417.01,162.65,0.39,WH-LATAM-01,7,Summit Logistics Group,134,0,5,5,1,17,2026-01-02
CUST123463,Thomas Allen,38,Male,Consumer,Bronze,Mexico,CDMX,Mexico City,Latin America,PRD20117,Zentek Smartphones 942,Electronics,Smartphones,Zentek,TXN21000892,2026-02-16T07:39:00Z,2026-02-20T07:39:00Z,Debit Card,Mobile App,MXN,5,814.37,0.142,284.02,3.2,3780.87,614.03,0.1624,WH-APAC-01,4,Vertex Distribution,580,0,4,5,0,22.2,2026-01-02
CUST110090,Yuki Patel,31,Female,Corporate,Bronze,USA,Florida,Orlando,North America,PRD20549,TechNova Tablets 375,Electronics,Tablets,TechNova,TXN21000893,2026-02-26T10:20:00Z,2026-03-07T10:20:00Z,Digital Wallet,In-Store,USD,5,686.02,0.238,352.45,1.4,2967.59,187.97,0.0633,WH-NA-02,9,Pinnacle Supply Co,79,0,7,7,1,6.1,2026-01-02
CUST106929,Susan Allen,36,Male,Corporate,Silver,India,Maharashtra,Pune,Asia Pacific,PRD21360,Harvest Beverages 141,Grocery,Beverages,Harvest,TXN21000894,2026-02-03T18:29:00Z,2026-02-08T18:29:00Z,Credit Card,In-Store,INR,3,33.5,0.208,12.75,4.08,96.43,6.43,0.0667,WH-EU-02,5,Pinnacle Supply Co,362,0,6,6,1,3.2,2026-01-02
CUST123190,Valentina Lewis,40,Female,Consumer,Silver,Australia,Victoria,Geelong,Asia Pacific,PRD20116,AromaCo Makeup 235,Beauty & Personal Care,Makeup,AromaCo,TXN21000895,2026-02-20T04:10:00Z,2026-02-26T04:10:00Z,Debit Card,Online,AUD,8,11.84,0.182,8.88,7.38,93.74,40.05,0.4272,WH-APAC-01,6,Summit Logistics Group,449,0,6,9,0,3.4,2026-01-02
CUST108467,Susan Hill,44,Male,Small Business,Silver,USA,Florida,Miami,North America,PRD21275,RoadKing Accessories 268,Automotive,Accessories,RoadKing,TXN21000896,2026-02-25T17:43:00Z,2026-03-04T17:43:00Z,Credit Card,Mobile App,USD,3,423.79,0.102,90.22,3.53,1235.44,374.8,0.3034,WH-LATAM-01,7,Anchor Wholesale,81,0,7,3,0,12.5,2026-01-02
CUST106977,Mary Williams,53,Female,Home Office,Platinum,UK,Scotland,Edinburgh,Europe,PRD21192,Zentek Headphones 441,Electronics,Headphones,Zentek,TXN21000897,2026-02-26T13:29:00Z,2026-03-01T13:29:00Z,Bank Transfer,Online,GBP,7,314.99,0.09,377.22,5.84,2389.55,447.16,0.1871,WH-APAC-01,3,GlobalSource Ltd,619,0,4,10,0,9.8,2026-01-02
CUST112459,John Clark,32,Female,Small Business,Platinum,USA,New York,New York City,North America,PRD21223,AromaCo Wellness 583,Beauty & Personal Care,Wellness,AromaCo,TXN21000898,2026-02-18T14:59:00Z,2026-02-25T14:59:00Z,Digital Wallet,Mobile App,USD,5,143.15,0.06,44.85,5.61,723.26,389.94,0.5391,WH-NA-01,7,GlobalSource Ltd,299,0,6,6,0,17.3,2026-01-02
CUST101653,Richard Adams,41,Male,Corporate,Bronze,Canada,Quebec,Quebec City,North America,PRD20753,Pulsar Cameras 766,Electronics,Cameras,Pulsar,TXN21000899,2026-02-15T04:37:00Z,2026-02-23T04:37:00Z,Gift Card,Online,CAD,2,1095.86,0.102,133.68,4.8,2106.64,418.18,0.1985,WH-EU-01,8,Anchor Wholesale,85,0,7,5,0,17.4,2026-01-02
CUST119218,Joseph Garcia,41,Female,Corporate,Gold,UK,England,Manchester,Europe,PRD20933,SummitPro Team Sports 923,Sports & Outdoors,Team Sports,SummitPro,TXN21000900,2026-02-06T01:29:00Z,2026-02-14T01:29:00Z,Bank Transfer,Marketplace,GBP,4,240.73,0.033,150.05,9.48,1090.67,410.4,0.3763,WH-NA-01,8,Anchor Wholesale,284,1,3,6,0,9,2026-01-02
CUST122788,Hannah Sanchez,50,Female,Corporate,Platinum,UK,England,Manchester,Europe,PRD20278,Brava Kidswear 901,Apparel,Kidswear,Brava,TXN21000901,2026-02-21T16:06:00Z,2026-02-24T16:06:00Z,Cash on Delivery,Mobile App,GBP,3,110.84,0.161,50.93,8.45,338.36,123.36,0.3646,WH-NA-01,3,Pinnacle Supply Co,621,0,1,4,0,4.4,2026-01-02
CUST119968,Mia Lewis,43,Female,Consumer,Gold,Germany,Bavaria,Munich,Europe,PRD21179,Rally Team Sports 325,Sports & Outdoors,Team Sports,Rally,TXN21000902,2026-02-23T00:50:00Z,2026-02-27T00:50:00Z,Debit Card,Marketplace,EUR,2,32.81,0.147,3.9,12.18,72.05,20.49,0.2844,WH-EU-01,4,Vertex Distribution,547,0,3,5,0,7.7,2026-01-02
CUST117110,James Perez,39,Male,Consumer,Bronze,Vietnam,Ho Chi Minh,Ho Chi Minh City,Asia Pacific,PRD20226,Bloom Makeup 338,Beauty & Personal Care,Makeup,Bloom,TXN21000903,2026-02-08T01:51:00Z,2026-02-15T01:51:00Z,Credit Card,Online,VND,5,26.54,0.056,16.59,1.68,143.54,72.83,0.5074,WH-NA-01,7,Meridian Traders,238,0,2,7,0,7.1,2026-01-02
CUST116967,Arjun Walker,51,Female,Small Business,Silver,USA,California,San Francisco,North America,PRD20489,Colton Menswear 860,Apparel,Menswear,Colton,TXN21000904,2026-02-17T07:42:00Z,2026-02-20T07:42:00Z,Digital Wallet,Online,USD,4,137.77,0.218,78.93,6.73,516.6,173.04,0.335,WH-EU-01,3,GlobalSource Ltd,629,0,3,6,1,12.9,2026-01-02
CUST111103,Jennifer Wright,39,Female,Consumer,Bronze,India,Maharashtra,Pune,Asia Pacific,PRD20235,Brava Kidswear 370,Apparel,Kidswear,Brava,TXN21000905,2026-02-28T13:45:00Z,2026-03-06T13:45:00Z,Credit Card,Mobile App,INR,4,36.6,0.14,23.78,12.07,161.75,57.39,0.3548,WH-EU-01,6,Vertex Distribution,302,1,4,4,0,9.4,2026-01-02
CUST102416,Patricia Rivera,49,Male,Consumer,Silver,India,Delhi,New Delhi,Asia Pacific,PRD20003,Sonyx Cameras 546,Electronics,Cameras,Sonyx,TXN21000906,2026-02-05T19:57:00Z,2026-02-14T19:57:00Z,Debit Card,Online,INR,1,1578.6,0.1,142.82,21.77,1585.33,304.35,0.192,WH-EU-02,9,Summit Logistics Group,51,0,4,1,0,11.2,2026-01-02
CUST117003,Thomas White,57,Male,Small Business,Bronze,USA,Texas,Austin,North America,PRD20676,Velvet Wellness 879,Beauty & Personal Care,Wellness,Velvet,TXN21000907,2026-02-09T07:00:00Z,2026-02-12T07:00:00Z,Bank Transfer,Mobile App,USD,4,62.26,0.184,24.9,9.77,237.89,104.8,0.4405,WH-APAC-02,3,Summit Logistics Group,447,0,7,7,1,12.4,2026-01-02
CUST120855,Ethan Ramirez,28,Female,Small Business,Bronze,UK,Wales,Cardiff,Europe,PRD20692,Luxora Decor 436,Home & Kitchen,Decor,Luxora,TXN21000908,2026-02-16T06:36:00Z,2026-02-23T06:36:00Z,Digital Wallet,Online,GBP,4,639.82,0.153,112.85,2.27,2282.83,703.8,0.3083,WH-LATAM-01,7,Summit Logistics Group,184,0,4,5,1,4.3,2026-01-02
CUST112736,Chen Miller,50,Female,Corporate,Silver,USA,California,Los Angeles,North America,PRD20006,PlayWorks Action Figures 782,Toys & Games,Action Figures,PlayWorks,TXN21000909,2026-02-25T06:52:00Z,2026-02-28T06:52:00Z,Debit Card,Online,USD,2,78.73,0.113,13.69,12.37,165.73,61.06,0.3684,WH-APAC-01,3,Pinnacle Supply Co,487,0,8,4,0,11.6,2026-01-02
CUST113560,Mia Scott,45,Male,Home Office,Bronze,USA,Florida,Tampa,North America,PRD20681,SummitPro Camping 998,Sports & Outdoors,Camping,SummitPro,TXN21000910,2026-02-04T02:33:00Z,2026-02-10T02:33:00Z,Credit Card,In-Store,USD,2,463.98,0.083,168.77,5.55,1025.26,349.1,0.3405,WH-APAC-02,6,Pinnacle Supply Co,286,0,5,5,0,6.6,2026-01-02
CUST119380,Wei Rivera,38,Male,Small Business,Bronze,Brazil,Sao Paulo,Campinas,Latin America,PRD21269,TechNova Cameras 461,Electronics,Cameras,TechNova,TXN21000911,2026-02-05T03:26:00Z,2026-02-09T03:26:00Z,Digital Wallet,In-Store,BRL,3,662.39,0.185,179.63,5.02,1804.19,214.22,0.1187,WH-EU-01,4,GlobalSource Ltd,426,0,3,5,1,13,2026-01-02
CUST106867,Linda Kumar,62,Male,Consumer,Bronze,USA,New York,Buffalo,North America,PRD20471,FitWear Accessories 149,Apparel,Accessories,FitWear,TXN21000912,2026-02-24T08:07:00Z,2026-02-26T08:07:00Z,Bank Transfer,Mobile App,USD,2,105.15,0.014,25.76,7.04,240.16,108.94,0.4536,WH-NA-02,2,Pinnacle Supply Co,629,0,7,2,0,12.4,2026-01-02
CUST113779,David Moore,67,Male,Consumer,Bronze,Canada,Quebec,Quebec City,North America,PRD20560,Orchard Fresh Produce 106,Grocery,Fresh Produce,Orchard,TXN21000913,2026-02-20T20:51:00Z,2026-02-28T20:51:00Z,Debit Card,Online,CAD,3,46.32,0.121,6.16,4.91,133.22,20.98,0.1575,WH-NA-01,8,Pinnacle Supply Co,247,0,6,6,0,9.1,2026-01-02
CUST116719,Chen Williams,63,Female,Consumer,Gold,USA,California,Los Angeles,North America,PRD20710,KidJoy Action Figures 124,Toys & Games,Action Figures,KidJoy,TXN21000914,2026-02-01T03:47:00Z,2026-02-06T03:47:00Z,Credit Card,In-Store,USD,1,16.48,0.051,0.95,15.58,32.17,7.41,0.2303,WH-NA-02,5,Pinnacle Supply Co,398,0,4,2,1,4,2026-01-02
CUST109366,Liam Garcia,51,Female,Small Business,Bronze,Japan,Kansai,Osaka,Asia Pacific,PRD20266,ActivFlex Footwear 722,Sports & Outdoors,Footwear,ActivFlex,TXN21000915,2026-02-07T14:12:00Z,2026-02-12T14:12:00Z,Credit Card,Online,JPY,3,668.48,0.076,353.67,12.14,2218.84,768.48,0.3463,WH-LATAM-01,5,Pinnacle Supply Co,288,0,2,6,0,4.1,2026-01-02
CUST121046,Lukas Moore,46,Male,Consumer,Platinum,Mexico,CDMX,Mexico City,Latin America,PRD21026,Zentek Smart Speakers 584,Smart Home,Smart Speakers,Zentek,TXN21000916,2026-02-19T07:10:00Z,2026-02-26T07:10:00Z,Digital Wallet,Online,MXN,6,188.68,0.273,86.59,4.55,914.16,116.6,0.1275,WH-EU-01,7,Vertex Distribution,223,0,10,6,1,13.8,2026-01-02
CUST104936,Thomas Miller,53,Male,Corporate,Gold,USA,Florida,Miami,North America,PRD20622,Brava Womenswear 302,Apparel,Womenswear,Brava,TXN21000917,2026-02-10T10:11:00Z,2026-02-16T10:11:00Z,Credit Card,Mobile App,USD,4,184.44,0.082,77.82,8.13,763.21,331.99,0.435,WH-LATAM-01,6,Pinnacle Supply Co,457,0,5,7,0,6.4,2026-01-02
CUST121277,Mary Johnson,46,Female,Consumer,Gold,Germany,Hesse,Frankfurt,Europe,PRD20588,Sonyx Smartphones 906,Electronics,Smartphones,Sonyx,TXN21000918,2026-02-06T08:56:00Z,2026-02-13T08:56:00Z,Digital Wallet,Online,EUR,4,1475.95,0.049,860.49,9.01,6484.01,1439.35,0.222,WH-LATAM-01,7,Meridian Traders,165,0,4,4,0,7.2,2026-01-02
CUST101561,Mia Scott,22,Female,Small Business,Silver,France,Ile-de-France,Paris,Europe,PRD20825,Zentek Smartphones 480,Electronics,Smartphones,Zentek,TXN21000919,2026-02-02T14:30:00Z,2026-02-05T14:30:00Z,Gift Card,In-Store,EUR,3,1505.62,0.269,238.98,11.84,3552.64,107.5,0.0303,WH-APAC-02,3,Anchor Wholesale,447,1,6,3,1,7.4,2026-01-02
CUST114070,Thomas Johnson,46,Female,Consumer,Bronze,UK,Scotland,Glasgow,Europe,PRD20207,Brava Accessories 636,Apparel,Accessories,Brava,TXN21000920,2026-02-06T23:13:00Z,2026-02-15T23:13:00Z,Credit Card,Online,GBP,6,34.8,0.163,22.83,3.24,200.84,77.05,0.3836,WH-EU-01,9,Anchor Wholesale,114,0,4,7,1,21.4,2026-01-02
CUST100824,Michael Lee,63,Female,Corporate,Silver,USA,New York,Albany,North America,PRD20488,OrbitAI Smart Speakers 734,Smart Home,Smart Speakers,OrbitAI,TXN21000921,2026-02-09T08:57:00Z,2026-02-18T08:57:00Z,Gift Card,In-Store,USD,2,354.88,0.075,115.29,8.72,780.54,213.64,0.2737,WH-NA-01,9,Vertex Distribution,83,0,3,5,0,12,2026-01-02
CUST102991,Lukas Ramirez,18,Female,Consumer,Gold,UK,England,London,Europe,PRD20657,Velvet Makeup 635,Beauty & Personal Care,Makeup,Velvet,TXN21000922,2026-02-20T06:03:00Z,2026-02-23T06:03:00Z,Debit Card,Online,GBP,3,143.33,0.018,71.47,4.14,497.86,252.32,0.5068,WH-LATAM-01,3,Pinnacle Supply Co,545,0,10,4,1,6.2,2026-01-02
CUST109383,Mia Allen,28,Female,Corporate,Bronze,Germany,Berlin,Berlin,Europe,PRD20526,AutoPro Car Care 643,Automotive,Car Care,AutoPro,TXN21000923,2026-02-17T06:07:00Z,2026-02-22T06:07:00Z,Gift Card,Online,EUR,1,410.59,0.047,39.38,13.87,444.54,143.62,0.3231,WH-EU-02,5,Anchor Wholesale,421,0,5,3,0,4.4,2026-01-02
CUST115539,Michael King,36,Female,Consumer,Gold,USA,California,Los Angeles,North America,PRD20446,Domus Appliances 649,Home & Kitchen,Appliances,Domus,TXN21000924,2026-02-07T17:38:00Z,2026-02-15T17:38:00Z,Debit Card,Online,USD,2,32.1,0.054,12.13,17.29,90.15,24.01,0.2663,WH-LATAM-01,8,Pinnacle Supply Co,66,1,5,4,0,11.4,2026-01-02
CUST116636,Sarah Miller,36,Male,Small Business,Platinum,USA,Texas,Austin,North America,PRD20451,Bloom Makeup 106,Beauty & Personal Care,Makeup,Bloom,TXN21000925,2026-02-11T21:48:00Z,2026-02-21T21:48:00Z,Credit Card,Online,USD,3,154.34,0.244,28.5,4.13,382.67,167.06,0.4366,WH-EU-02,10,Summit Logistics Group,44,0,3,6,0,6.2,2026-01-02
CUST106804,Arjun Kumar,33,Male,Corporate,Bronze,Australia,New South Wales,Newcastle,Asia Pacific,PRD21298,SummitPro Footwear 528,Sports & Outdoors,Footwear,SummitPro,TXN21000926,2026-02-03T04:32:00Z,2026-02-11T04:32:00Z,Debit Card,Online,AUD,6,77.63,0.07,64.04,3.47,500.69,181.28,0.3621,WH-EU-01,8,Summit Logistics Group,209,0,5,8,0,7.6,2026-01-02
CUST109427,Jennifer Walker,30,Female,Corporate,Bronze,Japan,Kansai,Osaka,Asia Pacific,PRD20589,Domus Cookware 303,Home & Kitchen,Cookware,Domus,TXN21000927,2026-02-02T15:37:00Z,2026-02-08T15:37:00Z,Digital Wallet,In-Store,JPY,1,546.35,0.128,59.76,12.1,548.28,163.9,0.2989,WH-APAC-01,6,Anchor Wholesale,281,1,1,2,0,5,2026-01-02
CUST112634,Omar Wilson,42,Female,Corporate,Gold,Germany,Berlin,Berlin,Europe,PRD21122,NestWell Smart Lighting 895,Smart Home,Smart Lighting,NestWell,TXN21000928,2026-02-22T05:01:00Z,2026-02-28T05:01:00Z,Bank Transfer,Marketplace,EUR,2,438.77,0.234,39.77,15.56,727.53,124.61,0.1713,WH-LATAM-01,6,Vertex Distribution,337,0,3,2,1,5,2026-01-02
CUST104275,Olivia Jones,31,Female,Corporate,Bronze,Canada,Quebec,Montreal,North America,PRD20822,Zentek Tablets 340,Electronics,Tablets,Zentek,TXN21000929,2026-02-11T02:09:00Z,2026-02-20T02:09:00Z,Cash on Delivery,Online,CAD,5,201.58,0.13,91.48,1.82,970.17,164.09,0.1691,WH-EU-01,9,Summit Logistics Group,217,0,8,5,1,5.1,2026-01-02
CUST109885,Sofia Flores,20,Male,Consumer,Bronze,Germany,Hesse,Frankfurt,Europe,PRD20019,OrbitAI Security Cameras 112,Smart Home,Security Cameras,OrbitAI,TXN21000930,2026-02-08T13:06:00Z,2026-02-10T13:06:00Z,Credit Card,Online,EUR,3,214.75,0.012,51.51,8.52,696.55,234.51,0.3367,WH-EU-01,2,GlobalSource Ltd,534,0,3,6,0,4.5,2026-01-02
CUST106309,Arjun Smith,39,Male,Home Office,Gold,USA,New York,Buffalo,North America,PRD20893,Zentek Smartphones 959,Electronics,Smartphones,Zentek,TXN21000931,2026-02-25T16:18:00Z,2026-03-03T16:18:00Z,Debit Card,Mobile App,USD,4,416.04,0.17,195.53,10.65,1587.43,204.36,0.1287,WH-APAC-02,6,Pinnacle Supply Co,136,0,3,5,1,9.3,2026-01-02
CUST122758,Li Martinez,64,Female,Consumer,Bronze,USA,California,Los Angeles,North America,PRD20089,Velvet Makeup 426,Beauty & Personal Care,Makeup,Velvet,TXN21000932,2026-02-22T15:08:00Z,2026-03-02T15:08:00Z,Cash on Delivery,Online,USD,5,92.03,0.115,80.06,8.85,496.14,225.38,0.4543,WH-APAC-02,8,Pinnacle Supply Co,63,0,7,6,1,19.1,2026-01-02
CUST109444,Susan Hill,40,Female,Corporate,Bronze,India,Karnataka,Mysore,Asia Pacific,PRD21302,Harvest Beverages 529,Grocery,Beverages,Harvest,TXN21000933,2026-02-08T22:59:00Z,2026-02-13T22:59:00Z,Digital Wallet,Mobile App,INR,3,64.67,0.145,23.68,7.5,197.06,24.64,0.125,WH-APAC-01,5,Anchor Wholesale,398,0,4,6,1,14.2,2026-01-02
CUST122808,Ahmed Scott,50,Male,Small Business,Bronze,UK,England,London,Europe,PRD20503,PureGlow Makeup 436,Beauty & Personal Care,Makeup,PureGlow,TXN21000934,2026-02-22T00:29:00Z,2026-02-27T00:29:00Z,Bank Transfer,Online,GBP,4,83.56,0.08,47.77,7.58,362.85,175.41,0.4834,WH-LATAM-01,5,Vertex Distribution,393,0,6,6,0,11,2026-01-02
CUST118178,Valentina Nguyen,18,Male,Corporate,Gold,UK,England,London,Europe,PRD20388,Nutriva Fresh Produce 959,Grocery,Fresh Produce,Nutriva,TXN21000935,2026-02-24T21:01:00Z,2026-03-04T21:01:00Z,Digital Wallet,Online,GBP,5,14.18,0.281,6.67,6.63,64.28,-0.64,-0.01,WH-LATAM-01,8,GlobalSource Ltd,237,0,8,8,1,7.5,2026-01-02
CUST116663,Mei Young,44,Female,Consumer,Silver,USA,Florida,Tampa,North America,PRD20764,Modique Accessories 478,Apparel,Accessories,Modique,TXN21000936,2026-02-06T10:23:00Z,2026-02-14T10:23:00Z,Gift Card,Marketplace,USD,6,160.7,0.147,129.62,9.1,961.18,371.22,0.3862,WH-APAC-01,8,Meridian Traders,180,0,2,8,0,3.2,2026-01-02
CUST107888,Ananya Carter,24,Female,Small Business,Silver,USA,Florida,Miami,North America,PRD20709,HomeCraft Furniture 712,Home & Kitchen,Furniture,HomeCraft,TXN21000937,2026-02-28T19:53:00Z,2026-03-04T19:53:00Z,Credit Card,In-Store,USD,6,136.99,0.068,119.23,5.05,890.33,295.9,0.3323,WH-EU-02,4,GlobalSource Ltd,334,0,5,9,0,5.8,2026-01-02
CUST105384,Sarah Anderson,56,Male,Consumer,Silver,Vietnam,Hanoi,Hanoi City,Asia Pacific,PRD21022,PeakGear Camping 515,Sports & Outdoors,Camping,PeakGear,TXN21000938,2026-02-12T23:37:00Z,2026-02-20T23:37:00Z,Credit Card,Online,VND,4,191.4,0.061,53.46,4.33,776.69,304.86,0.3925,WH-LATAM-01,8,Meridian Traders,160,0,9,5,0,6.8,2026-01-02
CUST111027,Noah Young,55,Female,Consumer,Platinum,Japan,Kansai,Osaka,Asia Pacific,PRD20323,FitWear Kidswear 972,Apparel,Kidswear,FitWear,TXN21000939,2026-02-22T01:30:00Z,2026-02-25T01:30:00Z,Digital Wallet,Online,JPY,3,70.9,0.081,10.5,14.36,220.33,95.93,0.4354,WH-APAC-02,3,Anchor Wholesale,565,0,6,3,0,10.3,2026-01-02
CUST110794,Jessica Adams,43,Male,Small Business,Silver,Japan,Kansai,Kyoto,Asia Pacific,PRD20575,Luxora Appliances 120,Home & Kitchen,Appliances,Luxora,TXN21000940,2026-02-03T01:14:00Z,2026-02-11T01:14:00Z,Gift Card,In-Store,JPY,2,64.27,0.146,7.87,8.29,125.93,36.25,0.2879,WH-APAC-01,8,GlobalSource Ltd,142,0,3,5,0,5,2026-01-02
CUST113233,Mia Scott,25,Male,Home Office,Bronze,Canada,Ontario,Ottawa,North America,PRD21170,FreshMart Snacks 744,Grocery,Snacks,FreshMart,TXN21000941,2026-02-08T13:38:00Z,2026-02-13T13:38:00Z,Debit Card,Online,CAD,2,59.61,0.045,10.27,15.25,139.38,27.06,0.1941,WH-APAC-01,5,GlobalSource Ltd,222,0,4,2,0,7.4,2026-01-02
CUST112534,Patricia Scott,56,Female,Corporate,Bronze,USA,New York,Albany,North America,PRD20264,BrainBox Puzzles 895,Toys & Games,Puzzles,BrainBox,TXN21000942,2026-02-25T03:07:00Z,2026-03-04T03:07:00Z,Gift Card,Mobile App,USD,5,90.77,0.063,69.67,10.15,505.08,198.7,0.3934,WH-LATAM-01,7,Pinnacle Supply Co,333,0,5,8,0,16.5,2026-01-02
CUST102609,Mateo Clark,39,Male,Home Office,Silver,Japan,Kanto,Yokohama,Asia Pacific,PRD20313,DriveMax Accessories 943,Automotive,Accessories,DriveMax,TXN21000943,2026-02-02T16:20:00Z,2026-02-07T16:20:00Z,Digital Wallet,Online,JPY,6,240.33,0.165,129.44,4.73,1338.22,334.25,0.2498,WH-NA-02,5,Vertex Distribution,442,0,6,6,1,21.1,2026-01-02
CUST109174,Karen Sanchez,64,Male,Consumer,Bronze,Germany,Berlin,Berlin,Europe,PRD20765,Orion Headphones 936,Electronics,Headphones,Orion,TXN21000944,2026-02-27T13:54:00Z,2026-03-08T13:54:00Z,Credit Card,Online,EUR,5,1573.75,0.113,1245.18,6.89,8231.65,1414.8,0.1719,WH-LATAM-01,9,Pinnacle Supply Co,183,1,5,7,0,4.3,2026-01-02
CUST117502,Ethan Taylor,57,Male,Consumer,Silver,USA,Texas,Houston,North America,PRD21018,TechNova Smartphones 763,Electronics,Smartphones,TechNova,TXN21000945,2026-02-17T01:40:00Z,2026-02-22T01:40:00Z,Bank Transfer,Online,USD,6,623.85,0.143,355.46,2.1,3565.4,560.72,0.1573,WH-EU-02,5,Meridian Traders,384,0,5,9,0,5.1,2026-01-02
CUST107836,Lukas Ramirez,41,Female,Consumer,Silver,Australia,Victoria,Melbourne,Asia Pacific,PRD20028,PeakGear Camping 134,Sports & Outdoors,Camping,PeakGear,TXN21000946,2026-02-01T15:22:00Z,2026-02-05T15:22:00Z,Cash on Delivery,Online,AUD,4,113.68,0.097,49.42,9.54,469.57,164.7,0.3507,WH-APAC-01,4,Pinnacle Supply Co,556,0,1,6,0,4.4,2026-01-02
CUST104227,Ahmed Baker,24,Male,Home Office,Bronze,USA,Texas,Dallas,North America,PRD21130,BrainBox Puzzles 145,Toys & Games,Puzzles,BrainBox,TXN21000947,2026-02-06T13:05:00Z,2026-02-11T13:05:00Z,Digital Wallet,Call Center,USD,4,90.15,0.133,20.47,4.46,337.57,132.63,0.3929,WH-EU-01,5,Vertex Distribution,529,0,4,6,0,4.5,2026-01-02
CUST107913,Diego Jackson,57,Female,Corporate,Gold,UK,Wales,Cardiff,Europe,PRD20548,OrbitAI Security Cameras 823,Smart Home,Security Cameras,OrbitAI,TXN21000948,2026-02-10T23:10:00Z,2026-02-11T23:10:00Z,Digital Wallet,In-Store,GBP,4,209.71,0.059,53.68,4.83,847.86,265.91,0.3136,WH-APAC-01,1,GlobalSource Ltd,638,0,3,5,0,16.3,2026-01-02
CUST101578,Haruto Walker,36,Male,Small Business,Platinum,USA,New York,Buffalo,North America,PRD20590,Lumiere Haircare 238,Beauty & Personal Care,Haircare,Lumiere,TXN21000949,2026-02-25T02:23:00Z,2026-03-04T02:23:00Z,Credit Card,Online,USD,4,174.68,0.214,44.32,2.64,596.15,273.06,0.458,WH-APAC-02,7,Vertex Distribution,151,0,2,7,1,18,2026-01-02
CUST119371,Omar Nguyen,39,Non-Binary,Small Business,Silver,UK,England,Manchester,Europe,PRD20892,Harvest Frozen Foods 836,Grocery,Frozen Foods,Harvest,TXN21000950,2026-02-14T12:52:00Z,2026-02-21T12:52:00Z,Digital Wallet,Online,GBP,3,59.28,0.137,23.97,12.24,189.69,24.01,0.1266,WH-EU-01,7,Pinnacle Supply Co,125,0,5,6,0,9.2,2026-01-02
CUST121850,Karen Taylor,18,Male,Consumer,Gold,Australia,New South Wales,Sydney,Asia Pacific,PRD20556,Domus Cookware 635,Home & Kitchen,Cookware,Domus,TXN21000951,2026-02-22T13:14:00Z,2026-02-28T13:14:00Z,Credit Card,Online,AUD,3,228.24,0.068,33.61,13.03,684.8,246.5,0.36,WH-EU-01,6,Anchor Wholesale,293,0,6,5,0,5.4,2026-01-02
CUST109811,Barbara Harris,37,Male,Small Business,Silver,India,Maharashtra,Mumbai,Asia Pacific,PRD21072,Lumiere Wellness 625,Beauty & Personal Care,Wellness,Lumiere,TXN21000952,2026-02-02T17:19:00Z,2026-02-09T17:19:00Z,Debit Card,Online,INR,2,105.63,0.08,27.13,5.08,226.57,110.87,0.4893,WH-EU-01,7,Pinnacle Supply Co,348,0,7,3,0,12.2,2026-01-02
CUST102906,Carlos Miller,49,Male,Corporate,Gold,UK,Scotland,Edinburgh,Europe,PRD20385,RoadKing Tools 118,Automotive,Tools,RoadKing,TXN21000953,2026-02-20T15:41:00Z,2026-02-28T15:41:00Z,Debit Card,Mobile App,GBP,3,314.11,0.079,52.65,13.24,933.78,299.47,0.3207,WH-APAC-01,8,Vertex Distribution,74,0,7,5,0,4.7,2026-01-02
CUST118797,Thomas Martin,69,Female,Home Office,Bronze,Japan,Kansai,Kyoto,Asia Pacific,PRD20929,Pulsar Laptops 636,Electronics,Laptops,Pulsar,TXN21000954,2026-02-20T00:30:00Z,2026-02-25T00:30:00Z,Digital Wallet,In-Store,JPY,4,752.06,0.195,206.73,8.04,2636.4,294.21,0.1116,WH-EU-02,5,Vertex Distribution,263,0,3,6,1,8.4,2026-01-02
CUST109221,Patricia Miller,54,Female,Consumer,Bronze,Germany,Bavaria,Nuremberg,Europe,PRD20042,Pulsar Headphones 438,Electronics,Headphones,Pulsar,TXN21000955,2026-02-21T04:16:00Z,2026-02-26T04:16:00Z,Digital Wallet,Mobile App,EUR,4,1049.2,0.126,417.71,7.02,4092.73,700.03,0.171,WH-APAC-02,5,GlobalSource Ltd,450,0,6,7,0,9,2026-01-02
CUST102918,Elizabeth Taylor,40,Male,Consumer,Silver,USA,California,San Francisco,North America,PRD20464,Nutriva Fresh Produce 959,Grocery,Fresh Produce,Nutriva,TXN21000956,2026-02-13T05:08:00Z,2026-02-19T05:08:00Z,Digital Wallet,In-Store,USD,2,13.74,0.112,1.51,3.92,29.83,4.4,0.1475,WH-LATAM-01,6,Vertex Distribution,392,0,6,4,0,3.7,2026-01-02
CUST111112,Sarah Kumar,51,Female,Small Business,Platinum,UK,England,Birmingham,Europe,PRD20533,PeakGear Fitness Equipment 114,Sports & Outdoors,Fitness Equipment,PeakGear,TXN21000957,2026-02-24T18:39:00Z,2026-03-02T18:39:00Z,Debit Card,Mobile App,GBP,6,330.48,0.241,164.54,7.16,1676.71,432.66,0.258,WH-EU-01,6,GlobalSource Ltd,317,0,5,8,1,8.6,2026-01-02
CUST104010,Sofia Robinson,19,Male,Small Business,Bronze,Japan,Kansai,Osaka,Asia Pacific,PRD21106,FreshMart Fresh Produce 563,Grocery,Fresh Produce,FreshMart,TXN21000958,2026-02-25T12:05:00Z,2026-02-27T12:05:00Z,Bank Transfer,In-Store,JPY,3,42.46,0.088,23.21,10.58,149.96,23.44,0.1563,WH-NA-01,2,Summit Logistics Group,616,0,8,4,1,20.7,2026-01-02
CUST106041,Jessica Nguyen,41,Female,Small Business,Bronze,Canada,Quebec,Montreal,North America,PRD20002,DriveMax Electronics 284,Automotive,Electronics,DriveMax,TXN21000959,2026-02-10T11:47:00Z,2026-02-16T11:47:00Z,Digital Wallet,Online,CAD,3,97.64,0.047,53.89,11.99,345.03,102.46,0.297,WH-APAC-01,6,Summit Logistics Group,260,0,2,6,0,4.6,2026-01-02
CUST105096,Susan Adams,39,Male,Consumer,Gold,USA,Florida,Orlando,North America,PRD21192,Zentek Headphones 441,Electronics,Headphones,Zentek,TXN21000960,2026-02-14T17:48:00Z,2026-02-16T17:48:00Z,Cash on Delivery,In-Store,USD,3,324.62,0.046,150.56,10.19,1089.81,240.35,0.2205,WH-NA-01,2,Vertex Distribution,580,0,2,4,0,7.9,2026-01-02
CUST115696,Ethan Jackson,27,Male,Corporate,Bronze,UK,England,London,Europe,PRD20961,Pulsar Tablets 647,Electronics,Tablets,Pulsar,TXN21000961,2026-02-06T00:53:00Z,2026-02-11T00:53:00Z,Digital Wallet,Online,GBP,3,255.17,0.101,96.25,9.98,794.42,146.82,0.1848,WH-APAC-02,5,Meridian Traders,632,0,7,3,1,13.4,2026-01-02
CUST101722,Hannah Young,50,Female,Corporate,Gold,Japan,Kansai,Kyoto,Asia Pacific,PRD20043,TorqueTech Tires 124,Automotive,Tires,TorqueTech,TXN21000962,2026-02-16T20:40:00Z,2026-02-22T20:40:00Z,Digital Wallet,Online,JPY,4,195.51,0.209,45.35,2.53,666.47,146.87,0.2204,WH-APAC-02,6,Vertex Distribution,356,0,2,7,1,18.2,2026-01-02
CUST105716,David Wright,42,Male,Consumer,Bronze,Brazil,Sao Paulo,Sao Paulo City,Latin America,PRD20635,HomeSense Smart Lighting 556,Smart Home,Smart Lighting,HomeSense,TXN21000963,2026-02-09T13:28:00Z,2026-02-14T13:28:00Z,Credit Card,In-Store,BRL,3,243.7,0.104,88.03,7.75,750.85,198.86,0.2648,WH-NA-01,5,Summit Logistics Group,281,0,7,4,0,4.7,2026-01-02
CUST116812,Fatima Carter,36,Female,Consumer,Silver,USA,California,San Francisco,North America,PRD20700,UrbanThread Footwear 456,Apparel,Footwear,UrbanThread,TXN21000964,2026-02-04T19:58:00Z,2026-02-08T19:58:00Z,Bank Transfer,Online,USD,2,118.46,0.132,31.43,16.77,253.85,94.77,0.3733,WH-EU-02,4,Meridian Traders,625,0,5,4,0,8.5,2026-01-02
CUST114691,Fatima Davis,69,Female,Corporate,Bronze,UK,Wales,Cardiff,Europe,PRD20964,FitWear Womenswear 254,Apparel,Womenswear,FitWear,TXN21000965,2026-02-21T07:24:00Z,2026-02-23T07:24:00Z,Credit Card,In-Store,GBP,4,92.24,0.176,32.95,6.75,343.72,131.35,0.3821,WH-EU-01,2,Vertex Distribution,624,0,3,7,0,4.2,2026-01-02
CUST107164,Joseph Rodriguez,50,Female,Home Office,Bronze,Canada,British Columbia,Vancouver,North America,PRD21365,Tinker Outdoor Toys 139,Toys & Games,Outdoor Toys,Tinker,TXN21000966,2026-02-06T04:18:00Z,2026-02-11T04:18:00Z,Digital Wallet,Online,CAD,5,21.33,0.04,10.75,5.75,118.88,49.14,0.4134,WH-NA-02,5,Anchor Wholesale,367,0,7,7,0,6,2026-01-02
CUST108130,Carlos Carter,50,Male,Home Office,Bronze,USA,Texas,Dallas,North America,PRD21324,Rally Fitness Equipment 944,Sports & Outdoors,Fitness Equipment,Rally,TXN21000967,2026-02-22T23:36:00Z,2026-03-01T23:36:00Z,Digital Wallet,In-Store,USD,3,63.85,0.167,12.66,7.25,179.47,55.97,0.3119,WH-NA-01,7,Vertex Distribution,67,0,2,4,1,12.3,2026-01-02
CUST112180,Linda Harris,46,Male,Corporate,Bronze,Germany,Berlin,Berlin,Europe,PRD20962,Zentek Security Cameras 608,Smart Home,Security Cameras,Zentek,TXN21000968,2026-02-01T08:52:00Z,2026-02-08T08:52:00Z,Credit Card,In-Store,EUR,3,176.01,0.018,99.89,8.86,627.28,189.03,0.3013,WH-EU-01,7,GlobalSource Ltd,287,0,3,4,0,3.1,2026-01-02
CUST107905,Sarah Sanchez,31,Female,Consumer,Bronze,USA,California,Los Angeles,North America,PRD20714,PeakGear Fitness Equipment 451,Sports & Outdoors,Fitness Equipment,PeakGear,TXN21000969,2026-02-18T23:56:00Z,2026-02-22T23:56:00Z,Debit Card,In-Store,USD,4,562.83,0.05,298.54,8.92,2446.21,921.24,0.3766,WH-LATAM-01,4,GlobalSource Ltd,521,0,5,7,0,2.8,2026-01-02
CUST100873,Noah Robinson,55,Non-Binary,Consumer,Bronze,UK,England,Manchester,Europe,PRD20473,PeakGear Fitness Equipment 406,Sports & Outdoors,Fitness Equipment,PeakGear,TXN21000970,2026-02-17T17:58:00Z,2026-02-25T17:58:00Z,Digital Wallet,Online,GBP,3,346.67,0.051,122.29,3.74,1113,424.53,0.3814,WH-NA-01,8,Summit Logistics Group,194,0,5,5,0,4.3,2026-01-02
CUST108240,Charles Flores,54,Female,Small Business,Silver,France,Provence,Nice,Europe,PRD21317,Colton Kidswear 368,Apparel,Kidswear,Colton,TXN21000971,2026-02-01T16:14:00Z,2026-02-08T16:14:00Z,Cash on Delivery,In-Store,EUR,3,151.17,0.118,45.68,11.35,457.03,187.75,0.4108,WH-EU-01,7,GlobalSource Ltd,463,0,7,3,0,7.8,2026-01-02
CUST107059,Joseph Johnson,23,Female,Consumer,Gold,France,Ile-de-France,Paris,Europe,PRD20518,Tinker Board Games 951,Toys & Games,Board Games,Tinker,TXN21000972,2026-02-24T10:49:00Z,2026-02-27T10:49:00Z,Digital Wallet,Mobile App,EUR,2,33.4,0.212,7.83,6.18,66.65,19.29,0.2894,WH-NA-01,3,Pinnacle Supply Co,643,0,7,5,1,7.8,2026-01-02
CUST108422,Mia Jackson,32,Male,Small Business,Silver,Canada,British Columbia,Victoria,North America,PRD20747,Orchard Beverages 778,Grocery,Beverages,Orchard,TXN21000973,2026-02-12T17:56:00Z,2026-02-18T17:56:00Z,Bank Transfer,Online,CAD,5,52.78,0.107,18.44,7.29,261.39,43.54,0.1666,WH-EU-01,6,GlobalSource Ltd,318,0,6,8,0,8.7,2026-01-02
CUST118492,Sofia Anderson,49,Female,Consumer,Bronze,USA,California,Los Angeles,North America,PRD21174,Modique Footwear 349,Apparel,Footwear,Modique,TXN21000974,2026-02-23T20:12:00Z,2026-02-28T20:12:00Z,Digital Wallet,In-Store,USD,6,105.7,0.194,68.74,3.42,583.33,214.36,0.3675,WH-NA-02,5,Pinnacle Supply Co,559,0,6,8,0,11.8,2026-01-02
CUST108917,Li Robinson,48,Female,Consumer,Silver,Canada,British Columbia,Vancouver,North America,PRD21214,FreshMart Fresh Produce 983,Grocery,Fresh Produce,FreshMart,TXN21000975,2026-02-10T22:18:00Z,2026-02-18T22:18:00Z,Debit Card,In-Store,CAD,2,11.68,0.07,4.33,5.81,31.86,4.72,0.1481,WH-NA-01,8,Summit Logistics Group,80,0,6,2,1,13.3,2026-01-02
CUST111211,Richard Green,44,Male,Consumer,Gold,USA,New York,Albany,North America,PRD21317,Colton Kidswear 368,Apparel,Kidswear,Colton,TXN21000976,2026-02-11T19:33:00Z,2026-02-18T19:33:00Z,Digital Wallet,Call Center,USD,5,146.34,0.088,123.06,8.21,798.58,324.87,0.4068,WH-NA-01,7,Pinnacle Supply Co,84,0,4,7,0,6.6,2026-01-02
CUST104126,Mia Mitchell,18,Female,Small Business,Silver,Germany,Bavaria,Nuremberg,Europe,PRD20743,NestWell Smart Lighting 724,Smart Home,Smart Lighting,NestWell,TXN21000977,2026-02-22T01:17:00Z,2026-02-24T01:17:00Z,Debit Card,Online,EUR,3,336.54,0.112,94.86,8.37,999.77,266.54,0.2666,WH-APAC-01,2,Summit Logistics Group,561,0,3,5,0,8,2026-01-02
CUST107934,David Young,35,Male,Small Business,Silver,Japan,Kansai,Osaka,Asia Pacific,PRD20443,Bloom Wellness 936,Beauty & Personal Care,Wellness,Bloom,TXN21000978,2026-02-19T09:00:00Z,2026-02-26T09:00:00Z,Bank Transfer,Mobile App,JPY,3,162.01,0.182,41.12,5.48,444.17,205.49,0.4626,WH-EU-02,7,GlobalSource Ltd,163,0,4,6,1,22.9,2026-01-02
CUST109168,Susan Singh,44,Female,Small Business,Bronze,Japan,Kanto,Yokohama,Asia Pacific,PRD20623,BrainBox Outdoor Toys 992,Toys & Games,Outdoor Toys,BrainBox,TXN21000979,2026-02-16T19:51:00Z,2026-02-22T19:51:00Z,Bank Transfer,Mobile App,JPY,6,30.71,0.076,30.96,7.01,208.23,78.27,0.3759,WH-APAC-02,6,Vertex Distribution,335,0,5,6,0,5.9,2026-01-02
CUST104303,Joseph Walker,31,Male,Corporate,Bronze,Mexico,Jalisco,Guadalajara,Latin America,PRD21365,Tinker Outdoor Toys 139,Toys & Games,Outdoor Toys,Tinker,TXN21000980,2026-02-21T10:49:00Z,2026-02-24T10:49:00Z,Credit Card,Mobile App,MXN,3,20.79,0.113,3.58,6.24,65.14,24.19,0.3714,WH-APAC-01,3,Vertex Distribution,607,0,2,6,0,12.7,2026-01-02
CUST115352,Karen Rivera,65,Female,Home Office,Silver,UK,Scotland,Glasgow,Europe,PRD20956,Harvest Beverages 980,Grocery,Beverages,Harvest,TXN21000981,2026-02-12T23:06:00Z,2026-02-16T23:06:00Z,Bank Transfer,In-Store,GBP,3,8.67,0.119,1.21,12.36,36.48,3.98,0.1091,WH-APAC-01,4,Pinnacle Supply Co,321,0,7,5,0,12.4,2026-01-02
CUST120243,Mateo Martinez,42,Female,Small Business,Gold,France,Provence,Nice,Europe,PRD20752,UrbanThread Menswear 425,Apparel,Menswear,UrbanThread,TXN21000982,2026-02-03T19:22:00Z,2026-02-09T19:22:00Z,Digital Wallet,Online,EUR,4,80.74,0.153,31.61,6.95,312.11,122.4,0.3922,WH-LATAM-01,6,Vertex Distribution,360,0,8,4,1,13.8,2026-01-02
CUST102623,Rahul Johnson,36,Female,Consumer,Gold,USA,Texas,Austin,North America,PRD20461,Rally Footwear 973,Sports & Outdoors,Footwear,Rally,TXN21000983,2026-02-02T12:53:00Z,2026-02-08T12:53:00Z,Debit Card,Marketplace,USD,6,637.75,0.031,502.33,2.94,4213.15,1638.51,0.3889,WH-APAC-02,6,Anchor Wholesale,288,1,3,8,0,9,2026-01-02
CUST107841,Olivia Hall,64,Female,Small Business,Gold,USA,Texas,Dallas,North America,PRD21225,Orion Tablets 975,Electronics,Tablets,Orion,TXN21000984,2026-02-23T19:44:00Z,2026-03-05T19:44:00Z,Bank Transfer,In-Store,USD,4,1433.12,0.133,605.45,7.11,5582.62,916.05,0.1641,WH-NA-02,10,Anchor Wholesale,59,0,6,5,0,7.9,2026-01-02
CUST108547,Ava Garcia,56,Male,Small Business,Silver,USA,New York,Albany,North America,PRD20812,BrainBox Board Games 821,Toys & Games,Board Games,BrainBox,TXN21000985,2026-02-07T00:18:00Z,2026-02-11T00:18:00Z,Bank Transfer,In-Store,USD,2,55.18,0.07,10.76,13.69,127.08,47.54,0.3741,WH-APAC-02,4,Pinnacle Supply Co,485,0,6,2,0,11.3,2026-01-02
CUST118299,Lukas Patel,18,Female,Consumer,Gold,Mexico,CDMX,Mexico City,Latin America,PRD20942,NestWell Smart Lighting 908,Smart Home,Smart Lighting,NestWell,TXN21000986,2026-02-02T05:06:00Z,2026-02-08T05:06:00Z,Bank Transfer,Mobile App,MXN,2,142.04,0.274,12.7,10.35,229.29,28.98,0.1264,WH-APAC-02,6,Meridian Traders,519,0,5,4,0,15.3,2026-01-02
CUST103087,Joseph Brown,50,Female,Corporate,Silver,Australia,Victoria,Geelong,Asia Pacific,PRD20327,HomeCraft Bedding 585,Home & Kitchen,Bedding,HomeCraft,TXN21000987,2026-02-21T04:54:00Z,2026-02-24T04:54:00Z,Cash on Delivery,In-Store,AUD,2,709.32,0.044,116.96,8.82,1482,544.76,0.3676,WH-EU-02,3,Vertex Distribution,558,0,4,3,0,14.9,2026-01-02
CUST108779,Emma Patel,18,Female,Home Office,Gold,Australia,Victoria,Melbourne,Asia Pacific,PRD20028,PeakGear Camping 134,Sports & Outdoors,Camping,PeakGear,TXN21000988,2026-02-01T03:13:00Z,2026-02-06T03:13:00Z,Debit Card,In-Store,AUD,5,110.89,0.074,90.17,2.88,606.47,213.57,0.3522,WH-EU-01,5,Meridian Traders,371,0,7,7,0,10.2,2026-01-02
CUST119116,Susan Roberts,19,Male,Consumer,Bronze,USA,California,Los Angeles,North America,PRD20743,NestWell Smart Lighting 724,Smart Home,Smart Lighting,NestWell,TXN21000989,2026-02-09T22:15:00Z,2026-02-17T22:15:00Z,Credit Card,Online,USD,3,328.55,0.087,122.16,2.61,1024.67,284.85,0.278,WH-NA-01,8,Summit Logistics Group,128,1,5,5,0,12.8,2026-01-02
CUST113318,Fatima Hall,40,Non-Binary,Consumer,Bronze,Germany,Hesse,Frankfurt,Europe,PRD21194,Domus Furniture 223,Home & Kitchen,Furniture,Domus,TXN21000990,2026-02-26T08:32:00Z,2026-03-02T08:32:00Z,Bank Transfer,In-Store,EUR,4,481.22,0.136,88.27,7.6,1758.97,562.06,0.3195,WH-NA-02,4,Vertex Distribution,578,0,5,4,1,15.8,2026-01-02
CUST115635,Carlos Smith,29,Male,Consumer,Gold,Japan,Kanto,Yokohama,Asia Pacific,PRD20492,Brava Womenswear 730,Apparel,Womenswear,Brava,TXN21000991,2026-02-27T16:16:00Z,2026-03-04T16:16:00Z,Bank Transfer,Marketplace,JPY,2,207.72,0.114,68.84,8.88,445.8,173.65,0.3895,WH-NA-01,5,GlobalSource Ltd,619,0,3,3,0,5.3,2026-01-02
CUST121879,William Sanchez,48,Male,Small Business,Silver,Canada,Quebec,Quebec City,North America,PRD20443,Bloom Wellness 936,Beauty & Personal Care,Wellness,Bloom,TXN21000992,2026-02-27T04:30:00Z,2026-03-02T04:30:00Z,Bank Transfer,In-Store,CAD,2,182.76,0.102,62.3,7.53,398.07,183.78,0.4617,WH-NA-02,3,Anchor Wholesale,632,0,2,3,1,5.6,2026-01-02
CUST120260,Haruto Torres,65,Male,Consumer,Bronze,India,Karnataka,Bangalore,Asia Pacific,PRD20766,Sonyx Headphones 391,Electronics,Headphones,Sonyx,TXN21000993,2026-02-14T10:32:00Z,2026-02-17T10:32:00Z,Credit Card,Online,INR,4,394.57,0.135,96.97,1.55,1463.73,249.05,0.1701,WH-NA-02,3,Anchor Wholesale,586,0,3,6,0,7.4,2026-01-02
CUST123807,Thomas Smith,38,Male,Consumer,Silver,Brazil,Rio de Janeiro,Rio de Janeiro City,Latin America,PRD21293,PlayWorks Puzzles 960,Toys & Games,Puzzles,PlayWorks,TXN21000994,2026-02-25T10:35:00Z,2026-03-05T10:35:00Z,Debit Card,In-Store,BRL,6,131.07,0.073,119.7,4.35,853.06,336.43,0.3944,WH-EU-01,8,Summit Logistics Group,204,0,6,8,0,6.4,2026-01-02
CUST111641,Lukas King,51,Male,Consumer,Gold,Germany,Berlin,Berlin,Europe,PRD20393,Domus Furniture 303,Home & Kitchen,Furniture,Domus,TXN21000995,2026-02-05T04:04:00Z,2026-02-11T04:04:00Z,Credit Card,In-Store,EUR,3,427.6,0.086,165.17,4.51,1342.16,438.72,0.3269,WH-NA-01,6,Vertex Distribution,386,0,2,3,0,3.7,2026-01-02
CUST110298,Robert Baker,28,Male,Consumer,Bronze,USA,Texas,Dallas,North America,PRD20597,FitWear Accessories 643,Apparel,Accessories,FitWear,TXN21000996,2026-02-13T00:17:00Z,2026-02-16T00:17:00Z,Credit Card,In-Store,USD,5,135.03,0.209,89.4,5.68,629.12,218.07,0.3466,WH-NA-01,3,Meridian Traders,493,0,3,5,1,3,2026-01-02
CUST108503,Fatima Robinson,49,Female,Consumer,Bronze,USA,California,San Francisco,North America,PRD20150,UrbanThread Kidswear 759,Apparel,Kidswear,UrbanThread,TXN21000997,2026-02-23T17:30:00Z,2026-03-02T17:30:00Z,Credit Card,Online,USD,3,33.22,0.078,11.44,14.38,117.71,45.25,0.3844,WH-APAC-02,7,Summit Logistics Group,235,0,4,5,0,5.3,2026-01-02
CUST105374,Michael Wright,53,Female,Consumer,Gold,Australia,New South Wales,Newcastle,Asia Pacific,PRD20808,Orchard Frozen Foods 221,Grocery,Frozen Foods,Orchard,TXN21000998,2026-02-09T17:06:00Z,2026-02-12T17:06:00Z,Debit Card,Mobile App,AUD,6,33.56,0.174,27.47,9.63,203.42,19.73,0.097,WH-NA-01,3,Vertex Distribution,539,0,8,9,1,9.3,2026-01-02
CUST102412,Ava Thompson,26,Female,Small Business,Bronze,France,Provence,Marseille,Europe,PRD20352,TechNova Laptops 639,Electronics,Laptops,TechNova,TXN21000999,2026-02-08T13:32:00Z,2026-02-12T13:32:00Z,Debit Card,Marketplace,EUR,4,1710.79,0.263,848.3,11.97,5903.68,203.93,0.0345,WH-APAC-01,4,Pinnacle Supply Co,549,0,4,5,1,4,2026-01-02
